OrderID,OrderDate,DateKeyInt,CustomerID,ProductID,Quantity,UnitPrice,Discount,SalesAmount,CostAmount,ProfitAmount
ORD100487,2024-01-01,20240101,CUST1128,PRD125,3,831.8,322.98,2172.42,1821.78,350.64
ORD102817,2024-01-01,20240101,CUST1234,PRD131,4,878.01,392.73,3119.31,1728.04,1391.27
ORD100331,2024-01-01,20240101,CUST1156,PRD131,5,878.01,631.58,3758.47,2160.05,1598.42
ORD101586,2024-01-01,20240101,CUST1024,PRD131,5,878.01,128.08,4261.97,2160.05,2101.92
ORD103856,2024-01-01,20240101,CUST1021,PRD131,5,878.01,464.53,3925.52,2160.05,1765.47
ORD103390,2024-01-01,20240101,CUST1105,PRD131,1,878.01,89.26,788.75,432.01,356.74
ORD104769,2024-01-01,20240101,CUST1188,PRD113,1,2682.38,276.56,2405.82,1570.24,835.58
ORD104452,2024-01-01,20240101,CUST1238,PRD116,1,6250.5,162.4,6088.1,4412.27,1675.83
ORD103145,2024-01-02,20240102,CUST1160,PRD115,4,2955.79,1620.45,10202.71,6196.72,4005.99
ORD105111,2024-01-02,20240102,CUST1058,PRD111,5,1653.05,883.86,7381.39,6079.1,1302.29
ORD104435,2024-01-02,20240102,CUST1075,PRD101,5,2720.52,573.96,13028.64,10155.95,2872.69
ORD100063,2024-01-02,20240102,CUST1132,PRD101,4,2720.52,718.6,10163.48,8124.76,2038.72
ORD104233,2024-01-02,20240102,CUST1172,PRD130,2,555.04,150.1,959.98,649.4,310.58
ORD100101,2024-01-02,20240102,CUST1102,PRD131,4,878.01,305.23,3206.81,1728.04,1478.77
ORD104510,2024-01-03,20240103,CUST1081,PRD125,2,831.8,189.05,1474.55,1214.52,260.03
ORD102418,2024-01-03,20240103,CUST1036,PRD120,3,11941.0,4374.61,31448.39,20903.22,10545.17
ORD101162,2024-01-03,20240103,CUST1249,PRD126,4,2373.84,165.11,9330.25,6603.4,2726.85
ORD104636,2024-01-03,20240103,CUST1024,PRD103,4,2340.88,596.25,8767.27,4924.64,3842.63
ORD103948,2024-01-03,20240103,CUST1195,PRD123,1,1667.88,204.51,1463.37,1219.94,243.43
ORD102894,2024-01-03,20240103,CUST1223,PRD110,5,1138.64,367.3,5325.9,2593.75,2732.15
ORD100032,2024-01-03,20240103,CUST1105,PRD127,4,2448.22,978.79,8814.09,5357.72,3456.37
ORD101970,2024-01-03,20240103,CUST1113,PRD125,3,831.8,256.13,2239.27,1821.78,417.49
ORD104037,2024-01-04,20240104,CUST1192,PRD103,5,2340.88,1419.25,10285.15,6155.8,4129.35
ORD105093,2024-01-04,20240104,CUST1204,PRD105,3,1128.05,42.17,3341.98,2489.25,852.73
ORD102392,2024-01-04,20240104,CUST1065,PRD110,5,1138.64,199.37,5493.83,2593.75,2900.08
ORD103647,2024-01-04,20240104,CUST1036,PRD124,5,1557.69,31.88,7756.57,4677.4,3079.17
ORD100799,2024-01-04,20240104,CUST1005,PRD131,5,878.01,157.48,4232.57,2160.05,2072.52
ORD103903,2024-01-04,20240104,CUST1229,PRD125,2,831.8,157.67,1505.93,1214.52,291.41
ORD103006,2024-01-04,20240104,CUST1151,PRD113,1,2682.38,307.2,2375.18,1570.24,804.94
ORD100651,2024-01-04,20240104,CUST1077,PRD127,2,2448.22,242.22,4654.22,2678.86,1975.36
ORD101183,2024-01-04,20240104,CUST1000,PRD113,4,2682.38,973.2,9756.32,6280.96,3475.36
ORD103664,2024-01-04,20240104,CUST1242,PRD116,1,6250.5,25.63,6224.87,4412.27,1812.6
ORD100668,2024-01-05,20240105,CUST1235,PRD131,2,878.01,188.68,1567.34,864.02,703.32
ORD102649,2024-01-05,20240105,CUST1205,PRD123,4,1667.88,77.1,6594.42,4879.76,1714.66
ORD104389,2024-01-05,20240105,CUST1238,PRD125,2,831.8,184.41,1479.19,1214.52,264.67
ORD101917,2024-01-05,20240105,CUST1169,PRD125,3,831.8,101.08,2394.32,1821.78,572.54
ORD103352,2024-01-05,20240105,CUST1080,PRD131,5,878.01,2.99,4387.06,2160.05,2227.01
ORD100284,2024-01-06,20240106,CUST1139,PRD122,2,1341.58,160.67,2522.49,1686.08,836.41
ORD102476,2024-01-06,20240106,CUST1147,PRD130,1,555.04,64.74,490.3,324.7,165.6
ORD101342,2024-01-06,20240106,CUST1130,PRD103,4,2340.88,28.07,9335.45,4924.64,4410.81
ORD103465,2024-01-06,20240106,CUST1172,PRD124,1,1557.69,184.61,1373.08,935.48,437.6
ORD104347,2024-01-06,20240106,CUST1246,PRD131,5,878.01,34.61,4355.44,2160.05,2195.39
ORD102189,2024-01-06,20240106,CUST1178,PRD103,4,2340.88,879.26,8484.26,4924.64,3559.62
ORD103732,2024-01-06,20240106,CUST1069,PRD125,3,831.8,273.01,2222.39,1821.78,400.61
ORD100488,2024-01-07,20240107,CUST1181,PRD131,4,878.01,392.26,3119.78,1728.04,1391.74
ORD101629,2024-01-07,20240107,CUST1093,PRD131,5,878.01,397.86,3992.19,2160.05,1832.14
ORD104967,2024-01-07,20240107,CUST1190,PRD131,1,878.01,45.82,832.19,432.01,400.18
ORD101987,2024-01-07,20240107,CUST1239,PRD109,4,740.34,79.5,2881.86,2205.6,676.26
ORD102547,2024-01-07,20240107,CUST1234,PRD112,3,2391.88,95.18,7080.46,4860.51,2219.95
ORD103254,2024-01-08,20240108,CUST1038,PRD113,3,2682.38,1116.73,6930.41,4710.72,2219.69
ORD104098,2024-01-08,20240108,CUST1218,PRD131,5,878.01,525.52,3864.53,2160.05,1704.48
ORD101694,2024-01-08,20240108,CUST1049,PRD104,4,8667.94,1619.68,33052.08,12402.12,20649.96
ORD101790,2024-01-09,20240109,CUST1246,PRD131,4,878.01,417.86,3094.18,1728.04,1366.14
ORD102217,2024-01-09,20240109,CUST1170,PRD125,5,831.8,97.11,4061.89,3036.3,1025.59
ORD103123,2024-01-09,20240109,CUST1218,PRD131,5,878.01,434.26,3955.79,2160.05,1795.74
ORD103495,2024-01-09,20240109,CUST1160,PRD122,1,1341.58,17.8,1323.78,843.04,480.74
ORD101714,2024-01-09,20240109,CUST1071,PRD103,3,2340.88,1033.67,5988.97,3693.48,2295.49
ORD103729,2024-01-09,20240109,CUST1124,PRD131,5,878.01,645.92,3744.13,2160.05,1584.08
ORD104964,2024-01-10,20240110,CUST1223,PRD113,1,2682.38,56.1,2626.28,1570.24,1056.04
ORD102813,2024-01-10,20240110,CUST1027,PRD116,3,6250.5,2168.48,16583.02,13236.81,3346.21
ORD104906,2024-01-10,20240110,CUST1141,PRD115,4,2955.79,1623.34,10199.82,6196.72,4003.1
ORD104141,2024-01-10,20240110,CUST1055,PRD113,1,2682.38,188.09,2494.29,1570.24,924.05
ORD103966,2024-01-10,20240110,CUST1188,PRD122,5,1341.58,816.46,5891.44,4215.2,1676.24
ORD102687,2024-01-11,20240111,CUST1001,PRD131,2,878.01,82.16,1673.86,864.02,809.84
ORD101079,2024-01-11,20240111,CUST1162,PRD107,5,14757.66,3046.59,70741.71,52616.9,18124.81
ORD101909,2024-01-11,20240111,CUST1244,PRD130,5,555.04,12.15,2763.05,1623.5,1139.55
ORD104042,2024-01-11,20240111,CUST1222,PRD131,5,878.01,441.01,3949.04,2160.05,1788.99
ORD104878,2024-01-11,20240111,CUST1133,PRD124,4,1557.69,872.41,5358.35,3741.92,1616.43
ORD104646,2024-01-12,20240112,CUST1162,PRD112,3,2391.88,777.25,6398.39,4860.51,1537.88
ORD105080,2024-01-12,20240112,CUST1066,PRD127,3,2448.22,426.09,6918.57,4018.29,2900.28
ORD103839,2024-01-12,20240112,CUST1047,PRD124,4,1557.69,76.36,6154.4,3741.92,2412.48
ORD104570,2024-01-12,20240112,CUST1143,PRD122,2,1341.58,53.43,2629.73,1686.08,943.65
ORD104978,2024-01-12,20240112,CUST1147,PRD131,5,878.01,385.54,4004.51,2160.05,1844.46
ORD101964,2024-01-12,20240112,CUST1042,PRD127,2,2448.22,518.36,4378.08,2678.86,1699.22
ORD101111,2024-01-12,20240112,CUST1226,PRD101,5,2720.52,132.12,13470.48,10155.95,3314.53
ORD104981,2024-01-12,20240112,CUST1025,PRD112,4,2391.88,743.78,8823.74,6480.68,2343.06
ORD102868,2024-01-12,20240112,CUST1228,PRD122,5,1341.58,430.08,6277.82,4215.2,2062.62
ORD103722,2024-01-12,20240112,CUST1042,PRD115,3,2955.79,653.32,8214.05,4647.54,3566.51
ORD103376,2024-01-13,20240113,CUST1123,PRD103,5,2340.88,1636.7,10067.7,6155.8,3911.9
ORD101436,2024-01-13,20240113,CUST1238,PRD105,4,1128.05,380.09,4132.11,3319.0,813.11
ORD102803,2024-01-13,20240113,CUST1177,PRD122,2,1341.58,180.38,2502.78,1686.08,816.7
ORD102314,2024-01-13,20240113,CUST1047,PRD131,1,878.01,28.76,849.25,432.01,417.24
ORD104507,2024-01-13,20240113,CUST1051,PRD131,3,878.01,264.65,2369.38,1296.03,1073.35
ORD100967,2024-01-13,20240113,CUST1180,PRD109,3,740.34,185.72,2035.3,1654.2,381.1
ORD101975,2024-01-14,20240114,CUST1204,PRD131,4,878.01,190.13,3321.91,1728.04,1593.87
ORD101746,2024-01-14,20240114,CUST1076,PRD109,1,740.34,25.43,714.91,551.4,163.51
ORD101784,2024-01-14,20240114,CUST1183,PRD124,1,1557.69,104.11,1453.58,935.48,518.1
ORD102331,2024-01-14,20240114,CUST1176,PRD131,4,878.01,78.76,3433.28,1728.04,1705.24
ORD104382,2024-01-15,20240115,CUST1105,PRD124,1,1557.69,17.73,1539.96,935.48,604.48
ORD105114,2024-01-15,20240115,CUST1192,PRD122,2,1341.58,347.25,2335.91,1686.08,649.83
ORD100185,2024-01-15,20240115,CUST1149,PRD122,5,1341.58,922.44,5785.46,4215.2,1570.26
ORD102777,2024-01-16,20240116,CUST1243,PRD131,5,878.01,6.13,4383.92,2160.05,2223.87
ORD104360,2024-01-16,20240116,CUST1014,PRD116,1,6250.5,592.44,5658.06,4412.27,1245.79
ORD100258,2024-01-16,20240116,CUST1087,PRD125,2,831.8,96.17,1567.43,1214.52,352.91
ORD101924,2024-01-16,20240116,CUST1157,PRD112,5,2391.88,1537.8,10421.6,8100.85,2320.75
ORD103102,2024-01-16,20240116,CUST1032,PRD109,2,740.34,68.45,1412.23,1102.8,309.43
ORD101698,2024-01-16,20240116,CUST1012,PRD110,2,1138.64,191.69,2085.59,1037.5,1048.09
ORD100227,2024-01-17,20240117,CUST1071,PRD125,5,831.8,100.09,4058.91,3036.3,1022.61
ORD101938,2024-01-17,20240117,CUST1016,PRD116,2,6250.5,1614.31,10886.69,8824.54,2062.15
ORD101699,2024-01-17,20240117,CUST1193,PRD107,1,14757.66,2142.03,12615.63,10523.38,2092.25
ORD100729,2024-01-18,20240118,CUST1111,PRD122,5,1341.58,437.71,6270.19,4215.2,2054.99
ORD100333,2024-01-18,20240118,CUST1098,PRD125,2,831.8,24.48,1639.12,1214.52,424.6
ORD101095,2024-01-18,20240118,CUST1000,PRD124,3,1557.69,564.24,4108.83,2806.44,1302.39
ORD103784,2024-01-18,20240118,CUST1050,PRD105,5,1128.05,258.37,5381.88,4148.75,1233.13
ORD104203,2024-01-18,20240118,CUST1081,PRD110,3,1138.64,337.66,3078.26,1556.25,1522.01
ORD103401,2024-01-18,20240118,CUST1008,PRD108,2,1410.45,191.71,2629.19,1526.04,1103.15
ORD104968,2024-01-18,20240118,CUST1176,PRD105,1,1128.05,161.93,966.12,829.75,136.37
ORD103097,2024-01-19,20240119,CUST1189,PRD130,5,555.04,141.75,2633.45,1623.5,1009.95
ORD103692,2024-01-19,20240119,CUST1190,PRD105,1,1128.05,90.39,1037.66,829.75,207.91
ORD102843,2024-01-19,20240119,CUST1233,PRD122,3,1341.58,235.86,3788.88,2529.12,1259.76
ORD104118,2024-01-19,20240119,CUST1194,PRD110,3,1138.64,55.68,3360.24,1556.25,1803.99
ORD102673,2024-01-19,20240119,CUST1100,PRD110,1,1138.64,27.69,1110.95,518.75,592.2
ORD100659,2024-01-20,20240120,CUST1099,PRD113,1,2682.38,250.96,2431.42,1570.24,861.18
ORD100301,2024-01-20,20240120,CUST1138,PRD131,2,878.01,193.48,1562.54,864.02,698.52
ORD102435,2024-01-20,20240120,CUST1006,PRD109,5,740.34,477.13,3224.57,2757.0,467.57
ORD100511,2024-01-20,20240120,CUST1138,PRD131,4,878.01,196.31,3315.73,1728.04,1587.69
ORD102887,2024-01-20,20240120,CUST1213,PRD109,3,740.34,316.72,1904.3,1654.2,250.1
ORD104163,2024-01-20,20240120,CUST1217,PRD109,4,740.34,350.01,2611.35,2205.6,405.75
ORD101419,2024-01-20,20240120,CUST1105,PRD103,3,2340.88,231.75,6790.89,3693.48,3097.41
ORD104875,2024-01-20,20240120,CUST1127,PRD124,2,1557.69,165.29,2950.09,1870.96,1079.13
ORD100461,2024-01-20,20240120,CUST1020,PRD115,2,2955.79,279.3,5632.28,3098.36,2533.92
ORD100391,2024-01-20,20240120,CUST1082,PRD130,3,555.04,154.06,1511.06,974.1,536.96
ORD103924,2024-01-20,20240120,CUST1135,PRD124,2,1557.69,367.94,2747.44,1870.96,876.48
ORD103913,2024-01-20,20240120,CUST1197,PRD127,3,2448.22,850.54,6494.12,4018.29,2475.83
ORD104508,2024-01-20,20240120,CUST1238,PRD116,3,6250.5,215.93,18535.57,13236.81,5298.76
ORD104269,2024-01-21,20240121,CUST1042,PRD122,2,1341.58,321.03,2362.13,1686.08,676.05
ORD105083,2024-01-21,20240121,CUST1053,PRD124,1,1557.69,97.57,1460.12,935.48,524.64
ORD102497,2024-01-21,20240121,CUST1050,PRD131,3,878.01,268.67,2365.36,1296.03,1069.33
ORD103273,2024-01-21,20240121,CUST1079,PRD127,3,2448.22,568.87,6775.79,4018.29,2757.5
ORD104373,2024-01-22,20240122,CUST1200,PRD124,3,1557.69,46.38,4626.69,2806.44,1820.25
ORD100058,2024-01-22,20240122,CUST1249,PRD125,2,831.8,167.16,1496.44,1214.52,281.92
ORD104457,2024-01-22,20240122,CUST1143,PRD120,3,11941.0,1223.28,34599.72,20903.22,13696.5
ORD102338,2024-01-22,20240122,CUST1017,PRD125,2,831.8,124.56,1539.04,1214.52,324.52
ORD104083,2024-01-23,20240123,CUST1132,PRD131,5,878.01,341.96,4048.09,2160.05,1888.04
ORD102016,2024-01-23,20240123,CUST1236,PRD131,5,878.01,603.81,3786.24,2160.05,1626.19
ORD105016,2024-01-23,20240123,CUST1038,PRD124,2,1557.69,266.43,2848.95,1870.96,977.99
ORD102335,2024-01-23,20240123,CUST1130,PRD113,2,2682.38,661.18,4703.58,3140.48,1563.1
ORD101464,2024-01-23,20240123,CUST1119,PRD113,3,2682.38,533.49,7513.65,4710.72,2802.93
ORD102847,2024-01-23,20240123,CUST1011,PRD130,5,555.04,215.16,2560.04,1623.5,936.54
ORD104381,2024-01-23,20240123,CUST1214,PRD104,5,8667.94,4766.47,38573.23,15502.65,23070.58
ORD101395,2024-01-23,20240123,CUST1226,PRD127,5,2448.22,123.37,12117.73,6697.15,5420.58
ORD104698,2024-01-23,20240123,CUST1199,PRD109,4,740.34,274.29,2687.07,2205.6,481.47
ORD102089,2024-01-24,20240124,CUST1157,PRD131,3,878.01,358.94,2275.09,1296.03,979.06
ORD100945,2024-01-24,20240124,CUST1030,PRD103,4,2340.88,568.83,8794.69,4924.64,3870.05
ORD103090,2024-01-24,20240124,CUST1110,PRD113,1,2682.38,317.09,2365.29,1570.24,795.05
ORD101593,2024-01-24,20240124,CUST1221,PRD113,1,2682.38,223.63,2458.75,1570.24,888.51
ORD102432,2024-01-24,20240124,CUST1123,PRD124,3,1557.69,305.2,4367.87,2806.44,1561.43
ORD100538,2024-01-24,20240124,CUST1143,PRD125,2,831.8,27.89,1635.71,1214.52,421.19
ORD101901,2024-01-24,20240124,CUST1120,PRD127,4,2448.22,1096.62,8696.26,5357.72,3338.54
ORD102929,2024-01-24,20240124,CUST1055,PRD131,4,878.01,18.65,3493.39,1728.04,1765.35
ORD100335,2024-01-24,20240124,CUST1164,PRD131,2,878.01,187.47,1568.55,864.02,704.53
ORD103974,2024-01-25,20240125,CUST1013,PRD113,2,2682.38,493.57,4871.19,3140.48,1730.71
ORD103175,2024-01-25,20240125,CUST1042,PRD103,3,2340.88,752.33,6270.31,3693.48,2576.83
ORD104198,2024-01-25,20240125,CUST1011,PRD110,2,1138.64,265.39,2011.89,1037.5,974.39
ORD103849,2024-01-25,20240125,CUST1072,PRD111,1,1653.05,161.09,1491.96,1215.82,276.14
ORD103150,2024-01-25,20240125,CUST1058,PRD116,1,6250.5,327.33,5923.17,4412.27,1510.9
ORD104247,2024-01-25,20240125,CUST1218,PRD116,4,6250.5,2661.53,22340.47,17649.08,4691.39
ORD102118,2024-01-25,20240125,CUST1183,PRD122,5,1341.58,544.62,6163.28,4215.2,1948.08
ORD102141,2024-01-25,20240125,CUST1243,PRD131,1,878.01,130.15,747.86,432.01,315.85
ORD104076,2024-01-25,20240125,CUST1120,PRD130,4,555.04,229.63,1990.53,1298.8,691.73
ORD102748,2024-01-25,20240125,CUST1011,PRD116,4,6250.5,1200.34,23801.66,17649.08,6152.58
ORD103460,2024-01-26,20240126,CUST1120,PRD101,1,2720.52,54.04,2666.48,2031.19,635.29
ORD100867,2024-01-26,20240126,CUST1063,PRD116,5,6250.5,3350.93,27901.57,22061.35,5840.22
ORD102804,2024-01-26,20240126,CUST1049,PRD131,2,878.01,131.63,1624.39,864.02,760.37
ORD101272,2024-01-26,20240126,CUST1184,PRD103,4,2340.88,1018.53,8344.99,4924.64,3420.35
ORD100385,2024-01-26,20240126,CUST1062,PRD127,2,2448.22,475.31,4421.13,2678.86,1742.27
ORD104236,2024-01-27,20240127,CUST1166,PRD101,4,2720.52,1496.19,9385.89,8124.76,1261.13
ORD105211,2024-01-27,20240127,CUST1221,PRD109,5,740.34,373.19,3328.51,2757.0,571.51
ORD100775,2024-01-27,20240127,CUST1036,PRD109,5,740.34,483.06,3218.64,2757.0,461.64
ORD102137,2024-01-27,20240127,CUST1095,PRD116,4,6250.5,33.07,24968.93,17649.08,7319.85
ORD100028,2024-01-27,20240127,CUST1042,PRD124,2,1557.69,220.91,2894.47,1870.96,1023.51
ORD104755,2024-01-27,20240127,CUST1248,PRD110,4,1138.64,38.37,4516.19,2075.0,2441.19
ORD102699,2024-01-27,20240127,CUST1092,PRD108,3,1410.45,193.25,4038.1,2289.06,1749.04
ORD103371,2024-01-27,20240127,CUST1151,PRD131,5,878.01,251.62,4138.43,2160.05,1978.38
ORD104368,2024-01-28,20240128,CUST1160,PRD122,5,1341.58,174.84,6533.06,4215.2,2317.86
ORD102719,2024-01-28,20240128,CUST1110,PRD110,2,1138.64,267.99,2009.29,1037.5,971.79
ORD101658,2024-01-28,20240128,CUST1147,PRD125,1,831.8,114.46,717.34,607.26,110.08
ORD104087,2024-01-28,20240128,CUST1107,PRD122,1,1341.58,152.44,1189.14,843.04,346.1
ORD105148,2024-01-28,20240128,CUST1054,PRD110,2,1138.64,147.35,2129.93,1037.5,1092.43
ORD101470,2024-01-28,20240128,CUST1073,PRD125,3,831.8,12.29,2483.11,1821.78,661.33
ORD103904,2024-01-28,20240128,CUST1230,PRD103,3,2340.88,801.94,6220.7,3693.48,2527.22
ORD104027,2024-01-28,20240128,CUST1229,PRD116,2,6250.5,746.43,11754.57,8824.54,2930.03
ORD101550,2024-01-28,20240128,CUST1004,PRD124,5,1557.69,591.98,7196.47,4677.4,2519.07
ORD105127,2024-01-29,20240129,CUST1177,PRD101,5,2720.52,1729.83,11872.77,10155.95,1716.82
ORD102044,2024-01-29,20240129,CUST1018,PRD125,5,831.8,133.04,4025.96,3036.3,989.66
ORD103837,2024-01-29,20240129,CUST1249,PRD123,3,1667.88,133.55,4870.09,3659.82,1210.27
ORD100653,2024-01-29,20240129,CUST1240,PRD101,5,2720.52,2002.46,11600.14,10155.95,1444.19
ORD104202,2024-01-29,20240129,CUST1126,PRD131,1,878.01,56.7,821.31,432.01,389.3
ORD104550,2024-01-29,20240129,CUST1078,PRD124,1,1557.69,13.57,1544.12,935.48,608.64
ORD100285,2024-01-29,20240129,CUST1137,PRD103,3,2340.88,171.71,6850.93,3693.48,3157.45
ORD104787,2024-01-29,20240129,CUST1066,PRD109,5,740.34,215.4,3486.3,2757.0,729.3
ORD102081,2024-01-29,20240129,CUST1214,PRD125,4,831.8,113.1,3214.1,2429.04,785.06
ORD104802,2024-01-29,20240129,CUST1230,PRD110,4,1138.64,444.3,4110.26,2075.0,2035.26
ORD101203,2024-01-29,20240129,CUST1195,PRD101,4,2720.52,1354.77,9527.31,8124.76,1402.55
ORD102388,2024-01-29,20240129,CUST1212,PRD125,2,831.8,5.71,1657.89,1214.52,443.37
ORD102532,2024-01-30,20240130,CUST1118,PRD101,1,2720.52,368.11,2352.41,2031.19,321.22
ORD103271,2024-01-30,20240130,CUST1138,PRD125,5,831.8,285.26,3873.74,3036.3,837.44
ORD100782,2024-01-30,20240130,CUST1076,PRD130,5,555.04,351.49,2423.71,1623.5,800.21
ORD105040,2024-01-30,20240130,CUST1158,PRD103,4,2340.88,1189.14,8174.38,4924.64,3249.74
ORD100741,2024-01-30,20240130,CUST1025,PRD105,5,1128.05,582.6,5057.65,4148.75,908.9
ORD104354,2024-01-30,20240130,CUST1187,PRD131,4,878.01,228.14,3283.9,1728.04,1555.86
ORD100138,2024-01-30,20240130,CUST1016,PRD109,1,740.34,78.92,661.42,551.4,110.02
ORD103899,2024-01-30,20240130,CUST1118,PRD110,3,1138.64,153.74,3262.18,1556.25,1705.93
ORD101953,2024-01-31,20240131,CUST1088,PRD103,1,2340.88,287.07,2053.81,1231.16,822.65
ORD102861,2024-01-31,20240131,CUST1223,PRD122,5,1341.58,770.22,5937.68,4215.2,1722.48
ORD102041,2024-01-31,20240131,CUST1232,PRD101,5,2720.52,624.14,12978.46,10155.95,2822.51
ORD104036,2024-02-01,20240201,CUST1058,PRD122,4,1341.58,204.43,5161.89,3372.16,1789.73
ORD101766,2024-02-01,20240201,CUST1057,PRD124,5,1557.69,967.58,6820.87,4677.4,2143.47
ORD103828,2024-02-01,20240201,CUST1115,PRD130,5,555.04,412.94,2362.26,1623.5,738.76
ORD102353,2024-02-02,20240202,CUST1217,PRD115,3,2955.79,1068.74,7798.63,4647.54,3151.09
ORD103265,2024-02-02,20240202,CUST1242,PRD112,2,2391.88,363.67,4420.09,3240.34,1179.75
ORD100790,2024-02-02,20240202,CUST1062,PRD115,3,2955.79,667.67,8199.7,4647.54,3552.16
ORD100427,2024-02-02,20240202,CUST1227,PRD130,1,555.04,25.02,530.02,324.7,205.32
ORD101741,2024-02-03,20240203,CUST1130,PRD103,4,2340.88,796.74,8566.78,4924.64,3642.14
ORD101757,2024-02-03,20240203,CUST1191,PRD113,4,2682.38,230.15,10499.37,6280.96,4218.41
ORD103866,2024-02-03,20240203,CUST1155,PRD124,3,1557.69,371.95,4301.12,2806.44,1494.68
ORD101001,2024-02-03,20240203,CUST1152,PRD101,2,2720.52,666.12,4774.92,4062.38,712.54
ORD104115,2024-02-04,20240204,CUST1159,PRD124,3,1557.69,39.59,4633.48,2806.44,1827.04
ORD102549,2024-02-04,20240204,CUST1236,PRD124,2,1557.69,425.45,2689.93,1870.96,818.97
ORD104800,2024-02-04,20240204,CUST1232,PRD101,3,2720.52,265.51,7896.05,6093.57,1802.48
ORD101888,2024-02-04,20240204,CUST1013,PRD110,3,1138.64,369.7,3046.22,1556.25,1489.97
ORD100883,2024-02-05,20240205,CUST1191,PRD115,2,2955.79,623.23,5288.35,3098.36,2189.99
ORD102655,2024-02-05,20240205,CUST1056,PRD125,2,831.8,135.84,1527.76,1214.52,313.24
ORD100463,2024-02-06,20240206,CUST1210,PRD113,5,2682.38,48.18,13363.72,7851.2,5512.52
ORD102177,2024-02-06,20240206,CUST1211,PRD108,2,1410.45,13.14,2807.76,1526.04,1281.72
ORD102705,2024-02-06,20240206,CUST1053,PRD103,5,2340.88,0.24,11704.16,6155.8,5548.36
ORD100085,2024-02-06,20240206,CUST1229,PRD105,1,1128.05,57.18,1070.87,829.75,241.12
ORD104984,2024-02-06,20240206,CUST1197,PRD110,1,1138.64,26.0,1112.64,518.75,593.89
ORD101536,2024-02-07,20240207,CUST1145,PRD124,3,1557.69,501.97,4171.1,2806.44,1364.66
ORD102506,2024-02-07,20240207,CUST1248,PRD109,1,740.34,57.35,682.99,551.4,131.59
ORD102938,2024-02-07,20240207,CUST1094,PRD125,5,831.8,325.49,3833.51,3036.3,797.21
ORD104704,2024-02-07,20240207,CUST1095,PRD126,2,2373.84,305.07,4442.61,3301.7,1140.91
ORD100348,2024-02-07,20240207,CUST1194,PRD122,2,1341.58,46.83,2636.33,1686.08,950.25
ORD102733,2024-02-07,20240207,CUST1219,PRD101,3,2720.52,646.4,7515.16,6093.57,1421.59
ORD101400,2024-02-07,20240207,CUST1199,PRD113,1,2682.38,53.47,2628.91,1570.24,1058.67
ORD102172,2024-02-07,20240207,CUST1007,PRD125,4,831.8,192.89,3134.31,2429.04,705.27
ORD100544,2024-02-07,20240207,CUST1024,PRD122,4,1341.58,425.14,4941.18,3372.16,1569.02
ORD104766,2024-02-08,20240208,CUST1067,PRD124,3,1557.69,283.12,4389.95,2806.44,1583.51
ORD100090,2024-02-09,20240209,CUST1223,PRD128,4,577.0,148.41,2159.59,1547.68,611.91
ORD103289,2024-02-09,20240209,CUST1147,PRD130,4,555.04,140.89,2079.27,1298.8,780.47
ORD103773,2024-02-09,20240209,CUST1224,PRD101,3,2720.52,292.83,7868.73,6093.57,1775.16
ORD103201,2024-02-10,20240210,CUST1099,PRD110,1,1138.64,130.83,1007.81,518.75,489.06
ORD103879,2024-02-10,20240210,CUST1236,PRD110,3,1138.64,57.12,3358.8,1556.25,1802.55
ORD100527,2024-02-10,20240210,CUST1199,PRD113,3,2682.38,379.36,7667.78,4710.72,2957.06
ORD101389,2024-02-10,20240210,CUST1137,PRD129,1,372.05,55.59,316.46,228.55,87.91
ORD104312,2024-02-11,20240211,CUST1186,PRD109,5,740.34,71.76,3629.94,2757.0,872.94
ORD103296,2024-02-11,20240211,CUST1230,PRD122,1,1341.58,59.47,1282.11,843.04,439.07
ORD101307,2024-02-11,20240211,CUST1011,PRD113,3,2682.38,1072.82,6974.32,4710.72,2263.6
ORD104730,2024-02-11,20240211,CUST1067,PRD120,3,11941.0,4456.24,31366.76,20903.22,10463.54
ORD101680,2024-02-11,20240211,CUST1059,PRD131,1,878.01,92.19,785.82,432.01,353.81
ORD102486,2024-02-11,20240211,CUST1208,PRD122,1,1341.58,148.79,1192.79,843.04,349.75
ORD103835,2024-02-11,20240211,CUST1212,PRD122,5,1341.58,231.43,6476.47,4215.2,2261.27
ORD103868,2024-02-11,20240211,CUST1112,PRD101,1,2720.52,400.68,2319.84,2031.19,288.65
ORD101439,2024-02-12,20240212,CUST1038,PRD127,4,2448.22,127.88,9665.0,5357.72,4307.28
ORD102654,2024-02-12,20240212,CUST1029,PRD101,4,2720.52,585.57,10296.51,8124.76,2171.75
ORD101155,2024-02-12,20240212,CUST1091,PRD108,5,1410.45,593.62,6458.63,3815.1,2643.53
ORD100679,2024-02-12,20240212,CUST1027,PRD109,1,740.34,83.73,656.61,551.4,105.21
ORD101089,2024-02-13,20240213,CUST1246,PRD105,2,1128.05,209.95,2046.15,1659.5,386.65
ORD101160,2024-02-13,20240213,CUST1029,PRD101,5,2720.52,1244.71,12357.89,10155.95,2201.94
ORD102627,2024-02-13,20240213,CUST1012,PRD120,3,11941.0,2752.86,33070.14,20903.22,12166.92
ORD102971,2024-02-13,20240213,CUST1084,PRD109,5,740.34,354.05,3347.65,2757.0,590.65
ORD100798,2024-02-13,20240213,CUST1146,PRD103,1,2340.88,209.71,2131.17,1231.16,900.01
ORD102212,2024-02-13,20240213,CUST1146,PRD131,4,878.01,521.78,2990.26,1728.04,1262.22
ORD103470,2024-02-13,20240213,CUST1160,PRD101,5,2720.52,1054.76,12547.84,10155.95,2391.89
ORD101802,2024-02-14,20240214,CUST1218,PRD112,5,2391.88,140.34,11819.06,8100.85,3718.21
ORD101433,2024-02-14,20240214,CUST1213,PRD122,1,1341.58,161.33,1180.25,843.04,337.21
ORD102519,2024-02-14,20240214,CUST1202,PRD125,3,831.8,279.02,2216.38,1821.78,394.6
ORD102297,2024-02-14,20240214,CUST1160,PRD130,4,555.04,51.61,2168.55,1298.8,869.75
ORD103081,2024-02-14,20240214,CUST1200,PRD131,4,878.01,502.89,3009.15,1728.04,1281.11
ORD104612,2024-02-14,20240214,CUST1164,PRD125,1,831.8,8.37,823.43,607.26,216.17
ORD104813,2024-02-14,20240214,CUST1216,PRD101,4,2720.52,978.58,9903.5,8124.76,1778.74
ORD100974,2024-02-14,20240214,CUST1115,PRD105,1,1128.05,45.44,1082.61,829.75,252.86
ORD100429,2024-02-14,20240214,CUST1174,PRD131,2,878.01,261.15,1494.87,864.02,630.85
ORD103577,2024-02-14,20240214,CUST1070,PRD131,4,878.01,244.51,3267.53,1728.04,1539.49
ORD100106,2024-02-15,20240215,CUST1156,PRD122,5,1341.58,339.57,6368.33,4215.2,2153.13
ORD103812,2024-02-15,20240215,CUST1047,PRD101,1,2720.52,280.53,2439.99,2031.19,408.8
ORD103950,2024-02-15,20240215,CUST1105,PRD124,5,1557.69,64.65,7723.8,4677.4,3046.4
ORD104767,2024-02-15,20240215,CUST1060,PRD130,5,555.04,92.09,2683.11,1623.5,1059.61
ORD104999,2024-02-15,20240215,CUST1067,PRD131,5,878.01,264.87,4125.18,2160.05,1965.13
ORD100811,2024-02-16,20240216,CUST1180,PRD131,2,878.01,248.61,1507.41,864.02,643.39
ORD103332,2024-02-16,20240216,CUST1091,PRD131,5,878.01,236.5,4153.55,2160.05,1993.5
ORD104045,2024-02-16,20240216,CUST1149,PRD122,3,1341.58,177.98,3846.76,2529.12,1317.64
ORD104309,2024-02-16,20240216,CUST1124,PRD131,5,878.01,614.28,3775.77,2160.05,1615.72
ORD100887,2024-02-16,20240216,CUST1058,PRD105,4,1128.05,468.77,4043.43,3319.0,724.43
ORD103653,2024-02-17,20240217,CUST1169,PRD131,1,878.01,106.63,771.38,432.01,339.37
ORD103573,2024-02-18,20240218,CUST1184,PRD115,5,2955.79,714.33,14064.62,7745.9,6318.72
ORD100728,2024-02-18,20240218,CUST1008,PRD125,1,831.8,2.92,828.88,607.26,221.62
ORD103059,2024-02-18,20240218,CUST1043,PRD113,1,2682.38,390.03,2292.35,1570.24,722.11
ORD100958,2024-02-18,20240218,CUST1057,PRD124,3,1557.69,57.84,4615.23,2806.44,1808.79
ORD102478,2024-02-18,20240218,CUST1045,PRD112,1,2391.88,254.13,2137.75,1620.17,517.58
ORD102434,2024-02-18,20240218,CUST1168,PRD120,3,11941.0,1172.66,34650.34,20903.22,13747.12
ORD102273,2024-02-19,20240219,CUST1178,PRD125,4,831.8,25.91,3301.29,2429.04,872.25
ORD102218,2024-02-19,20240219,CUST1088,PRD104,5,8667.94,5554.51,37785.19,15502.65,22282.54
ORD103851,2024-02-19,20240219,CUST1088,PRD110,2,1138.64,230.43,2046.85,1037.5,1009.35
ORD102607,2024-02-19,20240219,CUST1021,PRD124,3,1557.69,274.18,4398.89,2806.44,1592.45
ORD102129,2024-02-19,20240219,CUST1171,PRD105,1,1128.05,59.24,1068.81,829.75,239.06
ORD100377,2024-02-19,20240219,CUST1016,PRD124,4,1557.69,337.03,5893.73,3741.92,2151.81
ORD105214,2024-02-20,20240220,CUST1065,PRD131,4,878.01,204.8,3307.24,1728.04,1579.2
ORD104280,2024-02-20,20240220,CUST1211,PRD130,5,555.04,50.13,2725.07,1623.5,1101.57
ORD102621,2024-02-20,20240220,CUST1116,PRD125,1,831.8,54.44,777.36,607.26,170.1
ORD102468,2024-02-20,20240220,CUST1181,PRD124,5,1557.69,49.06,7739.39,4677.4,3061.99
ORD100722,2024-02-20,20240220,CUST1107,PRD108,5,1410.45,751.64,6300.61,3815.1,2485.51
ORD101127,2024-02-20,20240220,CUST1005,PRD131,2,878.01,72.75,1683.27,864.02,819.25
ORD103725,2024-02-20,20240220,CUST1013,PRD101,4,2720.52,1481.99,9400.09,8124.76,1275.33
ORD101354,2024-02-21,20240221,CUST1177,PRD124,1,1557.69,56.3,1501.39,935.48,565.91
ORD105050,2024-02-21,20240221,CUST1143,PRD101,2,2720.52,104.96,5336.08,4062.38,1273.7
ORD100620,2024-02-21,20240221,CUST1126,PRD122,5,1341.58,909.22,5798.68,4215.2,1583.48
ORD103605,2024-02-21,20240221,CUST1096,PRD129,4,372.05,165.82,1322.38,914.2,408.18
ORD101050,2024-02-21,20240221,CUST1197,PRD131,4,878.01,0.75,3511.29,1728.04,1783.25
ORD103845,2024-02-21,20240221,CUST1184,PRD131,2,878.01,58.42,1697.6,864.02,833.58
ORD101286,2024-02-22,20240222,CUST1063,PRD116,1,6250.5,602.58,5647.92,4412.27,1235.65
ORD101236,2024-02-22,20240222,CUST1060,PRD127,4,2448.22,599.64,9193.24,5357.72,3835.52
ORD100066,2024-02-22,20240222,CUST1105,PRD122,2,1341.58,154.95,2528.21,1686.08,842.13
ORD104041,2024-02-22,20240222,CUST1056,PRD101,1,2720.52,257.41,2463.11,2031.19,431.92
ORD101460,2024-02-22,20240222,CUST1215,PRD131,5,878.01,153.21,4236.84,2160.05,2076.79
ORD101858,2024-02-22,20240222,CUST1008,PRD127,3,2448.22,797.56,6547.1,4018.29,2528.81
ORD101568,2024-02-22,20240222,CUST1102,PRD129,2,372.05,62.97,681.13,457.1,224.03
ORD102389,2024-02-23,20240223,CUST1245,PRD109,3,740.34,109.85,2111.17,1654.2,456.97
ORD104592,2024-02-23,20240223,CUST1174,PRD131,4,878.01,452.73,3059.31,1728.04,1331.27
ORD104689,2024-02-23,20240223,CUST1043,PRD108,3,1410.45,70.74,4160.61,2289.06,1871.55
ORD105059,2024-02-23,20240223,CUST1086,PRD122,3,1341.58,553.65,3471.09,2529.12,941.97
ORD101463,2024-02-24,20240224,CUST1090,PRD101,3,2720.52,615.73,7545.83,6093.57,1452.26
ORD101533,2024-02-24,20240224,CUST1222,PRD108,1,1410.45,147.31,1263.14,763.02,500.12
ORD100030,2024-02-24,20240224,CUST1046,PRD131,3,878.01,194.44,2439.59,1296.03,1143.56
ORD101812,2024-02-24,20240224,CUST1140,PRD123,3,1667.88,74.77,4928.87,3659.82,1269.05
ORD103237,2024-02-24,20240224,CUST1133,PRD116,1,6250.5,487.89,5762.61,4412.27,1350.34
ORD103333,2024-02-25,20240225,CUST1208,PRD103,1,2340.88,328.16,2012.72,1231.16,781.56
ORD104341,2024-02-25,20240225,CUST1038,PRD131,5,878.01,552.91,3837.14,2160.05,1677.09
ORD104276,2024-02-25,20240225,CUST1107,PRD105,2,1128.05,117.89,2138.21,1659.5,478.71
ORD102482,2024-02-25,20240225,CUST1087,PRD112,5,2391.88,537.83,11421.57,8100.85,3320.72
ORD103887,2024-02-26,20240226,CUST1181,PRD124,1,1557.69,30.9,1526.79,935.48,591.31
ORD103881,2024-02-26,20240226,CUST1111,PRD122,5,1341.58,594.09,6113.81,4215.2,1898.61
ORD102891,2024-02-26,20240226,CUST1051,PRD120,2,11941.0,1047.49,22834.51,13935.48,8899.03
ORD100520,2024-02-26,20240226,CUST1073,PRD116,5,6250.5,2366.61,28885.89,22061.35,6824.54
ORD101965,2024-02-26,20240226,CUST1112,PRD103,4,2340.88,125.42,9238.1,4924.64,4313.46
ORD104383,2024-02-27,20240227,CUST1140,PRD116,3,6250.5,2482.99,16268.51,13236.81,3031.7
ORD104941,2024-02-27,20240227,CUST1051,PRD103,1,2340.88,295.31,2045.57,1231.16,814.41
ORD105006,2024-02-27,20240227,CUST1005,PRD125,4,831.8,438.97,2888.23,2429.04,459.19
ORD101800,2024-02-27,20240227,CUST1064,PRD116,4,6250.5,1202.15,23799.85,17649.08,6150.77
ORD105035,2024-02-27,20240227,CUST1180,PRD113,3,2682.38,1147.85,6899.29,4710.72,2188.57
ORD104164,2024-02-28,20240228,CUST1220,PRD113,4,2682.38,67.91,10661.61,6280.96,4380.65
ORD102438,2024-02-28,20240228,CUST1075,PRD124,1,1557.69,163.12,1394.57,935.48,459.09
ORD102865,2024-02-28,20240228,CUST1193,PRD131,4,878.01,357.34,3154.7,1728.04,1426.66
ORD103611,2024-02-28,20240228,CUST1015,PRD104,5,8667.94,5176.63,38163.07,15502.65,22660.42
ORD101109,2024-02-29,20240229,CUST1236,PRD101,1,2720.52,120.01,2600.51,2031.19,569.32
ORD104814,2024-02-29,20240229,CUST1066,PRD113,5,2682.38,696.45,12715.45,7851.2,4864.25
ORD103244,2024-02-29,20240229,CUST1086,PRD122,5,1341.58,633.72,6074.18,4215.2,1858.98
ORD100763,2024-02-29,20240229,CUST1017,PRD124,2,1557.69,66.33,3049.05,1870.96,1178.09
ORD102340,2024-02-29,20240229,CUST1083,PRD130,3,555.04,183.04,1482.08,974.1,507.98
ORD101556,2024-03-01,20240301,CUST1016,PRD113,3,2682.38,520.19,7526.95,4710.72,2816.23
ORD102976,2024-03-01,20240301,CUST1008,PRD106,4,1484.26,200.78,5736.26,3678.24,2058.02
ORD102375,2024-03-01,20240301,CUST1157,PRD124,5,1557.69,1049.26,6739.19,4677.4,2061.79
ORD104723,2024-03-01,20240301,CUST1072,PRD108,5,1410.45,962.08,6090.17,3815.1,2275.07
ORD100658,2024-03-01,20240301,CUST1115,PRD110,2,1138.64,144.06,2133.22,1037.5,1095.72
ORD101773,2024-03-01,20240301,CUST1165,PRD124,3,1557.69,421.05,4252.02,2806.44,1445.58
ORD103606,2024-03-02,20240302,CUST1037,PRD124,2,1557.69,259.51,2855.87,1870.96,984.91
ORD103764,2024-03-02,20240302,CUST1234,PRD131,1,878.01,58.75,819.26,432.01,387.25
ORD103947,2024-03-03,20240303,CUST1015,PRD103,3,2340.88,711.12,6311.52,3693.48,2618.04
ORD103491,2024-03-03,20240303,CUST1040,PRD103,4,2340.88,1198.17,8165.35,4924.64,3240.71
ORD100423,2024-03-03,20240303,CUST1118,PRD131,5,878.01,346.8,4043.25,2160.05,1883.2
ORD104137,2024-03-03,20240303,CUST1093,PRD131,1,878.01,77.21,800.8,432.01,368.79
ORD104113,2024-03-03,20240303,CUST1217,PRD122,4,1341.58,42.16,5324.16,3372.16,1952.0
ORD101273,2024-03-03,20240303,CUST1018,PRD116,1,6250.5,244.16,6006.34,4412.27,1594.07
ORD104891,2024-03-03,20240303,CUST1247,PRD122,2,1341.58,9.43,2673.73,1686.08,987.65
ORD104947,2024-03-03,20240303,CUST1120,PRD125,1,831.8,74.61,757.19,607.26,149.93
ORD101468,2024-03-03,20240303,CUST1081,PRD125,2,831.8,213.16,1450.44,1214.52,235.92
ORD105130,2024-03-04,20240304,CUST1098,PRD109,5,740.34,24.02,3677.68,2757.0,920.68
ORD100566,2024-03-04,20240304,CUST1246,PRD110,2,1138.64,12.85,2264.43,1037.5,1226.93
ORD104617,2024-03-04,20240304,CUST1202,PRD131,3,878.01,145.88,2488.15,1296.03,1192.12
ORD100380,2024-03-04,20240304,CUST1056,PRD116,2,6250.5,1400.6,11100.4,8824.54,2275.86
ORD103734,2024-03-04,20240304,CUST1034,PRD122,4,1341.58,635.42,4730.9,3372.16,1358.74
ORD104326,2024-03-04,20240304,CUST1115,PRD113,4,2682.38,500.96,10228.56,6280.96,3947.6
ORD102903,2024-03-04,20240304,CUST1095,PRD131,4,878.01,204.36,3307.68,1728.04,1579.64
ORD101239,2024-03-04,20240304,CUST1130,PRD116,5,6250.5,1994.56,29257.94,22061.35,7196.59
ORD100866,2024-03-04,20240304,CUST1181,PRD123,5,1667.88,82.96,8256.44,6099.7,2156.74
ORD102948,2024-03-04,20240304,CUST1147,PRD125,3,831.8,180.17,2315.23,1821.78,493.45
ORD101539,2024-03-04,20240304,CUST1198,PRD124,5,1557.69,532.78,7255.67,4677.4,2578.27
ORD102250,2024-03-05,20240305,CUST1012,PRD130,4,555.04,0.77,2219.39,1298.8,920.59
ORD104806,2024-03-05,20240305,CUST1073,PRD124,2,1557.69,124.08,2991.3,1870.96,1120.34
ORD101462,2024-03-05,20240305,CUST1226,PRD131,4,878.01,387.46,3124.58,1728.04,1396.54
ORD104915,2024-03-05,20240305,CUST1031,PRD116,2,6250.5,601.5,11899.5,8824.54,3074.96
ORD102916,2024-03-05,20240305,CUST1091,PRD127,4,2448.22,1443.96,8348.92,5357.72,2991.2
ORD104029,2024-03-05,20240305,CUST1104,PRD108,1,1410.45,48.51,1361.94,763.02,598.92
ORD101852,2024-03-05,20240305,CUST1103,PRD108,1,1410.45,187.88,1222.57,763.02,459.55
ORD103199,2024-03-05,20240305,CUST1131,PRD124,5,1557.69,459.3,7329.15,4677.4,2651.75
ORD103417,2024-03-05,20240305,CUST1245,PRD131,2,878.01,112.62,1643.4,864.02,779.38
ORD104879,2024-03-06,20240306,CUST1127,PRD131,4,878.01,328.27,3183.77,1728.04,1455.73
ORD104088,2024-03-06,20240306,CUST1069,PRD131,4,878.01,173.63,3338.41,1728.04,1610.37
ORD102103,2024-03-06,20240306,CUST1015,PRD125,1,831.8,86.63,745.17,607.26,137.91
ORD102483,2024-03-06,20240306,CUST1085,PRD122,4,1341.58,630.26,4736.06,3372.16,1363.9
ORD100047,2024-03-06,20240306,CUST1074,PRD116,4,6250.5,3391.41,21610.59,17649.08,3961.51
ORD101210,2024-03-06,20240306,CUST1213,PRD130,3,555.04,110.63,1554.49,974.1,580.39
ORD101456,2024-03-06,20240306,CUST1195,PRD112,2,2391.88,457.04,4326.72,3240.34,1086.38
ORD100857,2024-03-06,20240306,CUST1021,PRD103,4,2340.88,356.98,9006.54,4924.64,4081.9
ORD101984,2024-03-07,20240307,CUST1037,PRD131,3,878.01,17.95,2616.08,1296.03,1320.05
ORD100909,2024-03-07,20240307,CUST1116,PRD127,2,2448.22,479.96,4416.48,2678.86,1737.62
ORD104775,2024-03-07,20240307,CUST1219,PRD103,1,2340.88,142.88,2198.0,1231.16,966.84
ORD103628,2024-03-07,20240307,CUST1180,PRD103,4,2340.88,234.84,9128.68,4924.64,4204.04
ORD100134,2024-03-07,20240307,CUST1208,PRD113,2,2682.38,517.46,4847.3,3140.48,1706.82
ORD102683,2024-03-07,20240307,CUST1149,PRD103,2,2340.88,109.57,4572.19,2462.32,2109.87
ORD104791,2024-03-08,20240308,CUST1132,PRD125,5,831.8,619.23,3539.77,3036.3,503.47
ORD104393,2024-03-08,20240308,CUST1197,PRD110,1,1138.64,120.77,1017.87,518.75,499.12
ORD104154,2024-03-08,20240308,CUST1202,PRD125,3,831.8,155.91,2339.49,1821.78,517.71
ORD102332,2024-03-08,20240308,CUST1080,PRD103,5,2340.88,1420.87,10283.53,6155.8,4127.73
ORD100177,2024-03-08,20240308,CUST1195,PRD116,5,6250.5,2368.02,28884.48,22061.35,6823.13
ORD102405,2024-03-08,20240308,CUST1091,PRD127,5,2448.22,1494.62,10746.48,6697.15,4049.33
ORD101961,2024-03-08,20240308,CUST1174,PRD123,5,1667.88,312.36,8027.04,6099.7,1927.34
ORD100399,2024-03-08,20240308,CUST1124,PRD131,1,878.01,75.89,802.12,432.01,370.11
ORD102370,2024-03-09,20240309,CUST1059,PRD131,4,878.01,428.9,3083.14,1728.04,1355.1
ORD102132,2024-03-09,20240309,CUST1009,PRD112,3,2391.88,55.14,7120.5,4860.51,2259.99
ORD103393,2024-03-09,20240309,CUST1101,PRD109,4,740.34,309.81,2651.55,2205.6,445.95
ORD103932,2024-03-09,20240309,CUST1038,PRD110,5,1138.64,30.35,5662.85,2593.75,3069.1
ORD100823,2024-03-09,20240309,CUST1030,PRD131,3,878.01,349.57,2284.46,1296.03,988.43
ORD102138,2024-03-09,20240309,CUST1006,PRD127,4,2448.22,842.06,8950.82,5357.72,3593.1
ORD101357,2024-03-09,20240309,CUST1220,PRD124,2,1557.69,147.7,2967.68,1870.96,1096.72
ORD103161,2024-03-09,20240309,CUST1125,PRD122,1,1341.58,89.77,1251.81,843.04,408.77
ORD103159,2024-03-09,20240309,CUST1072,PRD103,3,2340.88,169.4,6853.24,3693.48,3159.76
ORD102281,2024-03-09,20240309,CUST1161,PRD105,5,1128.05,224.41,5415.84,4148.75,1267.09
ORD104078,2024-03-09,20240309,CUST1040,PRD131,3,878.01,236.85,2397.18,1296.03,1101.15
ORD103515,2024-03-09,20240309,CUST1057,PRD131,5,878.01,108.54,4281.51,2160.05,2121.46
ORD100497,2024-03-10,20240310,CUST1216,PRD131,4,878.01,22.97,3489.07,1728.04,1761.03
ORD105203,2024-03-10,20240310,CUST1076,PRD110,2,1138.64,12.21,2265.07,1037.5,1227.57
ORD100338,2024-03-10,20240310,CUST1169,PRD122,4,1341.58,334.07,5032.25,3372.16,1660.09
ORD103954,2024-03-10,20240310,CUST1080,PRD103,4,2340.88,765.68,8597.84,4924.64,3673.2
ORD104778,2024-03-10,20240310,CUST1157,PRD131,1,878.01,1.73,876.28,432.01,444.27
ORD101585,2024-03-10,20240310,CUST1061,PRD123,1,1667.88,212.15,1455.73,1219.94,235.79
ORD101845,2024-03-10,20240310,CUST1226,PRD111,1,1653.05,99.1,1553.95,1215.82,338.13
ORD100371,2024-03-11,20240311,CUST1116,PRD116,1,6250.5,253.0,5997.5,4412.27,1585.23
ORD102460,2024-03-11,20240311,CUST1193,PRD109,5,740.34,535.66,3166.04,2757.0,409.04
ORD105165,2024-03-11,20240311,CUST1184,PRD131,4,878.01,149.55,3362.49,1728.04,1634.45
ORD100754,2024-03-11,20240311,CUST1062,PRD115,1,2955.79,355.37,2600.42,1549.18,1051.24
ORD102770,2024-03-11,20240311,CUST1156,PRD122,1,1341.58,15.13,1326.45,843.04,483.41
ORD104136,2024-03-11,20240311,CUST1149,PRD101,4,2720.52,950.41,9931.67,8124.76,1806.91
ORD103885,2024-03-11,20240311,CUST1249,PRD101,5,2720.52,1609.96,11992.64,10155.95,1836.69
ORD102616,2024-03-11,20240311,CUST1210,PRD103,2,2340.88,270.74,4411.02,2462.32,1948.7
ORD101933,2024-03-12,20240312,CUST1067,PRD113,5,2682.38,489.19,12922.71,7851.2,5071.51
ORD102612,2024-03-12,20240312,CUST1023,PRD130,3,555.04,225.23,1439.89,974.1,465.79
ORD101361,2024-03-12,20240312,CUST1125,PRD127,1,2448.22,125.64,2322.58,1339.43,983.15
ORD102543,2024-03-12,20240312,CUST1063,PRD116,4,6250.5,3570.68,21431.32,17649.08,3782.24
ORD103826,2024-03-12,20240312,CUST1214,PRD122,5,1341.58,120.01,6587.89,4215.2,2372.69
ORD103598,2024-03-12,20240312,CUST1158,PRD113,5,2682.38,1942.24,11469.66,7851.2,3618.46
ORD101242,2024-03-12,20240312,CUST1206,PRD104,2,8667.94,926.2,16409.68,6201.06,10208.62
ORD103690,2024-03-12,20240312,CUST1031,PRD113,4,2682.38,1461.5,9268.02,6280.96,2987.06
ORD102509,2024-03-12,20240312,CUST1006,PRD113,2,2682.38,89.65,5275.11,3140.48,2134.63
ORD102149,2024-03-12,20240312,CUST1117,PRD124,1,1557.69,171.66,1386.03,935.48,450.55
ORD102354,2024-03-13,20240313,CUST1095,PRD116,2,6250.5,1087.04,11413.96,8824.54,2589.42
ORD101293,2024-03-13,20240313,CUST1094,PRD110,3,1138.64,279.98,3135.94,1556.25,1579.69
ORD100514,2024-03-13,20240313,CUST1194,PRD127,1,2448.22,38.76,2409.46,1339.43,1070.03
ORD100384,2024-03-13,20240313,CUST1017,PRD131,5,878.01,336.39,4053.66,2160.05,1893.61
ORD101020,2024-03-13,20240313,CUST1106,PRD109,1,740.34,106.84,633.5,551.4,82.1
ORD100951,2024-03-13,20240313,CUST1219,PRD127,5,2448.22,1573.99,10667.11,6697.15,3969.96
ORD100541,2024-03-13,20240313,CUST1000,PRD128,5,577.0,56.37,2828.63,1934.6,894.03
ORD100702,2024-03-14,20240314,CUST1121,PRD120,1,11941.0,541.27,11399.73,6967.74,4431.99
ORD104971,2024-03-14,20240314,CUST1048,PRD105,1,1128.05,17.58,1110.47,829.75,280.72
ORD102038,2024-03-14,20240314,CUST1173,PRD122,3,1341.58,164.7,3860.04,2529.12,1330.92
ORD101932,2024-03-14,20240314,CUST1032,PRD124,5,1557.69,185.83,7602.62,4677.4,2925.22
ORD103993,2024-03-14,20240314,CUST1073,PRD122,4,1341.58,324.97,5041.35,3372.16,1669.19
ORD104295,2024-03-14,20240314,CUST1117,PRD120,1,11941.0,554.49,11386.51,6967.74,4418.77
ORD103193,2024-03-14,20240314,CUST1069,PRD124,1,1557.69,205.77,1351.92,935.48,416.44
ORD100005,2024-03-14,20240314,CUST1119,PRD101,2,2720.52,195.12,5245.92,4062.38,1183.54
ORD104854,2024-03-14,20240314,CUST1039,PRD124,1,1557.69,198.61,1359.08,935.48,423.6
ORD102425,2024-03-14,20240314,CUST1148,PRD101,3,2720.52,146.9,8014.66,6093.57,1921.09
ORD103533,2024-03-14,20240314,CUST1063,PRD122,5,1341.58,431.94,6275.96,4215.2,2060.76
ORD102676,2024-03-14,20240314,CUST1103,PRD131,1,878.01,38.82,839.19,432.01,407.18
ORD102862,2024-03-14,20240314,CUST1230,PRD125,5,831.8,496.85,3662.15,3036.3,625.85
ORD102930,2024-03-15,20240315,CUST1152,PRD131,5,878.01,499.3,3890.75,2160.05,1730.7
ORD104030,2024-03-15,20240315,CUST1074,PRD131,1,878.01,63.92,814.09,432.01,382.08
ORD103214,2024-03-15,20240315,CUST1015,PRD105,3,1128.05,384.63,2999.52,2489.25,510.27
ORD104135,2024-03-15,20240315,CUST1147,PRD101,1,2720.52,46.99,2673.53,2031.19,642.34
ORD104357,2024-03-15,20240315,CUST1022,PRD110,5,1138.64,840.83,4852.37,2593.75,2258.62
ORD102277,2024-03-15,20240315,CUST1196,PRD131,5,878.01,267.33,4122.72,2160.05,1962.67
ORD101758,2024-03-16,20240316,CUST1071,PRD125,1,831.8,35.97,795.83,607.26,188.57
ORD100647,2024-03-16,20240316,CUST1120,PRD131,4,878.01,47.15,3464.89,1728.04,1736.85
ORD100472,2024-03-16,20240316,CUST1196,PRD125,4,831.8,339.94,2987.26,2429.04,558.22
ORD101429,2024-03-16,20240316,CUST1020,PRD131,2,878.01,1.27,1754.75,864.02,890.73
ORD101701,2024-03-16,20240316,CUST1217,PRD125,2,831.8,153.21,1510.39,1214.52,295.87
ORD101967,2024-03-16,20240316,CUST1190,PRD116,2,6250.5,1650.66,10850.34,8824.54,2025.8
ORD100554,2024-03-16,20240316,CUST1212,PRD125,4,831.8,360.92,2966.28,2429.04,537.24
ORD104184,2024-03-16,20240316,CUST1057,PRD122,4,1341.58,538.84,4827.48,3372.16,1455.32
ORD100589,2024-03-16,20240316,CUST1195,PRD123,3,1667.88,237.35,4766.29,3659.82,1106.47
ORD100263,2024-03-17,20240317,CUST1017,PRD110,1,1138.64,131.66,1006.98,518.75,488.23
ORD104944,2024-03-17,20240317,CUST1162,PRD122,4,1341.58,249.09,5117.23,3372.16,1745.07
ORD100640,2024-03-17,20240317,CUST1179,PRD127,1,2448.22,37.02,2411.2,1339.43,1071.77
ORD105161,2024-03-17,20240317,CUST1195,PRD122,5,1341.58,406.18,6301.72,4215.2,2086.52
ORD103360,2024-03-17,20240317,CUST1157,PRD116,2,6250.5,1874.21,10626.79,8824.54,1802.25
ORD102677,2024-03-17,20240317,CUST1049,PRD108,5,1410.45,1032.91,6019.34,3815.1,2204.24
ORD101742,2024-03-17,20240317,CUST1031,PRD109,3,740.34,130.62,2090.4,1654.2,436.2
ORD104072,2024-03-17,20240317,CUST1107,PRD131,3,878.01,338.85,2295.18,1296.03,999.15
ORD102717,2024-03-18,20240318,CUST1129,PRD103,5,2340.88,962.33,10742.07,6155.8,4586.27
ORD101303,2024-03-18,20240318,CUST1164,PRD110,3,1138.64,348.9,3067.02,1556.25,1510.77
ORD100337,2024-03-18,20240318,CUST1138,PRD131,3,878.01,127.01,2507.02,1296.03,1210.99
ORD104678,2024-03-18,20240318,CUST1019,PRD127,5,2448.22,124.99,12116.11,6697.15,5418.96
ORD103023,2024-03-18,20240318,CUST1209,PRD120,3,11941.0,3312.11,32510.89,20903.22,11607.67
ORD104747,2024-03-19,20240319,CUST1130,PRD109,1,740.34,23.55,716.79,551.4,165.39
ORD100543,2024-03-19,20240319,CUST1151,PRD131,4,878.01,353.99,3158.05,1728.04,1430.01
ORD102603,2024-03-19,20240319,CUST1087,PRD131,1,878.01,17.74,860.27,432.01,428.26
ORD101424,2024-03-19,20240319,CUST1110,PRD124,4,1557.69,307.3,5923.46,3741.92,2181.54
ORD100940,2024-03-19,20240319,CUST1058,PRD124,1,1557.69,16.17,1541.52,935.48,606.04
ORD102835,2024-03-20,20240320,CUST1018,PRD130,4,555.04,183.89,2036.27,1298.8,737.47
ORD102083,2024-03-20,20240320,CUST1107,PRD116,3,6250.5,2080.46,16671.04,13236.81,3434.23
ORD101057,2024-03-20,20240320,CUST1224,PRD113,1,2682.38,113.53,2568.85,1570.24,998.61
ORD103282,2024-03-20,20240320,CUST1095,PRD116,3,6250.5,1874.22,16877.28,13236.81,3640.47
ORD101631,2024-03-20,20240320,CUST1208,PRD101,2,2720.52,729.54,4711.5,4062.38,649.12
ORD104498,2024-03-20,20240320,CUST1118,PRD101,4,2720.52,838.56,10043.52,8124.76,1918.76
ORD103952,2024-03-21,20240321,CUST1193,PRD110,4,1138.64,555.48,3999.08,2075.0,1924.08
ORD104275,2024-03-21,20240321,CUST1082,PRD125,3,831.8,328.62,2166.78,1821.78,345.0
ORD104319,2024-03-21,20240321,CUST1011,PRD103,1,2340.88,298.04,2042.84,1231.16,811.68
ORD104490,2024-03-21,20240321,CUST1190,PRD104,3,8667.94,2503.51,23500.31,9301.59,14198.72
ORD101019,2024-03-21,20240321,CUST1204,PRD122,4,1341.58,64.28,5302.04,3372.16,1929.88
ORD101687,2024-03-22,20240322,CUST1143,PRD103,5,2340.88,988.77,10715.63,6155.8,4559.83
ORD102726,2024-03-22,20240322,CUST1055,PRD130,5,555.04,130.49,2644.71,1623.5,1021.21
ORD101513,2024-03-22,20240322,CUST1201,PRD101,2,2720.52,281.33,5159.71,4062.38,1097.33
ORD105103,2024-03-22,20240322,CUST1205,PRD113,5,2682.38,1011.41,12400.49,7851.2,4549.29
ORD103989,2024-03-22,20240322,CUST1013,PRD124,3,1557.69,189.93,4483.14,2806.44,1676.7
ORD100320,2024-03-22,20240322,CUST1043,PRD110,2,1138.64,19.54,2257.74,1037.5,1220.24
ORD102511,2024-03-22,20240322,CUST1012,PRD108,1,1410.45,135.32,1275.13,763.02,512.11
ORD102070,2024-03-22,20240322,CUST1068,PRD122,5,1341.58,233.56,6474.34,4215.2,2259.14
ORD104880,2024-03-22,20240322,CUST1106,PRD124,5,1557.69,287.95,7500.5,4677.4,2823.1
ORD103638,2024-03-23,20240323,CUST1055,PRD112,3,2391.88,374.81,6800.83,4860.51,1940.32
ORD102548,2024-03-23,20240323,CUST1101,PRD113,2,2682.38,734.42,4630.34,3140.48,1489.86
ORD101013,2024-03-23,20240323,CUST1238,PRD110,4,1138.64,406.69,4147.87,2075.0,2072.87
ORD103740,2024-03-24,20240324,CUST1235,PRD131,3,878.01,117.36,2516.67,1296.03,1220.64
ORD100856,2024-03-24,20240324,CUST1082,PRD101,3,2720.52,491.44,7670.12,6093.57,1576.55
ORD104605,2024-03-24,20240324,CUST1060,PRD127,3,2448.22,334.4,7010.26,4018.29,2991.97
ORD104539,2024-03-24,20240324,CUST1103,PRD116,2,6250.5,1207.32,11293.68,8824.54,2469.14
ORD104011,2024-03-24,20240324,CUST1182,PRD110,4,1138.64,619.05,3935.51,2075.0,1860.51
ORD102252,2024-03-24,20240324,CUST1014,PRD101,4,2720.52,440.09,10441.99,8124.76,2317.23
ORD104699,2024-03-24,20240324,CUST1031,PRD131,4,878.01,80.39,3431.65,1728.04,1703.61
ORD101877,2024-03-25,20240325,CUST1206,PRD131,1,878.01,53.91,824.1,432.01,392.09
ORD104200,2024-03-25,20240325,CUST1176,PRD127,4,2448.22,780.58,9012.3,5357.72,3654.58
ORD100545,2024-03-25,20240325,CUST1124,PRD103,3,2340.88,293.27,6729.37,3693.48,3035.89
ORD102852,2024-03-25,20240325,CUST1145,PRD115,1,2955.79,268.86,2686.93,1549.18,1137.75
ORD102207,2024-03-25,20240325,CUST1206,PRD115,1,2955.79,175.78,2780.01,1549.18,1230.83
ORD100294,2024-03-25,20240325,CUST1007,PRD110,4,1138.64,56.27,4498.29,2075.0,2423.29
ORD103219,2024-03-26,20240326,CUST1079,PRD122,5,1341.58,518.77,6189.13,4215.2,1973.93
ORD102275,2024-03-26,20240326,CUST1160,PRD129,1,372.05,40.34,331.71,228.55,103.16
ORD100701,2024-03-26,20240326,CUST1180,PRD101,1,2720.52,365.63,2354.89,2031.19,323.7
ORD100796,2024-03-26,20240326,CUST1137,PRD127,4,2448.22,830.6,8962.28,5357.72,3604.56
ORD100060,2024-03-27,20240327,CUST1057,PRD105,2,1128.05,188.88,2067.22,1659.5,407.72
ORD103380,2024-03-27,20240327,CUST1096,PRD124,3,1557.69,516.44,4156.63,2806.44,1350.19
ORD101133,2024-03-27,20240327,CUST1248,PRD127,1,2448.22,185.49,2262.73,1339.43,923.3
ORD102225,2024-03-27,20240327,CUST1139,PRD101,1,2720.52,30.08,2690.44,2031.19,659.25
ORD100421,2024-03-27,20240327,CUST1045,PRD110,1,1138.64,69.75,1068.89,518.75,550.14
ORD101258,2024-03-27,20240327,CUST1227,PRD101,1,2720.52,28.07,2692.45,2031.19,661.26
ORD104973,2024-03-27,20240327,CUST1004,PRD124,2,1557.69,418.52,2696.86,1870.96,825.9
ORD101316,2024-03-27,20240327,CUST1055,PRD131,5,878.01,353.57,4036.48,2160.05,1876.43
ORD102768,2024-03-28,20240328,CUST1179,PRD124,3,1557.69,494.64,4178.43,2806.44,1371.99
ORD101458,2024-03-28,20240328,CUST1232,PRD127,1,2448.22,297.92,2150.3,1339.43,810.87
ORD105105,2024-03-28,20240328,CUST1186,PRD124,3,1557.69,445.6,4227.47,2806.44,1421.03
ORD101567,2024-03-28,20240328,CUST1002,PRD105,5,1128.05,802.42,4837.83,4148.75,689.08
ORD103383,2024-03-28,20240328,CUST1034,PRD131,5,878.01,627.39,3762.66,2160.05,1602.61
ORD103054,2024-03-29,20240329,CUST1158,PRD131,3,878.01,121.63,2512.4,1296.03,1216.37
ORD103468,2024-03-29,20240329,CUST1096,PRD129,4,372.05,3.47,1484.73,914.2,570.53
ORD102232,2024-03-29,20240329,CUST1215,PRD113,4,2682.38,766.87,9962.65,6280.96,3681.69
ORD104020,2024-03-29,20240329,CUST1227,PRD122,5,1341.58,657.41,6050.49,4215.2,1835.29
ORD103875,2024-03-29,20240329,CUST1144,PRD108,5,1410.45,361.63,6690.62,3815.1,2875.52
ORD100001,2024-03-29,20240329,CUST1123,PRD122,3,1341.58,312.95,3711.79,2529.12,1182.67
ORD101299,2024-03-30,20240330,CUST1039,PRD131,5,878.01,125.05,4265.0,2160.05,2104.95
ORD101431,2024-03-30,20240330,CUST1080,PRD131,5,878.01,33.56,4356.49,2160.05,2196.44
ORD102321,2024-03-30,20240330,CUST1178,PRD131,2,878.01,201.78,1554.24,864.02,690.22
ORD102444,2024-03-30,20240330,CUST1080,PRD117,5,3086.39,1249.69,14182.26,10437.55,3744.71
ORD100549,2024-03-30,20240330,CUST1114,PRD131,4,878.01,404.88,3107.16,1728.04,1379.12
ORD102883,2024-03-30,20240330,CUST1053,PRD122,2,1341.58,22.88,2660.28,1686.08,974.2
ORD102124,2024-03-30,20240330,CUST1203,PRD125,5,831.8,375.28,3783.72,3036.3,747.42
ORD100919,2024-03-31,20240331,CUST1054,PRD116,3,6250.5,2388.01,16363.49,13236.81,3126.68
ORD102570,2024-03-31,20240331,CUST1186,PRD128,4,577.0,30.84,2277.16,1547.68,729.48
ORD103861,2024-03-31,20240331,CUST1219,PRD103,1,2340.88,120.79,2220.09,1231.16,988.93
ORD102911,2024-03-31,20240331,CUST1004,PRD125,4,831.8,340.83,2986.37,2429.04,557.33
ORD103364,2024-03-31,20240331,CUST1018,PRD103,1,2340.88,275.68,2065.2,1231.16,834.04
ORD103426,2024-03-31,20240331,CUST1085,PRD109,4,740.34,96.2,2865.16,2205.6,659.56
ORD104470,2024-03-31,20240331,CUST1129,PRD131,5,878.01,629.24,3760.81,2160.05,1600.76
ORD102611,2024-03-31,20240331,CUST1246,PRD124,1,1557.69,92.26,1465.43,935.48,529.95
ORD100175,2024-04-01,20240401,CUST1203,PRD124,2,1557.69,166.5,2948.88,1870.96,1077.92
ORD103391,2024-04-01,20240401,CUST1222,PRD131,5,878.01,339.29,4050.76,2160.05,1890.71
ORD103506,2024-04-01,20240401,CUST1245,PRD105,5,1128.05,605.34,5034.91,4148.75,886.16
ORD100835,2024-04-02,20240402,CUST1186,PRD125,3,831.8,155.95,2339.45,1821.78,517.67
ORD100829,2024-04-02,20240402,CUST1246,PRD101,5,2720.52,1223.31,12379.29,10155.95,2223.34
ORD103406,2024-04-02,20240402,CUST1004,PRD125,3,831.8,132.3,2363.1,1821.78,541.32
ORD100907,2024-04-03,20240403,CUST1133,PRD125,3,831.8,211.73,2283.67,1821.78,461.89
ORD101137,2024-04-03,20240403,CUST1107,PRD125,1,831.8,97.31,734.49,607.26,127.23
ORD100826,2024-04-03,20240403,CUST1088,PRD116,4,6250.5,2777.01,22224.99,17649.08,4575.91
ORD103550,2024-04-03,20240403,CUST1202,PRD122,4,1341.58,419.07,4947.25,3372.16,1575.09
ORD104960,2024-04-03,20240403,CUST1080,PRD127,4,2448.22,1392.23,8400.65,5357.72,3042.93
ORD100583,2024-04-03,20240403,CUST1099,PRD110,5,1138.64,387.68,5305.52,2593.75,2711.77
ORD101046,2024-04-03,20240403,CUST1089,PRD131,4,878.01,244.5,3267.54,1728.04,1539.5
ORD103900,2024-04-03,20240403,CUST1234,PRD131,3,878.01,278.92,2355.11,1296.03,1059.08
ORD101298,2024-04-03,20240403,CUST1184,PRD110,5,1138.64,655.81,5037.39,2593.75,2443.64
ORD101443,2024-04-03,20240403,CUST1045,PRD112,3,2391.88,544.86,6630.78,4860.51,1770.27
ORD104744,2024-04-03,20240403,CUST1117,PRD109,5,740.34,46.16,3655.54,2757.0,898.54
ORD103303,2024-04-04,20240404,CUST1240,PRD101,2,2720.52,716.16,4724.88,4062.38,662.5
ORD103760,2024-04-04,20240404,CUST1136,PRD131,3,878.01,324.47,2309.56,1296.03,1013.53
ORD103817,2024-04-04,20240404,CUST1201,PRD127,4,2448.22,307.58,9485.3,5357.72,4127.58
ORD100197,2024-04-04,20240404,CUST1128,PRD131,1,878.01,7.66,870.35,432.01,438.34
ORD102001,2024-04-04,20240404,CUST1141,PRD131,3,878.01,310.98,2323.05,1296.03,1027.02
ORD105022,2024-04-04,20240404,CUST1209,PRD103,4,2340.88,369.55,8993.97,4924.64,4069.33
ORD103659,2024-04-04,20240404,CUST1088,PRD109,1,740.34,52.82,687.52,551.4,136.12
ORD100717,2024-04-04,20240404,CUST1028,PRD131,2,878.01,195.13,1560.89,864.02,696.87
ORD101976,2024-04-05,20240405,CUST1217,PRD131,5,878.01,98.8,4291.25,2160.05,2131.2
ORD103499,2024-04-05,20240405,CUST1073,PRD122,4,1341.58,698.13,4668.19,3372.16,1296.03
ORD101245,2024-04-05,20240405,CUST1030,PRD101,2,2720.52,415.6,5025.44,4062.38,963.06
ORD104630,2024-04-05,20240405,CUST1023,PRD105,1,1128.05,32.25,1095.8,829.75,266.05
ORD101078,2024-04-05,20240405,CUST1239,PRD130,3,555.04,19.0,1646.12,974.1,672.02
ORD102053,2024-04-05,20240405,CUST1037,PRD109,3,740.34,177.52,2043.5,1654.2,389.3
ORD100180,2024-04-05,20240405,CUST1086,PRD130,3,555.04,111.17,1553.95,974.1,579.85
ORD104010,2024-04-06,20240406,CUST1195,PRD115,3,2955.79,1326.79,7540.58,4647.54,2893.04
ORD104980,2024-04-06,20240406,CUST1067,PRD101,5,2720.52,412.76,13189.84,10155.95,3033.89
ORD103996,2024-04-06,20240406,CUST1233,PRD105,1,1128.05,117.26,1010.79,829.75,181.04
ORD101465,2024-04-06,20240406,CUST1015,PRD131,1,878.01,69.68,808.33,432.01,376.32
ORD103990,2024-04-06,20240406,CUST1197,PRD105,2,1128.05,40.5,2215.6,1659.5,556.1
ORD100478,2024-04-06,20240406,CUST1080,PRD122,5,1341.58,543.38,6164.52,4215.2,1949.32
ORD104106,2024-04-06,20240406,CUST1033,PRD109,1,740.34,69.77,670.57,551.4,119.17
ORD102446,2024-04-07,20240407,CUST1167,PRD113,5,2682.38,1573.7,11838.2,7851.2,3987.0
ORD103594,2024-04-07,20240407,CUST1226,PRD104,4,8667.94,4797.41,29874.35,12402.12,17472.23
ORD101887,2024-04-07,20240407,CUST1022,PRD125,5,831.8,41.98,4117.02,3036.3,1080.72
ORD102538,2024-04-07,20240407,CUST1053,PRD101,4,2720.52,1027.79,9854.29,8124.76,1729.53
ORD100772,2024-04-07,20240407,CUST1130,PRD108,5,1410.45,866.45,6185.8,3815.1,2370.7
ORD101455,2024-04-07,20240407,CUST1088,PRD105,1,1128.05,75.64,1052.41,829.75,222.66
ORD104299,2024-04-07,20240407,CUST1231,PRD127,5,2448.22,30.53,12210.57,6697.15,5513.42
ORD102140,2024-04-07,20240407,CUST1038,PRD127,4,2448.22,160.4,9632.48,5357.72,4274.76
ORD105151,2024-04-07,20240407,CUST1064,PRD122,2,1341.58,331.64,2351.52,1686.08,665.44
ORD100289,2024-04-08,20240408,CUST1049,PRD127,2,2448.22,363.82,4532.62,2678.86,1853.76
ORD101228,2024-04-08,20240408,CUST1107,PRD130,5,555.04,95.62,2679.58,1623.5,1056.08
ORD101527,2024-04-08,20240408,CUST1166,PRD113,5,2682.38,1603.43,11808.47,7851.2,3957.27
ORD104230,2024-04-08,20240408,CUST1137,PRD109,1,740.34,74.02,666.32,551.4,114.92
ORD102950,2024-04-08,20240408,CUST1207,PRD128,2,577.0,1.75,1152.25,773.84,378.41
ORD103217,2024-04-08,20240408,CUST1112,PRD131,1,878.01,123.19,754.82,432.01,322.81
ORD101261,2024-04-08,20240408,CUST1109,PRD127,5,2448.22,476.73,11764.37,6697.15,5067.22
ORD102289,2024-04-09,20240409,CUST1008,PRD131,1,878.01,114.92,763.09,432.01,331.08
ORD104085,2024-04-09,20240409,CUST1218,PRD127,3,2448.22,562.77,6781.89,4018.29,2763.6
ORD103139,2024-04-09,20240409,CUST1044,PRD131,4,878.01,55.05,3456.99,1728.04,1728.95
ORD100740,2024-04-09,20240409,CUST1221,PRD131,4,878.01,253.84,3258.2,1728.04,1530.16
ORD102884,2024-04-10,20240410,CUST1044,PRD115,5,2955.79,2133.43,12645.52,7745.9,4899.62
ORD104531,2024-04-10,20240410,CUST1086,PRD109,3,740.34,277.83,1943.19,1654.2,288.99
ORD100310,2024-04-10,20240410,CUST1129,PRD105,3,1128.05,184.65,3199.5,2489.25,710.25
ORD100434,2024-04-10,20240410,CUST1144,PRD109,3,740.34,257.02,1964.0,1654.2,309.8
ORD102823,2024-04-10,20240410,CUST1227,PRD101,4,2720.52,1413.52,9468.56,8124.76,1343.8
ORD104191,2024-04-10,20240410,CUST1038,PRD131,4,878.01,13.59,3498.45,1728.04,1770.41
ORD104264,2024-04-11,20240411,CUST1213,PRD114,3,993.09,365.7,2613.57,2314.62,298.95
ORD102457,2024-04-11,20240411,CUST1183,PRD125,5,831.8,485.77,3673.23,3036.3,636.93
ORD103977,2024-04-11,20240411,CUST1047,PRD108,5,1410.45,704.67,6347.58,3815.1,2532.48
ORD103708,2024-04-11,20240411,CUST1104,PRD124,4,1557.69,926.01,5304.75,3741.92,1562.83
ORD105202,2024-04-11,20240411,CUST1106,PRD112,5,2391.88,1386.01,10573.39,8100.85,2472.54
ORD100291,2024-04-11,20240411,CUST1053,PRD127,3,2448.22,631.48,6713.18,4018.29,2694.89
ORD101863,2024-04-12,20240412,CUST1127,PRD113,1,2682.38,41.63,2640.75,1570.24,1070.51
ORD101775,2024-04-12,20240412,CUST1246,PRD130,3,555.04,164.07,1501.05,974.1,526.95
ORD101211,2024-04-12,20240412,CUST1192,PRD103,5,2340.88,1356.91,10347.49,6155.8,4191.69
ORD104578,2024-04-12,20240412,CUST1201,PRD113,3,2682.38,1051.8,6995.34,4710.72,2284.62
ORD104587,2024-04-12,20240412,CUST1016,PRD131,2,878.01,116.04,1639.98,864.02,775.96
ORD104054,2024-04-12,20240412,CUST1243,PRD116,1,6250.5,779.02,5471.48,4412.27,1059.21
ORD101174,2024-04-12,20240412,CUST1045,PRD122,5,1341.58,821.63,5886.27,4215.2,1671.07
ORD100749,2024-04-12,20240412,CUST1195,PRD131,2,878.01,232.57,1523.45,864.02,659.43
ORD105099,2024-04-12,20240412,CUST1030,PRD131,2,878.01,43.22,1712.8,864.02,848.78
ORD101892,2024-04-12,20240412,CUST1010,PRD122,4,1341.58,647.29,4719.03,3372.16,1346.87
ORD104146,2024-04-13,20240413,CUST1118,PRD131,4,878.01,363.13,3148.91,1728.04,1420.87
ORD101883,2024-04-13,20240413,CUST1142,PRD131,4,878.01,367.66,3144.38,1728.04,1416.34
ORD103642,2024-04-13,20240413,CUST1127,PRD110,2,1138.64,314.73,1962.55,1037.5,925.05
ORD102196,2024-04-13,20240413,CUST1221,PRD127,1,2448.22,186.11,2262.11,1339.43,922.68
ORD101726,2024-04-13,20240413,CUST1046,PRD105,4,1128.05,217.2,4295.0,3319.0,976.0
ORD104070,2024-04-13,20240413,CUST1160,PRD125,5,831.8,442.03,3716.97,3036.3,680.67
ORD103718,2024-04-14,20240414,CUST1025,PRD124,5,1557.69,472.15,7316.3,4677.4,2638.9
ORD105135,2024-04-14,20240414,CUST1200,PRD110,1,1138.64,85.1,1053.54,518.75,534.79
ORD105155,2024-04-14,20240414,CUST1248,PRD122,1,1341.58,6.91,1334.67,843.04,491.63
ORD103919,2024-04-14,20240414,CUST1088,PRD120,1,11941.0,1746.96,10194.04,6967.74,3226.3
ORD104261,2024-04-14,20240414,CUST1029,PRD124,1,1557.69,136.76,1420.93,935.48,485.45
ORD104675,2024-04-14,20240414,CUST1214,PRD103,2,2340.88,681.16,4000.6,2462.32,1538.28
ORD102706,2024-04-14,20240414,CUST1145,PRD131,3,878.01,15.1,2618.93,1296.03,1322.9
ORD103878,2024-04-14,20240414,CUST1104,PRD113,5,2682.38,1551.11,11860.79,7851.2,4009.59
ORD100558,2024-04-14,20240414,CUST1132,PRD109,3,740.34,320.09,1900.93,1654.2,246.73
ORD102810,2024-04-14,20240414,CUST1116,PRD101,2,2720.52,686.21,4754.83,4062.38,692.45
ORD105075,2024-04-15,20240415,CUST1067,PRD109,5,740.34,122.93,3578.77,2757.0,821.77
ORD103918,2024-04-15,20240415,CUST1224,PRD124,3,1557.69,373.6,4299.47,2806.44,1493.03
ORD100367,2024-04-15,20240415,CUST1151,PRD116,5,6250.5,79.33,31173.17,22061.35,9111.82
ORD102931,2024-04-15,20240415,CUST1135,PRD124,2,1557.69,128.7,2986.68,1870.96,1115.72
ORD103385,2024-04-15,20240415,CUST1115,PRD131,1,878.01,93.43,784.58,432.01,352.57
ORD101923,2024-04-15,20240415,CUST1115,PRD103,4,2340.88,565.84,8797.68,4924.64,3873.04
ORD103917,2024-04-16,20240416,CUST1057,PRD124,2,1557.69,214.89,2900.49,1870.96,1029.53
ORD102776,2024-04-16,20240416,CUST1167,PRD124,5,1557.69,605.86,7182.59,4677.4,2505.19
ORD105008,2024-04-16,20240416,CUST1126,PRD101,1,2720.52,52.5,2668.02,2031.19,636.83
ORD100392,2024-04-17,20240417,CUST1218,PRD101,4,2720.52,374.29,10507.79,8124.76,2383.03
ORD100051,2024-04-17,20240417,CUST1156,PRD101,5,2720.52,488.15,13114.45,10155.95,2958.5
ORD104546,2024-04-17,20240417,CUST1143,PRD124,4,1557.69,367.95,5862.81,3741.92,2120.89
ORD103408,2024-04-17,20240417,CUST1113,PRD131,5,878.01,172.61,4217.44,2160.05,2057.39
ORD101958,2024-04-17,20240417,CUST1062,PRD115,3,2955.79,788.52,8078.85,4647.54,3431.31
ORD103962,2024-04-17,20240417,CUST1146,PRD101,3,2720.52,990.66,7170.9,6093.57,1077.33
ORD101040,2024-04-17,20240417,CUST1139,PRD124,1,1557.69,10.9,1546.79,935.48,611.31
ORD104664,2024-04-18,20240418,CUST1085,PRD110,2,1138.64,58.95,2218.33,1037.5,1180.83
ORD103518,2024-04-18,20240418,CUST1020,PRD110,1,1138.64,123.63,1015.01,518.75,496.26
ORD101049,2024-04-18,20240418,CUST1164,PRD131,5,878.01,394.79,3995.26,2160.05,1835.21
ORD100888,2024-04-18,20240418,CUST1113,PRD108,4,1410.45,136.62,5505.18,3052.08,2453.1
ORD102421,2024-04-18,20240418,CUST1081,PRD120,4,11941.0,874.52,46889.48,27870.96,19018.52
ORD104844,2024-04-18,20240418,CUST1185,PRD116,3,6250.5,2755.42,15996.08,13236.81,2759.27
ORD103852,2024-04-18,20240418,CUST1172,PRD113,1,2682.38,313.95,2368.43,1570.24,798.19
ORD100685,2024-04-19,20240419,CUST1097,PRD101,4,2720.52,225.94,10656.14,8124.76,2531.38
ORD102533,2024-04-19,20240419,CUST1102,PRD124,1,1557.69,160.83,1396.86,935.48,461.38
ORD100160,2024-04-19,20240419,CUST1032,PRD105,1,1128.05,142.98,985.07,829.75,155.32
ORD102502,2024-04-19,20240419,CUST1163,PRD126,2,2373.84,678.64,4069.04,3301.7,767.34
ORD101721,2024-04-19,20240419,CUST1161,PRD108,5,1410.45,750.18,6302.07,3815.1,2486.97
ORD103431,2024-04-19,20240419,CUST1073,PRD103,5,2340.88,1229.12,10475.28,6155.8,4319.48
ORD103448,2024-04-19,20240419,CUST1128,PRD131,2,878.01,146.97,1609.05,864.02,745.03
ORD102967,2024-04-19,20240419,CUST1064,PRD130,1,555.04,4.96,550.08,324.7,225.38
ORD102792,2024-04-20,20240420,CUST1175,PRD130,5,555.04,67.02,2708.18,1623.5,1084.68
ORD102178,2024-04-20,20240420,CUST1090,PRD125,2,831.8,225.01,1438.59,1214.52,224.07
ORD102060,2024-04-20,20240420,CUST1084,PRD127,3,2448.22,204.37,7140.29,4018.29,3122.0
ORD102546,2024-04-20,20240420,CUST1091,PRD122,3,1341.58,467.06,3557.68,2529.12,1028.56
ORD100661,2024-04-20,20240420,CUST1217,PRD131,2,878.01,183.93,1572.09,864.02,708.07
ORD104910,2024-04-20,20240420,CUST1219,PRD122,2,1341.58,336.91,2346.25,1686.08,660.17
ORD101850,2024-04-20,20240420,CUST1239,PRD131,4,878.01,176.33,3335.71,1728.04,1607.67
ORD103700,2024-04-20,20240420,CUST1175,PRD120,2,11941.0,465.4,23416.6,13935.48,9481.12
ORD103797,2024-04-20,20240420,CUST1034,PRD122,5,1341.58,577.9,6130.0,4215.2,1914.8
ORD104815,2024-04-21,20240421,CUST1218,PRD125,5,831.8,447.79,3711.21,3036.3,674.91
ORD100080,2024-04-21,20240421,CUST1211,PRD109,1,740.34,85.2,655.14,551.4,103.74
ORD101884,2024-04-21,20240421,CUST1106,PRD124,5,1557.69,1111.1,6677.35,4677.4,1999.95
ORD100111,2024-04-21,20240421,CUST1034,PRD124,3,1557.69,97.31,4575.76,2806.44,1769.32
ORD103451,2024-04-21,20240421,CUST1121,PRD129,1,372.05,26.68,345.37,228.55,116.82
ORD100116,2024-04-21,20240421,CUST1062,PRD131,4,878.01,291.11,3220.93,1728.04,1492.89
ORD102617,2024-04-21,20240421,CUST1212,PRD116,2,6250.5,1514.43,10986.57,8824.54,2162.03
ORD104322,2024-04-22,20240422,CUST1087,PRD131,5,878.01,500.52,3889.53,2160.05,1729.48
ORD100373,2024-04-22,20240422,CUST1246,PRD125,5,831.8,256.22,3902.78,3036.3,866.48
ORD100885,2024-04-22,20240422,CUST1110,PRD109,4,740.34,233.22,2728.14,2205.6,522.54
ORD101022,2024-04-22,20240422,CUST1154,PRD103,4,2340.88,1120.05,8243.47,4924.64,3318.83
ORD104970,2024-04-22,20240422,CUST1206,PRD116,5,6250.5,3789.43,27463.07,22061.35,5401.72
ORD103514,2024-04-22,20240422,CUST1179,PRD108,5,1410.45,639.68,6412.57,3815.1,2597.47
ORD101492,2024-04-22,20240422,CUST1057,PRD113,5,2682.38,616.68,12795.22,7851.2,4944.02
ORD104521,2024-04-22,20240422,CUST1148,PRD116,1,6250.5,534.64,5715.86,4412.27,1303.59
ORD101810,2024-04-22,20240422,CUST1146,PRD131,2,878.01,105.84,1650.18,864.02,786.16
ORD103065,2024-04-22,20240422,CUST1189,PRD125,3,831.8,188.75,2306.65,1821.78,484.87
ORD104500,2024-04-22,20240422,CUST1049,PRD108,2,1410.45,19.39,2801.51,1526.04,1275.47
ORD105112,2024-04-23,20240423,CUST1197,PRD131,4,878.01,238.27,3273.77,1728.04,1545.73
ORD100802,2024-04-23,20240423,CUST1073,PRD131,2,878.01,172.94,1583.08,864.02,719.06
ORD103455,2024-04-23,20240423,CUST1050,PRD101,2,2720.52,397.03,5044.01,4062.38,981.63
ORD101524,2024-04-23,20240423,CUST1181,PRD103,2,2340.88,366.88,4314.88,2462.32,1852.56
ORD104591,2024-04-23,20240423,CUST1062,PRD130,4,555.04,77.01,2143.15,1298.8,844.35
ORD102452,2024-04-23,20240423,CUST1057,PRD110,1,1138.64,106.9,1031.74,518.75,512.99
ORD102357,2024-04-23,20240423,CUST1041,PRD110,2,1138.64,68.87,2208.41,1037.5,1170.91
ORD101702,2024-04-23,20240423,CUST1088,PRD108,5,1410.45,101.58,6950.67,3815.1,3135.57
ORD100323,2024-04-23,20240423,CUST1234,PRD127,1,2448.22,256.28,2191.94,1339.43,852.51
ORD103496,2024-04-23,20240423,CUST1176,PRD110,4,1138.64,100.43,4454.13,2075.0,2379.13
ORD101614,2024-04-24,20240424,CUST1019,PRD125,5,831.8,444.27,3714.73,3036.3,678.43
ORD101346,2024-04-24,20240424,CUST1188,PRD116,5,6250.5,1995.85,29256.65,22061.35,7195.3
ORD100061,2024-04-24,20240424,CUST1058,PRD103,5,2340.88,615.69,11088.71,6155.8,4932.91
ORD101215,2024-04-24,20240424,CUST1177,PRD110,1,1138.64,51.45,1087.19,518.75,568.44
ORD103525,2024-04-24,20240424,CUST1082,PRD129,3,372.05,77.43,1038.72,685.65,353.07
ORD102239,2024-04-24,20240424,CUST1209,PRD116,2,6250.5,532.8,11968.2,8824.54,3143.66
ORD104038,2024-04-25,20240425,CUST1007,PRD122,3,1341.58,562.71,3462.03,2529.12,932.91
ORD103769,2024-04-25,20240425,CUST1022,PRD110,1,1138.64,146.92,991.72,518.75,472.97
ORD102876,2024-04-25,20240425,CUST1113,PRD109,4,740.34,211.69,2749.67,2205.6,544.07
ORD105173,2024-04-25,20240425,CUST1039,PRD122,4,1341.58,263.53,5102.79,3372.16,1730.63
ORD104896,2024-04-25,20240425,CUST1233,PRD131,1,878.01,102.16,775.85,432.01,343.84
ORD100869,2024-04-25,20240425,CUST1104,PRD109,5,740.34,263.03,3438.67,2757.0,681.67
ORD100476,2024-04-25,20240425,CUST1159,PRD125,2,831.8,15.77,1647.83,1214.52,433.31
ORD104985,2024-04-25,20240425,CUST1102,PRD125,3,831.8,129.33,2366.07,1821.78,544.29
ORD104182,2024-04-25,20240425,CUST1097,PRD125,4,831.8,382.57,2944.63,2429.04,515.59
ORD101301,2024-04-26,20240426,CUST1020,PRD124,4,1557.69,215.93,6014.83,3741.92,2272.91
ORD103798,2024-04-26,20240426,CUST1094,PRD105,3,1128.05,71.13,3313.02,2489.25,823.77
ORD104654,2024-04-26,20240426,CUST1215,PRD101,5,2720.52,2037.63,11564.97,10155.95,1409.02
ORD103140,2024-04-26,20240426,CUST1018,PRD116,3,6250.5,1860.78,16890.72,13236.81,3653.91
ORD104374,2024-04-26,20240426,CUST1091,PRD127,5,2448.22,1242.33,10998.77,6697.15,4301.62
ORD104079,2024-04-27,20240427,CUST1085,PRD131,5,878.01,295.63,4094.42,2160.05,1934.37
ORD103467,2024-04-27,20240427,CUST1105,PRD101,4,2720.52,1292.24,9589.84,8124.76,1465.08
ORD103581,2024-04-27,20240427,CUST1170,PRD125,3,831.8,202.64,2292.76,1821.78,470.98
ORD102709,2024-04-27,20240427,CUST1230,PRD131,5,878.01,375.38,4014.67,2160.05,1854.62
ORD104538,2024-04-27,20240427,CUST1045,PRD116,2,6250.5,1161.77,11339.23,8824.54,2514.69
ORD101135,2024-04-27,20240427,CUST1107,PRD131,3,878.01,143.48,2490.55,1296.03,1194.52
ORD101312,2024-04-27,20240427,CUST1057,PRD101,1,2720.52,134.14,2586.38,2031.19,555.19
ORD102648,2024-04-27,20240427,CUST1214,PRD125,4,831.8,155.58,3171.62,2429.04,742.58
ORD100682,2024-04-27,20240427,CUST1208,PRD124,4,1557.69,242.88,5987.88,3741.92,2245.96
ORD101771,2024-04-28,20240428,CUST1212,PRD110,3,1138.64,276.01,3139.91,1556.25,1583.66
ORD101274,2024-04-28,20240428,CUST1071,PRD131,5,878.01,144.25,4245.8,2160.05,2085.75
ORD100480,2024-04-28,20240428,CUST1124,PRD125,5,831.8,593.03,3565.97,3036.3,529.67
ORD103806,2024-04-28,20240428,CUST1087,PRD101,1,2720.52,189.78,2530.74,2031.19,499.55
ORD100927,2024-04-28,20240428,CUST1136,PRD131,4,878.01,90.02,3422.02,1728.04,1693.98
ORD100189,2024-04-28,20240428,CUST1176,PRD122,5,1341.58,97.51,6610.39,4215.2,2395.19
ORD102784,2024-04-29,20240429,CUST1041,PRD103,1,2340.88,299.1,2041.78,1231.16,810.62
ORD102069,2024-04-29,20240429,CUST1014,PRD101,2,2720.52,480.55,4960.49,4062.38,898.11
ORD100052,2024-04-29,20240429,CUST1070,PRD131,4,878.01,463.18,3048.86,1728.04,1320.82
ORD105102,2024-04-29,20240429,CUST1101,PRD101,5,2720.52,768.37,12834.23,10155.95,2678.28
ORD104238,2024-04-29,20240429,CUST1038,PRD105,3,1128.05,101.7,3282.45,2489.25,793.2
ORD101999,2024-04-29,20240429,CUST1100,PRD125,3,831.8,133.16,2362.24,1821.78,540.46
ORD104909,2024-04-30,20240430,CUST1223,PRD127,1,2448.22,320.69,2127.53,1339.43,788.1
ORD100055,2024-04-30,20240430,CUST1189,PRD131,5,878.01,443.36,3946.69,2160.05,1786.64
ORD101230,2024-04-30,20240430,CUST1233,PRD116,5,6250.5,1230.24,30022.26,22061.35,7960.91
ORD105095,2024-04-30,20240430,CUST1055,PRD125,5,831.8,445.61,3713.39,3036.3,677.09
ORD102381,2024-04-30,20240430,CUST1085,PRD131,3,878.01,46.67,2587.36,1296.03,1291.33
ORD103710,2024-04-30,20240430,CUST1117,PRD122,4,1341.58,456.67,4909.65,3372.16,1537.49
ORD103995,2024-04-30,20240430,CUST1175,PRD115,1,2955.79,214.31,2741.48,1549.18,1192.3
ORD104511,2024-04-30,20240430,CUST1163,PRD108,5,1410.45,481.36,6570.89,3815.1,2755.79
ORD103077,2024-05-01,20240501,CUST1094,PRD101,2,2720.52,451.47,4989.57,4062.38,927.19
ORD103264,2024-05-01,20240501,CUST1180,PRD125,5,831.8,50.39,4108.61,3036.3,1072.31
ORD102195,2024-05-01,20240501,CUST1200,PRD101,2,2720.52,815.44,4625.6,4062.38,563.22
ORD102900,2024-05-01,20240501,CUST1055,PRD125,2,831.8,244.54,1419.06,1214.52,204.54
ORD100623,2024-05-01,20240501,CUST1000,PRD120,2,11941.0,2567.26,21314.74,13935.48,7379.26
ORD104839,2024-05-01,20240501,CUST1109,PRD113,3,2682.38,708.73,7338.41,4710.72,2627.69
ORD103134,2024-05-02,20240502,CUST1080,PRD125,2,831.8,237.25,1426.35,1214.52,211.83
ORD101484,2024-05-02,20240502,CUST1027,PRD129,1,372.05,23.64,348.41,228.55,119.86
ORD103986,2024-05-02,20240502,CUST1148,PRD108,3,1410.45,146.52,4084.83,2289.06,1795.77
ORD100390,2024-05-02,20240502,CUST1190,PRD128,5,577.0,362.4,2522.6,1934.6,588.0
ORD100363,2024-05-02,20240502,CUST1160,PRD113,5,2682.38,820.65,12591.25,7851.2,4740.05
ORD100282,2024-05-02,20240502,CUST1098,PRD115,5,2955.79,2087.64,12691.31,7745.9,4945.41
ORD101599,2024-05-02,20240502,CUST1001,PRD124,3,1557.69,24.95,4648.12,2806.44,1841.68
ORD100934,2024-05-03,20240503,CUST1065,PRD103,5,2340.88,915.39,10789.01,6155.8,4633.21
ORD101033,2024-05-03,20240503,CUST1117,PRD124,3,1557.69,235.6,4437.47,2806.44,1631.03
ORD101446,2024-05-03,20240503,CUST1197,PRD103,5,2340.88,777.38,10927.02,6155.8,4771.22
ORD103502,2024-05-03,20240503,CUST1178,PRD131,5,878.01,171.52,4218.53,2160.05,2058.48
ORD101452,2024-05-03,20240503,CUST1045,PRD131,5,878.01,36.26,4353.79,2160.05,2193.74
ORD102199,2024-05-04,20240504,CUST1075,PRD120,2,11941.0,489.28,23392.72,13935.48,9457.24
ORD102122,2024-05-04,20240504,CUST1089,PRD101,2,2720.52,299.63,5141.41,4062.38,1079.03
ORD103108,2024-05-04,20240504,CUST1122,PRD122,3,1341.58,552.78,3471.96,2529.12,942.84
ORD101151,2024-05-04,20240504,CUST1085,PRD113,5,2682.38,1177.88,12234.02,7851.2,4382.82
ORD100570,2024-05-04,20240504,CUST1127,PRD131,5,878.01,247.04,4143.01,2160.05,1982.96
ORD103770,2024-05-04,20240504,CUST1179,PRD122,2,1341.58,286.81,2396.35,1686.08,710.27
ORD101486,2024-05-04,20240504,CUST1172,PRD130,2,555.04,118.76,991.32,649.4,341.92
ORD103754,2024-05-04,20240504,CUST1069,PRD131,1,878.01,38.52,839.49,432.01,407.48
ORD103008,2024-05-04,20240504,CUST1223,PRD122,4,1341.58,792.01,4574.31,3372.16,1202.15
ORD102470,2024-05-04,20240504,CUST1019,PRD131,3,878.01,132.98,2501.05,1296.03,1205.02
ORD100812,2024-05-05,20240505,CUST1075,PRD131,2,878.01,171.85,1584.17,864.02,720.15
ORD104481,2024-05-05,20240505,CUST1166,PRD122,5,1341.58,331.35,6376.55,4215.2,2161.35
ORD100151,2024-05-05,20240505,CUST1099,PRD101,5,2720.52,2.89,13599.71,10155.95,3443.76
ORD100196,2024-05-05,20240505,CUST1193,PRD122,1,1341.58,180.29,1161.29,843.04,318.25
ORD104770,2024-05-05,20240505,CUST1037,PRD125,3,831.8,126.24,2369.16,1821.78,547.38
ORD104414,2024-05-06,20240506,CUST1175,PRD101,3,2720.52,378.06,7783.5,6093.57,1689.93
ORD102828,2024-05-06,20240506,CUST1196,PRD103,5,2340.88,1719.36,9985.04,6155.8,3829.24
ORD103842,2024-05-06,20240506,CUST1035,PRD130,1,555.04,18.87,536.17,324.7,211.47
ORD101218,2024-05-06,20240506,CUST1142,PRD112,1,2391.88,299.46,2092.42,1620.17,472.25
ORD104059,2024-05-06,20240506,CUST1237,PRD113,1,2682.38,125.13,2557.25,1570.24,987.01
ORD103640,2024-05-07,20240507,CUST1003,PRD131,5,878.01,362.02,4028.03,2160.05,1867.98
ORD104214,2024-05-07,20240507,CUST1175,PRD122,5,1341.58,294.85,6413.05,4215.2,2197.85
ORD100925,2024-05-07,20240507,CUST1193,PRD127,1,2448.22,103.82,2344.4,1339.43,1004.97
ORD101827,2024-05-07,20240507,CUST1161,PRD131,4,878.01,319.36,3192.68,1728.04,1464.64
ORD103957,2024-05-07,20240507,CUST1125,PRD124,3,1557.69,280.96,4392.11,2806.44,1585.67
ORD101075,2024-05-07,20240507,CUST1106,PRD109,5,740.34,546.15,3155.55,2757.0,398.55
ORD101246,2024-05-07,20240507,CUST1234,PRD125,2,831.8,52.36,1611.24,1214.52,396.72
ORD103912,2024-05-07,20240507,CUST1042,PRD113,3,2682.38,212.21,7834.93,4710.72,3124.21
ORD103165,2024-05-07,20240507,CUST1228,PRD109,3,740.34,100.64,2120.38,1654.2,466.18
ORD103565,2024-05-07,20240507,CUST1069,PRD113,3,2682.38,436.98,7610.16,4710.72,2899.44
ORD103894,2024-05-07,20240507,CUST1154,PRD113,3,2682.38,527.9,7519.24,4710.72,2808.52
ORD101661,2024-05-07,20240507,CUST1009,PRD116,1,6250.5,871.04,5379.46,4412.27,967.19
ORD102808,2024-05-07,20240507,CUST1241,PRD120,3,11941.0,4730.85,31092.15,20903.22,10188.93
ORD105193,2024-05-07,20240507,CUST1077,PRD103,1,2340.88,229.3,2111.58,1231.16,880.42
ORD102424,2024-05-07,20240507,CUST1071,PRD131,3,878.01,126.04,2507.99,1296.03,1211.96
ORD100519,2024-05-08,20240508,CUST1133,PRD120,1,11941.0,1733.31,10207.69,6967.74,3239.95
ORD104702,2024-05-08,20240508,CUST1074,PRD122,2,1341.58,96.36,2586.8,1686.08,900.72
ORD101166,2024-05-08,20240508,CUST1224,PRD109,1,740.34,34.67,705.67,551.4,154.27
ORD101066,2024-05-08,20240508,CUST1229,PRD122,4,1341.58,323.41,5042.91,3372.16,1670.75
ORD100322,2024-05-08,20240508,CUST1207,PRD110,3,1138.64,183.27,3232.65,1556.25,1676.4
ORD100426,2024-05-08,20240508,CUST1194,PRD110,3,1138.64,424.91,2991.01,1556.25,1434.76
ORD100236,2024-05-08,20240508,CUST1224,PRD131,2,878.01,77.1,1678.92,864.02,814.9
ORD101035,2024-05-08,20240508,CUST1192,PRD131,1,878.01,120.25,757.76,432.01,325.75
ORD100425,2024-05-08,20240508,CUST1002,PRD124,3,1557.69,305.14,4367.93,2806.44,1561.49
ORD101774,2024-05-09,20240509,CUST1137,PRD110,3,1138.64,430.42,2985.5,1556.25,1429.25
ORD101684,2024-05-09,20240509,CUST1062,PRD110,3,1138.64,286.31,3129.61,1556.25,1573.36
ORD103010,2024-05-09,20240509,CUST1212,PRD125,4,831.8,184.94,3142.26,2429.04,713.22
ORD100133,2024-05-09,20240509,CUST1167,PRD116,3,6250.5,2213.59,16537.91,13236.81,3301.1
ORD101688,2024-05-09,20240509,CUST1115,PRD131,1,878.01,98.05,779.96,432.01,347.95
ORD102551,2024-05-09,20240509,CUST1003,PRD105,1,1128.05,134.26,993.79,829.75,164.04
ORD100345,2024-05-09,20240509,CUST1184,PRD113,2,2682.38,419.97,4944.79,3140.48,1804.31
ORD101716,2024-05-10,20240510,CUST1015,PRD127,4,2448.22,1339.66,8453.22,5357.72,3095.5
ORD103756,2024-05-10,20240510,CUST1157,PRD109,5,740.34,231.13,3470.57,2757.0,713.57
ORD104983,2024-05-10,20240510,CUST1035,PRD125,1,831.8,28.97,802.83,607.26,195.57
ORD101765,2024-05-10,20240510,CUST1032,PRD125,2,831.8,244.37,1419.23,1214.52,204.71
ORD103087,2024-05-10,20240510,CUST1188,PRD122,2,1341.58,401.4,2281.76,1686.08,595.68
ORD102074,2024-05-10,20240510,CUST1012,PRD113,1,2682.38,283.46,2398.92,1570.24,828.68
ORD104217,2024-05-10,20240510,CUST1120,PRD124,1,1557.69,61.78,1495.91,935.48,560.43
ORD100523,2024-05-11,20240511,CUST1028,PRD116,3,6250.5,584.63,18166.87,13236.81,4930.06
ORD104066,2024-05-11,20240511,CUST1103,PRD109,4,740.34,106.82,2854.54,2205.6,648.94
ORD104335,2024-05-11,20240511,CUST1179,PRD105,5,1128.05,228.82,5411.43,4148.75,1262.68
ORD104575,2024-05-11,20240511,CUST1173,PRD123,4,1667.88,451.57,6219.95,4879.76,1340.19
ORD101065,2024-05-12,20240512,CUST1041,PRD124,5,1557.69,13.71,7774.74,4677.4,3097.34
ORD102215,2024-05-12,20240512,CUST1241,PRD131,3,878.01,216.28,2417.75,1296.03,1121.72
ORD102419,2024-05-12,20240512,CUST1226,PRD122,3,1341.58,553.46,3471.28,2529.12,942.16
ORD101582,2024-05-12,20240512,CUST1043,PRD110,1,1138.64,41.67,1096.97,518.75,578.22
ORD100638,2024-05-12,20240512,CUST1249,PRD131,2,878.01,6.09,1749.93,864.02,885.91
ORD103156,2024-05-12,20240512,CUST1044,PRD122,2,1341.58,107.89,2575.27,1686.08,889.19
ORD103033,2024-05-13,20240513,CUST1237,PRD129,2,372.05,67.11,676.99,457.1,219.89
ORD102686,2024-05-13,20240513,CUST1189,PRD131,4,878.01,84.87,3427.17,1728.04,1699.13
ORD103717,2024-05-13,20240513,CUST1217,PRD116,2,6250.5,1299.76,11201.24,8824.54,2376.7
ORD100045,2024-05-13,20240513,CUST1227,PRD124,3,1557.69,674.0,3999.07,2806.44,1192.63
ORD104776,2024-05-14,20240514,CUST1048,PRD127,5,2448.22,1161.04,11080.06,6697.15,4382.91
ORD104824,2024-05-14,20240514,CUST1073,PRD131,5,878.01,103.59,4286.46,2160.05,2126.41
ORD103854,2024-05-14,20240514,CUST1075,PRD125,4,831.8,217.25,3109.95,2429.04,680.91
ORD103666,2024-05-14,20240514,CUST1191,PRD113,1,2682.38,82.19,2600.19,1570.24,1029.95
ORD103544,2024-05-14,20240514,CUST1083,PRD131,2,878.01,247.73,1508.29,864.02,644.27
ORD101815,2024-05-14,20240514,CUST1219,PRD131,5,878.01,78.3,4311.75,2160.05,2151.7
ORD104563,2024-05-14,20240514,CUST1033,PRD113,1,2682.38,61.28,2621.1,1570.24,1050.86
ORD100439,2024-05-14,20240514,CUST1173,PRD115,4,2955.79,1630.36,10192.8,6196.72,3996.08
ORD102984,2024-05-15,20240515,CUST1095,PRD103,4,2340.88,106.4,9257.12,4924.64,4332.48
ORD102162,2024-05-15,20240515,CUST1217,PRD130,3,555.04,207.33,1457.79,974.1,483.69
ORD101247,2024-05-15,20240515,CUST1057,PRD110,2,1138.64,10.53,2266.75,1037.5,1229.25
ORD102230,2024-05-15,20240515,CUST1013,PRD101,2,2720.52,643.75,4797.29,4062.38,734.91
ORD100753,2024-05-15,20240515,CUST1248,PRD116,5,6250.5,3693.9,27558.6,22061.35,5497.25
ORD100013,2024-05-15,20240515,CUST1170,PRD115,3,2955.79,466.13,8401.24,4647.54,3753.7
ORD104168,2024-05-16,20240516,CUST1000,PRD112,3,2391.88,637.4,6538.24,4860.51,1677.73
ORD103783,2024-05-16,20240516,CUST1102,PRD124,1,1557.69,8.36,1549.33,935.48,613.85
ORD101309,2024-05-16,20240516,CUST1066,PRD105,4,1128.05,509.47,4002.73,3319.0,683.73
ORD100073,2024-05-16,20240516,CUST1075,PRD131,3,878.01,338.49,2295.54,1296.03,999.51
ORD101457,2024-05-16,20240516,CUST1057,PRD130,3,555.04,132.63,1532.49,974.1,558.39
ORD101885,2024-05-16,20240516,CUST1077,PRD113,4,2682.38,414.43,10315.09,6280.96,4034.13
ORD103863,2024-05-16,20240516,CUST1178,PRD101,2,2720.52,810.65,4630.39,4062.38,568.01
ORD102012,2024-05-16,20240516,CUST1204,PRD122,3,1341.58,219.01,3805.73,2529.12,1276.61
ORD103976,2024-05-17,20240517,CUST1017,PRD127,3,2448.22,749.42,6595.24,4018.29,2576.95
ORD104353,2024-05-17,20240517,CUST1074,PRD127,5,2448.22,1431.12,10809.98,6697.15,4112.83
ORD100938,2024-05-17,20240517,CUST1140,PRD131,4,878.01,33.51,3478.53,1728.04,1750.49
ORD100750,2024-05-17,20240517,CUST1155,PRD121,3,711.15,233.39,1900.06,1653.3,246.76
ORD104048,2024-05-17,20240517,CUST1065,PRD103,5,2340.88,1531.67,10172.73,6155.8,4016.93
ORD101675,2024-05-17,20240517,CUST1228,PRD125,4,831.8,46.1,3281.1,2429.04,852.06
ORD100694,2024-05-17,20240517,CUST1044,PRD118,5,1714.96,362.38,8212.42,4466.05,3746.37
ORD101337,2024-05-17,20240517,CUST1106,PRD108,5,1410.45,218.04,6834.21,3815.1,3019.11
ORD102363,2024-05-17,20240517,CUST1246,PRD105,4,1128.05,325.68,4186.52,3319.0,867.52
ORD104178,2024-05-17,20240517,CUST1229,PRD107,2,14757.66,782.66,28732.66,21046.76,7685.9
ORD103517,2024-05-17,20240517,CUST1121,PRD101,1,2720.52,234.04,2486.48,2031.19,455.29
ORD102303,2024-05-17,20240517,CUST1068,PRD125,2,831.8,110.41,1553.19,1214.52,338.67
ORD101217,2024-05-18,20240518,CUST1058,PRD120,2,11941.0,489.61,23392.39,13935.48,9456.91
ORD102265,2024-05-18,20240518,CUST1160,PRD127,1,2448.22,2.26,2445.96,1339.43,1106.53
ORD101963,2024-05-18,20240518,CUST1169,PRD109,2,740.34,162.66,1318.02,1102.8,215.22
ORD104874,2024-05-18,20240518,CUST1055,PRD122,1,1341.58,71.88,1269.7,843.04,426.66
ORD101029,2024-05-18,20240518,CUST1212,PRD127,4,2448.22,794.94,8997.94,5357.72,3640.22
ORD102665,2024-05-18,20240518,CUST1048,PRD110,3,1138.64,3.7,3412.22,1556.25,1855.97
ORD102568,2024-05-18,20240518,CUST1050,PRD108,2,1410.45,200.2,2620.7,1526.04,1094.66
ORD101876,2024-05-18,20240518,CUST1174,PRD125,3,831.8,16.73,2478.67,1821.78,656.89
ORD100817,2024-05-18,20240518,CUST1156,PRD131,2,878.01,109.64,1646.38,864.02,782.36
ORD100167,2024-05-18,20240518,CUST1244,PRD125,1,831.8,90.74,741.06,607.26,133.8
ORD104676,2024-05-18,20240518,CUST1210,PRD113,4,2682.38,817.27,9912.25,6280.96,3631.29
ORD102637,2024-05-19,20240519,CUST1188,PRD131,4,878.01,337.26,3174.78,1728.04,1446.74
ORD104080,2024-05-19,20240519,CUST1166,PRD125,5,831.8,421.33,3737.67,3036.3,701.37
ORD101798,2024-05-19,20240519,CUST1144,PRD125,5,831.8,36.47,4122.53,3036.3,1086.23
ORD102639,2024-05-19,20240519,CUST1166,PRD122,4,1341.58,26.7,5339.62,3372.16,1967.46
ORD103813,2024-05-19,20240519,CUST1002,PRD124,2,1557.69,465.48,2649.9,1870.96,778.94
ORD105153,2024-05-20,20240520,CUST1223,PRD131,4,878.01,92.12,3419.92,1728.04,1691.88
ORD100446,2024-05-20,20240520,CUST1151,PRD125,1,831.8,3.87,827.93,607.26,220.67
ORD104132,2024-05-20,20240520,CUST1054,PRD110,1,1138.64,97.89,1040.75,518.75,522.0
ORD101251,2024-05-20,20240520,CUST1158,PRD122,5,1341.58,362.26,6345.64,4215.2,2130.44
ORD104183,2024-05-20,20240520,CUST1244,PRD120,1,11941.0,1780.3,10160.7,6967.74,3192.96
ORD100299,2024-05-20,20240520,CUST1051,PRD108,2,1410.45,321.82,2499.08,1526.04,973.04
ORD103572,2024-05-20,20240520,CUST1021,PRD125,4,831.8,238.47,3088.73,2429.04,659.69
ORD101164,2024-05-20,20240520,CUST1064,PRD113,2,2682.38,776.36,4588.4,3140.48,1447.92
ORD102732,2024-05-20,20240520,CUST1085,PRD122,2,1341.58,303.39,2379.77,1686.08,693.69
ORD102708,2024-05-21,20240521,CUST1107,PRD101,2,2720.52,795.95,4645.09,4062.38,582.71
ORD103815,2024-05-21,20240521,CUST1138,PRD120,1,11941.0,40.88,11900.12,6967.74,4932.38
ORD103407,2024-05-21,20240521,CUST1197,PRD113,1,2682.38,388.84,2293.54,1570.24,723.3
ORD100587,2024-05-21,20240521,CUST1001,PRD124,4,1557.69,813.64,5417.12,3741.92,1675.2
ORD102093,2024-05-21,20240521,CUST1081,PRD124,2,1557.69,362.66,2752.72,1870.96,881.76
ORD100983,2024-05-21,20240521,CUST1111,PRD131,1,878.01,46.59,831.42,432.01,399.41
ORD102379,2024-05-21,20240521,CUST1235,PRD113,1,2682.38,140.77,2541.61,1570.24,971.37
ORD104035,2024-05-22,20240522,CUST1245,PRD125,5,831.8,375.53,3783.47,3036.3,747.17
ORD100889,2024-05-22,20240522,CUST1060,PRD124,1,1557.69,44.82,1512.87,935.48,577.39
ORD101602,2024-05-22,20240522,CUST1161,PRD113,1,2682.38,42.79,2639.59,1570.24,1069.35
ORD101219,2024-05-22,20240522,CUST1170,PRD130,5,555.04,117.65,2657.55,1623.5,1034.05
ORD103557,2024-05-22,20240522,CUST1247,PRD101,3,2720.52,547.49,7614.07,6093.57,1520.5
ORD104957,2024-05-22,20240522,CUST1015,PRD131,5,878.01,203.91,4186.14,2160.05,2026.09
ORD100508,2024-05-22,20240522,CUST1033,PRD115,2,2955.79,222.95,5688.63,3098.36,2590.27
ORD102892,2024-05-22,20240522,CUST1091,PRD103,2,2340.88,23.02,4658.74,2462.32,2196.42
ORD101153,2024-05-22,20240522,CUST1179,PRD122,4,1341.58,18.68,5347.64,3372.16,1975.48
ORD103392,2024-05-22,20240522,CUST1104,PRD115,3,2955.79,220.25,8647.12,4647.54,3999.58
ORD103981,2024-05-22,20240522,CUST1136,PRD125,1,831.8,62.71,769.09,607.26,161.83
ORD101795,2024-05-23,20240523,CUST1042,PRD107,5,14757.66,5692.05,68096.25,52616.9,15479.35
ORD103523,2024-05-23,20240523,CUST1156,PRD130,2,555.04,51.62,1058.46,649.4,409.06
ORD101125,2024-05-23,20240523,CUST1100,PRD131,2,878.01,59.79,1696.23,864.02,832.21
ORD101728,2024-05-23,20240523,CUST1079,PRD130,2,555.04,110.16,999.92,649.4,350.52
ORD102304,2024-05-23,20240523,CUST1179,PRD131,1,878.01,25.78,852.23,432.01,420.22
ORD102598,2024-05-23,20240523,CUST1106,PRD122,4,1341.58,683.93,4682.39,3372.16,1310.23
ORD102747,2024-05-24,20240524,CUST1191,PRD116,2,6250.5,1007.64,11493.36,8824.54,2668.82
ORD102563,2024-05-24,20240524,CUST1076,PRD131,1,878.01,102.8,775.21,432.01,343.2
ORD102445,2024-05-24,20240524,CUST1092,PRD125,4,831.8,121.24,3205.96,2429.04,776.92
ORD103148,2024-05-24,20240524,CUST1129,PRD124,4,1557.69,661.26,5569.5,3741.92,1827.58
ORD102952,2024-05-24,20240524,CUST1148,PRD109,4,740.34,44.24,2917.12,2205.6,711.52
ORD102613,2024-05-24,20240524,CUST1155,PRD110,2,1138.64,127.56,2149.72,1037.5,1112.22
ORD100820,2024-05-24,20240524,CUST1186,PRD116,5,6250.5,3581.52,27670.98,22061.35,5609.63
ORD103699,2024-05-24,20240524,CUST1191,PRD125,3,831.8,103.58,2391.82,1821.78,570.04
ORD101024,2024-05-24,20240524,CUST1200,PRD110,2,1138.64,124.48,2152.8,1037.5,1115.3
ORD100757,2024-05-25,20240525,CUST1127,PRD130,4,555.04,46.06,2174.1,1298.8,875.3
ORD101011,2024-05-25,20240525,CUST1083,PRD125,5,831.8,442.95,3716.05,3036.3,679.75
ORD100550,2024-05-25,20240525,CUST1207,PRD113,3,2682.38,999.24,7047.9,4710.72,2337.18
ORD103266,2024-05-26,20240526,CUST1144,PRD131,3,878.01,13.69,2620.34,1296.03,1324.31
ORD102901,2024-05-26,20240526,CUST1100,PRD128,2,577.0,79.99,1074.01,773.84,300.17
ORD104150,2024-05-26,20240526,CUST1161,PRD116,5,6250.5,3405.23,27847.27,22061.35,5785.92
ORD103350,2024-05-26,20240526,CUST1219,PRD109,2,740.34,180.19,1300.49,1102.8,197.69
ORD100822,2024-05-26,20240526,CUST1181,PRD124,2,1557.69,103.79,3011.59,1870.96,1140.63
ORD102020,2024-05-26,20240526,CUST1192,PRD113,2,2682.38,99.9,5264.86,3140.48,2124.38
ORD104889,2024-05-26,20240526,CUST1043,PRD130,4,555.04,108.0,2112.16,1298.8,813.36
ORD103547,2024-05-26,20240526,CUST1057,PRD131,2,878.01,203.19,1552.83,864.02,688.81
ORD102376,2024-05-26,20240526,CUST1104,PRD122,4,1341.58,375.14,4991.18,3372.16,1619.02
ORD101838,2024-05-26,20240526,CUST1085,PRD122,5,1341.58,452.12,6255.78,4215.2,2040.58
ORD102015,2024-05-26,20240526,CUST1024,PRD110,5,1138.64,2.69,5690.51,2593.75,3096.76
ORD101780,2024-05-27,20240527,CUST1182,PRD101,4,2720.52,1244.01,9638.07,8124.76,1513.31
ORD101435,2024-05-27,20240527,CUST1039,PRD131,1,878.01,88.69,789.32,432.01,357.31
ORD102650,2024-05-27,20240527,CUST1094,PRD122,1,1341.58,123.42,1218.16,843.04,375.12
ORD103308,2024-05-27,20240527,CUST1029,PRD103,4,2340.88,389.01,8974.51,4924.64,4049.87
ORD102106,2024-05-27,20240527,CUST1001,PRD124,5,1557.69,726.36,7062.09,4677.4,2384.69
ORD100406,2024-05-27,20240527,CUST1191,PRD109,5,740.34,40.64,3661.06,2757.0,904.06
ORD100898,2024-05-27,20240527,CUST1068,PRD124,5,1557.69,386.95,7401.5,4677.4,2724.1
ORD105101,2024-05-28,20240528,CUST1094,PRD130,5,555.04,186.5,2588.7,1623.5,965.2
ORD100783,2024-05-28,20240528,CUST1067,PRD113,2,2682.38,614.83,4749.93,3140.48,1609.45
ORD104677,2024-05-28,20240528,CUST1203,PRD127,1,2448.22,19.83,2428.39,1339.43,1088.96
ORD101723,2024-05-28,20240528,CUST1056,PRD131,3,878.01,350.05,2283.98,1296.03,987.95
ORD100206,2024-05-28,20240528,CUST1195,PRD122,1,1341.58,79.16,1262.42,843.04,419.38
ORD104253,2024-05-28,20240528,CUST1013,PRD109,3,740.34,124.02,2097.0,1654.2,442.8
ORD104882,2024-05-28,20240528,CUST1199,PRD131,5,878.01,565.6,3824.45,2160.05,1664.4
ORD102583,2024-05-28,20240528,CUST1102,PRD108,5,1410.45,123.33,6928.92,3815.1,3113.82
ORD100665,2024-05-28,20240528,CUST1166,PRD116,5,6250.5,1017.98,30234.52,22061.35,8173.17
ORD101639,2024-05-29,20240529,CUST1026,PRD124,1,1557.69,215.02,1342.67,935.48,407.19
ORD103421,2024-05-29,20240529,CUST1081,PRD101,5,2720.52,1404.14,12198.46,10155.95,2042.51
ORD100776,2024-05-29,20240529,CUST1036,PRD124,1,1557.69,4.22,1553.47,935.48,617.99
ORD102899,2024-05-29,20240529,CUST1199,PRD103,1,2340.88,151.13,2189.75,1231.16,958.59
ORD103171,2024-05-30,20240530,CUST1125,PRD131,2,878.01,77.56,1678.46,864.02,814.44
ORD101506,2024-05-30,20240530,CUST1066,PRD131,3,878.01,219.24,2414.79,1296.03,1118.76
ORD100535,2024-05-30,20240530,CUST1112,PRD122,5,1341.58,403.73,6304.17,4215.2,2088.97
ORD103582,2024-05-30,20240530,CUST1064,PRD108,3,1410.45,1.68,4229.67,2289.06,1940.61
ORD100871,2024-05-30,20240530,CUST1031,PRD103,2,2340.88,684.96,3996.8,2462.32,1534.48
ORD101921,2024-05-30,20240530,CUST1047,PRD113,2,2682.38,667.94,4696.82,3140.48,1556.34
ORD104117,2024-05-30,20240530,CUST1154,PRD116,5,6250.5,3749.66,27502.84,22061.35,5441.49
ORD101059,2024-05-30,20240530,CUST1244,PRD130,5,555.04,182.07,2593.13,1623.5,969.63
ORD103687,2024-05-31,20240531,CUST1131,PRD103,5,2340.88,1150.22,10554.18,6155.8,4398.38
ORD103268,2024-05-31,20240531,CUST1017,PRD131,5,878.01,138.96,4251.09,2160.05,2091.04
ORD104671,2024-05-31,20240531,CUST1042,PRD101,2,2720.52,498.35,4942.69,4062.38,880.31
ORD103479,2024-05-31,20240531,CUST1026,PRD113,4,2682.38,1346.21,9383.31,6280.96,3102.35
ORD101372,2024-05-31,20240531,CUST1169,PRD130,1,555.04,23.7,531.34,324.7,206.64
ORD105110,2024-05-31,20240531,CUST1153,PRD122,5,1341.58,159.44,6548.46,4215.2,2333.26
ORD100516,2024-05-31,20240531,CUST1055,PRD125,4,831.8,386.18,2941.02,2429.04,511.98
ORD101977,2024-05-31,20240531,CUST1130,PRD103,4,2340.88,530.2,8833.32,4924.64,3908.68
ORD102988,2024-06-01,20240601,CUST1025,PRD131,5,878.01,179.62,4210.43,2160.05,2050.38
ORD103018,2024-06-01,20240601,CUST1204,PRD105,3,1128.05,254.77,3129.38,2489.25,640.13
ORD104429,2024-06-01,20240601,CUST1194,PRD124,4,1557.69,716.8,5513.96,3741.92,1772.04
ORD102443,2024-06-01,20240601,CUST1038,PRD127,3,2448.22,613.37,6731.29,4018.29,2713.0
ORD101205,2024-06-01,20240601,CUST1009,PRD115,3,2955.79,1234.8,7632.57,4647.54,2985.03
ORD101204,2024-06-01,20240601,CUST1084,PRD116,3,6250.5,1564.46,17187.04,13236.81,3950.23
ORD100417,2024-06-01,20240601,CUST1011,PRD101,5,2720.52,984.26,12618.34,10155.95,2462.39
ORD103595,2024-06-02,20240602,CUST1067,PRD131,2,878.01,166.66,1589.36,864.02,725.34
ORD100347,2024-06-02,20240602,CUST1055,PRD124,1,1557.69,168.36,1389.33,935.48,453.85
ORD100095,2024-06-02,20240602,CUST1026,PRD129,1,372.05,4.34,367.71,228.55,139.16
ORD104717,2024-06-02,20240602,CUST1139,PRD105,4,1128.05,484.96,4027.24,3319.0,708.24
ORD100561,2024-06-02,20240602,CUST1173,PRD131,3,878.01,272.72,2361.31,1296.03,1065.28
ORD101893,2024-06-02,20240602,CUST1104,PRD131,2,878.01,114.5,1641.52,864.02,777.5
ORD102536,2024-06-03,20240603,CUST1001,PRD131,3,878.01,258.12,2375.91,1296.03,1079.88
ORD104743,2024-06-03,20240603,CUST1069,PRD130,2,555.04,117.48,992.6,649.4,343.2
ORD103951,2024-06-03,20240603,CUST1008,PRD124,5,1557.69,580.8,7207.65,4677.4,2530.25
ORD101279,2024-06-03,20240603,CUST1192,PRD131,2,878.01,1.66,1754.36,864.02,890.34
ORD102742,2024-06-03,20240603,CUST1086,PRD131,4,878.01,33.59,3478.45,1728.04,1750.41
ORD102399,2024-06-03,20240603,CUST1083,PRD116,1,6250.5,865.99,5384.51,4412.27,972.24
ORD101253,2024-06-03,20240603,CUST1213,PRD124,5,1557.69,799.34,6989.11,4677.4,2311.71
ORD104858,2024-06-03,20240603,CUST1031,PRD101,2,2720.52,422.89,5018.15,4062.38,955.77
ORD104872,2024-06-03,20240603,CUST1232,PRD131,5,878.01,209.0,4181.05,2160.05,2021.0
ORD101454,2024-06-03,20240603,CUST1243,PRD116,4,6250.5,405.6,24596.4,17649.08,6947.32
ORD103166,2024-06-04,20240604,CUST1166,PRD125,1,831.8,123.19,708.61,607.26,101.35
ORD104731,2024-06-04,20240604,CUST1059,PRD118,2,1714.96,264.01,3165.91,1786.42,1379.49
ORD100489,2024-06-04,20240604,CUST1082,PRD130,1,555.04,69.34,485.7,324.7,161.0
ORD101196,2024-06-04,20240604,CUST1185,PRD110,5,1138.64,286.08,5407.12,2593.75,2813.37
ORD102040,2024-06-05,20240605,CUST1208,PRD101,4,2720.52,1518.96,9363.12,8124.76,1238.36
ORD103357,2024-06-05,20240605,CUST1041,PRD116,2,6250.5,208.44,12292.56,8824.54,3468.02
ORD102384,2024-06-05,20240605,CUST1178,PRD105,1,1128.05,166.35,961.7,829.75,131.95
ORD100747,2024-06-05,20240605,CUST1212,PRD124,1,1557.69,5.74,1551.95,935.48,616.47
ORD100629,2024-06-05,20240605,CUST1104,PRD131,4,878.01,113.44,3398.6,1728.04,1670.56
ORD100512,2024-06-05,20240605,CUST1248,PRD127,4,2448.22,1409.37,8383.51,5357.72,3025.79
ORD101594,2024-06-06,20240606,CUST1044,PRD131,3,878.01,189.71,2444.32,1296.03,1148.29
ORD101411,2024-06-06,20240606,CUST1168,PRD127,1,2448.22,337.35,2110.87,1339.43,771.44
ORD102782,2024-06-06,20240606,CUST1085,PRD131,3,878.01,99.29,2534.74,1296.03,1238.71
ORD100504,2024-06-06,20240606,CUST1114,PRD103,5,2340.88,607.14,11097.26,6155.8,4941.46
ORD101006,2024-06-06,20240606,CUST1232,PRD131,5,878.01,428.61,3961.44,2160.05,1801.39
ORD100843,2024-06-06,20240606,CUST1232,PRD109,4,740.34,441.28,2520.08,2205.6,314.48
ORD100687,2024-06-06,20240606,CUST1010,PRD130,2,555.04,17.79,1092.29,649.4,442.89
ORD103702,2024-06-06,20240606,CUST1001,PRD113,5,2682.38,981.48,12430.42,7851.2,4579.22
ORD101834,2024-06-06,20240606,CUST1214,PRD105,5,1128.05,514.28,5125.97,4148.75,977.22
ORD101150,2024-06-06,20240606,CUST1068,PRD101,2,2720.52,289.0,5152.04,4062.38,1089.66
ORD103382,2024-06-07,20240607,CUST1028,PRD124,3,1557.69,460.78,4212.29,2806.44,1405.85
ORD102356,2024-06-07,20240607,CUST1216,PRD124,2,1557.69,192.49,2922.89,1870.96,1051.93
ORD103928,2024-06-07,20240607,CUST1224,PRD124,2,1557.69,0.95,3114.43,1870.96,1243.47
ORD100586,2024-06-07,20240607,CUST1211,PRD108,2,1410.45,227.8,2593.1,1526.04,1067.06
ORD104690,2024-06-07,20240607,CUST1032,PRD127,1,2448.22,127.62,2320.6,1339.43,981.17
ORD101509,2024-06-07,20240607,CUST1045,PRD122,4,1341.58,150.71,5215.61,3372.16,1843.45
ORD101584,2024-06-07,20240607,CUST1041,PRD116,1,6250.5,117.53,6132.97,4412.27,1720.7
ORD103561,2024-06-08,20240608,CUST1123,PRD116,5,6250.5,472.2,30780.3,22061.35,8718.95
ORD100279,2024-06-08,20240608,CUST1073,PRD126,4,2373.84,58.19,9437.17,6603.4,2833.77
ORD104425,2024-06-08,20240608,CUST1128,PRD131,4,878.01,457.66,3054.38,1728.04,1326.34
ORD100875,2024-06-08,20240608,CUST1002,PRD113,4,2682.38,55.45,10674.07,6280.96,4393.11
ORD105190,2024-06-08,20240608,CUST1176,PRD131,2,878.01,244.15,1511.87,864.02,647.85
ORD103205,2024-06-08,20240608,CUST1019,PRD131,1,878.01,68.03,809.98,432.01,377.97
ORD104866,2024-06-09,20240609,CUST1249,PRD101,2,2720.52,284.73,5156.31,4062.38,1093.93
ORD100415,2024-06-09,20240609,CUST1127,PRD130,4,555.04,282.13,1938.03,1298.8,639.23
ORD101381,2024-06-09,20240609,CUST1174,PRD122,1,1341.58,78.77,1262.81,843.04,419.77
ORD103207,2024-06-09,20240609,CUST1167,PRD113,2,2682.38,557.83,4806.93,3140.48,1666.45
ORD103299,2024-06-09,20240609,CUST1050,PRD128,1,577.0,25.67,551.33,386.92,164.41
ORD101829,2024-06-09,20240609,CUST1108,PRD103,3,2340.88,206.61,6816.03,3693.48,3122.55
ORD104632,2024-06-09,20240609,CUST1006,PRD122,2,1341.58,189.31,2493.85,1686.08,807.77
ORD105072,2024-06-09,20240609,CUST1151,PRD109,1,740.34,26.01,714.33,551.4,162.93
ORD100720,2024-06-10,20240610,CUST1062,PRD125,2,831.8,210.74,1452.86,1214.52,238.34
ORD105087,2024-06-10,20240610,CUST1240,PRD125,4,831.8,151.94,3175.26,2429.04,746.22
ORD100448,2024-06-10,20240610,CUST1041,PRD110,4,1138.64,494.21,4060.35,2075.0,1985.35
ORD102575,2024-06-10,20240610,CUST1047,PRD101,5,2720.52,939.94,12662.66,10155.95,2506.71
ORD101755,2024-06-10,20240610,CUST1173,PRD124,5,1557.69,662.15,7126.3,4677.4,2448.9
ORD103222,2024-06-10,20240610,CUST1228,PRD116,3,6250.5,899.25,17852.25,13236.81,4615.44
ORD104998,2024-06-10,20240610,CUST1222,PRD125,4,831.8,89.28,3237.92,2429.04,808.88
ORD104925,2024-06-11,20240611,CUST1121,PRD124,3,1557.69,182.62,4490.45,2806.44,1684.01
ORD104923,2024-06-11,20240611,CUST1106,PRD125,1,831.8,105.96,725.84,607.26,118.58
ORD100365,2024-06-11,20240611,CUST1239,PRD127,2,2448.22,571.29,4325.15,2678.86,1646.29
ORD101356,2024-06-11,20240611,CUST1077,PRD116,2,6250.5,1306.29,11194.71,8824.54,2370.17
ORD103399,2024-06-11,20240611,CUST1017,PRD124,5,1557.69,403.31,7385.14,4677.4,2707.74
ORD103738,2024-06-11,20240611,CUST1111,PRD109,1,740.34,77.58,662.76,551.4,111.36
ORD101541,2024-06-11,20240611,CUST1207,PRD125,4,831.8,40.13,3287.07,2429.04,858.03
ORD101152,2024-06-12,20240612,CUST1037,PRD113,5,2682.38,1685.12,11726.78,7851.2,3875.58
ORD103240,2024-06-12,20240612,CUST1226,PRD124,4,1557.69,22.85,6207.91,3741.92,2465.99
ORD101406,2024-06-12,20240612,CUST1090,PRD105,5,1128.05,567.3,5072.95,4148.75,924.2
ORD104159,2024-06-12,20240612,CUST1211,PRD124,4,1557.69,275.88,5954.88,3741.92,2212.96
ORD101621,2024-06-12,20240612,CUST1238,PRD110,5,1138.64,543.89,5149.31,2593.75,2555.56
ORD101768,2024-06-12,20240612,CUST1208,PRD103,3,2340.88,108.0,6914.64,3693.48,3221.16
ORD100317,2024-06-12,20240612,CUST1068,PRD131,3,878.01,9.44,2624.59,1296.03,1328.56
ORD100759,2024-06-13,20240613,CUST1178,PRD131,2,878.01,159.22,1596.8,864.02,732.78
ORD101167,2024-06-13,20240613,CUST1136,PRD125,4,831.8,205.28,3121.92,2429.04,692.88
ORD101644,2024-06-13,20240613,CUST1168,PRD124,2,1557.69,64.81,3050.57,1870.96,1179.61
ORD101124,2024-06-13,20240613,CUST1150,PRD124,1,1557.69,86.84,1470.85,935.48,535.37
ORD101739,2024-06-13,20240613,CUST1195,PRD131,3,878.01,156.98,2477.05,1296.03,1181.02
ORD103177,2024-06-13,20240613,CUST1094,PRD124,2,1557.69,410.72,2704.66,1870.96,833.7
ORD104530,2024-06-13,20240613,CUST1230,PRD107,4,14757.66,2645.28,56385.36,42093.52,14291.84
ORD101015,2024-06-13,20240613,CUST1230,PRD131,2,878.01,90.6,1665.42,864.02,801.4
ORD101266,2024-06-13,20240613,CUST1211,PRD124,2,1557.69,113.4,3001.98,1870.96,1131.02
ORD103370,2024-06-13,20240613,CUST1059,PRD131,1,878.01,20.8,857.21,432.01,425.2
ORD103739,2024-06-13,20240613,CUST1085,PRD101,5,2720.52,1394.23,12208.37,10155.95,2052.42
ORD102058,2024-06-14,20240614,CUST1134,PRD101,2,2720.52,56.51,5384.53,4062.38,1322.15
ORD100379,2024-06-14,20240614,CUST1213,PRD127,5,2448.22,0.31,12240.79,6697.15,5543.64
ORD104640,2024-06-14,20240614,CUST1217,PRD116,4,6250.5,2651.84,22350.16,17649.08,4701.08
ORD100911,2024-06-14,20240614,CUST1208,PRD105,3,1128.05,161.67,3222.48,2489.25,733.23
ORD102105,2024-06-14,20240614,CUST1168,PRD131,4,878.01,166.97,3345.07,1728.04,1617.03
ORD103052,2024-06-14,20240614,CUST1034,PRD110,2,1138.64,255.35,2021.93,1037.5,984.43
ORD102200,2024-06-14,20240614,CUST1121,PRD110,4,1138.64,30.0,4524.56,2075.0,2449.56
ORD102778,2024-06-14,20240614,CUST1184,PRD127,4,2448.22,437.75,9355.13,5357.72,3997.41
ORD105126,2024-06-14,20240614,CUST1092,PRD125,1,831.8,95.31,736.49,607.26,129.23
ORD102011,2024-06-14,20240614,CUST1013,PRD125,2,831.8,75.19,1588.41,1214.52,373.89
ORD104953,2024-06-14,20240614,CUST1115,PRD116,1,6250.5,92.29,6158.21,4412.27,1745.94
ORD104046,2024-06-15,20240615,CUST1112,PRD110,1,1138.64,13.7,1124.94,518.75,606.19
ORD102962,2024-06-15,20240615,CUST1026,PRD122,4,1341.58,193.11,5173.21,3372.16,1801.05
ORD101287,2024-06-15,20240615,CUST1167,PRD113,1,2682.38,276.98,2405.4,1570.24,835.16
ORD101681,2024-06-15,20240615,CUST1213,PRD125,1,831.8,18.44,813.36,607.26,206.1
ORD104517,2024-06-15,20240615,CUST1178,PRD113,3,2682.38,645.2,7401.94,4710.72,2691.22
ORD100962,2024-06-15,20240615,CUST1212,PRD101,4,2720.52,310.29,10571.79,8124.76,2447.03
ORD101705,2024-06-16,20240616,CUST1013,PRD112,1,2391.88,244.25,2147.63,1620.17,527.46
ORD100930,2024-06-16,20240616,CUST1036,PRD125,5,831.8,306.47,3852.53,3036.3,816.23
ORD103705,2024-06-17,20240617,CUST1172,PRD124,4,1557.69,887.91,5342.85,3741.92,1600.93
ORD103657,2024-06-17,20240617,CUST1200,PRD122,2,1341.58,388.34,2294.82,1686.08,608.74
ORD103107,2024-06-17,20240617,CUST1011,PRD110,5,1138.64,277.24,5415.96,2593.75,2822.21
ORD101609,2024-06-17,20240617,CUST1205,PRD122,3,1341.58,453.22,3571.52,2529.12,1042.4
ORD104614,2024-06-17,20240617,CUST1128,PRD128,2,577.0,123.0,1031.0,773.84,257.16
ORD102935,2024-06-18,20240618,CUST1154,PRD120,3,11941.0,4123.38,31699.62,20903.22,10796.4
ORD104306,2024-06-18,20240618,CUST1064,PRD130,2,555.04,152.51,957.57,649.4,308.17
ORD101067,2024-06-18,20240618,CUST1025,PRD131,1,878.01,61.95,816.06,432.01,384.05
ORD103884,2024-06-18,20240618,CUST1230,PRD131,1,878.01,86.75,791.26,432.01,359.25
ORD103330,2024-06-18,20240618,CUST1039,PRD110,4,1138.64,322.32,4232.24,2075.0,2157.24
ORD103949,2024-06-19,20240619,CUST1005,PRD113,1,2682.38,400.32,2282.06,1570.24,711.82
ORD104579,2024-06-19,20240619,CUST1057,PRD131,2,878.01,146.71,1609.31,864.02,745.29
ORD100002,2024-06-19,20240619,CUST1167,PRD131,1,878.01,116.73,761.28,432.01,329.27
ORD102772,2024-06-19,20240619,CUST1163,PRD124,5,1557.69,281.33,7507.12,4677.4,2829.72
ORD103631,2024-06-20,20240620,CUST1036,PRD113,5,2682.38,229.18,13182.72,7851.2,5331.52
ORD102489,2024-06-20,20240620,CUST1187,PRD129,3,372.05,154.34,961.81,685.65,276.16
ORD103823,2024-06-20,20240620,CUST1009,PRD125,1,831.8,21.33,810.47,607.26,203.21
ORD101177,2024-06-20,20240620,CUST1009,PRD105,1,1128.05,81.89,1046.16,829.75,216.41
ORD100290,2024-06-20,20240620,CUST1053,PRD104,1,8667.94,272.76,8395.18,3100.53,5294.65
ORD102715,2024-06-20,20240620,CUST1041,PRD131,5,878.01,285.63,4104.42,2160.05,1944.37
ORD103083,2024-06-20,20240620,CUST1145,PRD105,3,1128.05,133.39,3250.76,2489.25,761.51
ORD100360,2024-06-20,20240620,CUST1152,PRD124,3,1557.69,305.02,4368.05,2806.44,1561.61
ORD103012,2024-06-20,20240620,CUST1230,PRD122,2,1341.58,268.9,2414.26,1686.08,728.18
ORD101373,2024-06-21,20240621,CUST1240,PRD120,2,11941.0,220.72,23661.28,13935.48,9725.8
ORD104908,2024-06-21,20240621,CUST1141,PRD120,2,11941.0,1393.91,22488.09,13935.48,8552.61
ORD101086,2024-06-21,20240621,CUST1052,PRD125,1,831.8,108.16,723.64,607.26,116.38
ORD103671,2024-06-21,20240621,CUST1023,PRD116,1,6250.5,493.99,5756.51,4412.27,1344.24
ORD105208,2024-06-21,20240621,CUST1113,PRD112,3,2391.88,317.44,6858.2,4860.51,1997.69
ORD100882,2024-06-21,20240621,CUST1013,PRD125,2,831.8,22.48,1641.12,1214.52,426.6
ORD103988,2024-06-22,20240622,CUST1167,PRD113,1,2682.38,77.26,2605.12,1570.24,1034.88
ORD101546,2024-06-22,20240622,CUST1149,PRD116,2,6250.5,1487.21,11013.79,8824.54,2189.25
ORD104793,2024-06-22,20240622,CUST1151,PRD104,2,8667.94,1276.09,16059.79,6201.06,9858.73
ORD104788,2024-06-22,20240622,CUST1233,PRD124,1,1557.69,65.7,1491.99,935.48,556.51
ORD102544,2024-06-22,20240622,CUST1126,PRD131,5,878.01,288.49,4101.56,2160.05,1941.51
ORD104708,2024-06-22,20240622,CUST1204,PRD120,4,11941.0,4778.71,42985.29,27870.96,15114.33
ORD101318,2024-06-23,20240623,CUST1086,PRD124,3,1557.69,249.81,4423.26,2806.44,1616.82
ORD102049,2024-06-23,20240623,CUST1043,PRD122,2,1341.58,226.48,2456.68,1686.08,770.6
ORD103227,2024-06-23,20240623,CUST1246,PRD101,1,2720.52,148.75,2571.77,2031.19,540.58
ORD104626,2024-06-23,20240623,CUST1058,PRD112,5,2391.88,1579.06,10380.34,8100.85,2279.49
ORD103072,2024-06-23,20240623,CUST1059,PRD122,5,1341.58,716.9,5991.0,4215.2,1775.8
ORD102401,2024-06-24,20240624,CUST1016,PRD125,4,831.8,64.22,3262.98,2429.04,833.94
ORD100663,2024-06-24,20240624,CUST1007,PRD125,4,831.8,22.93,3304.27,2429.04,875.23
ORD100268,2024-06-24,20240624,CUST1231,PRD131,5,878.01,296.52,4093.53,2160.05,1933.48
ORD102085,2024-06-24,20240624,CUST1115,PRD101,2,2720.52,806.19,4634.85,4062.38,572.47
ORD104267,2024-06-24,20240624,CUST1047,PRD116,4,6250.5,93.39,24908.61,17649.08,7259.53
ORD100689,2024-06-24,20240624,CUST1060,PRD113,2,2682.38,233.56,5131.2,3140.48,1990.72
ORD104739,2024-06-24,20240624,CUST1220,PRD131,1,878.01,3.04,874.97,432.01,442.96
ORD101053,2024-06-24,20240624,CUST1025,PRD125,2,831.8,128.97,1534.63,1214.52,320.11
ORD100961,2024-06-24,20240624,CUST1189,PRD124,4,1557.69,914.4,5316.36,3741.92,1574.44
ORD102974,2024-06-25,20240625,CUST1199,PRD101,5,2720.52,526.85,13075.75,10155.95,2919.8
ORD101072,2024-06-25,20240625,CUST1118,PRD122,2,1341.58,159.39,2523.77,1686.08,837.69
ORD101648,2024-06-25,20240625,CUST1015,PRD127,3,2448.22,98.48,7246.18,4018.29,3227.89
ORD103575,2024-06-25,20240625,CUST1102,PRD131,4,878.01,305.94,3206.1,1728.04,1478.06
ORD101840,2024-06-25,20240625,CUST1173,PRD131,2,878.01,7.1,1748.92,864.02,884.9
ORD104817,2024-06-25,20240625,CUST1135,PRD131,3,878.01,91.22,2542.81,1296.03,1246.78
ORD102833,2024-06-26,20240626,CUST1099,PRD124,5,1557.69,259.8,7528.65,4677.4,2851.25
ORD104000,2024-06-26,20240626,CUST1131,PRD101,4,2720.52,754.29,10127.79,8124.76,2003.03
ORD101234,2024-06-26,20240626,CUST1191,PRD122,4,1341.58,281.64,5084.68,3372.16,1712.52
ORD104165,2024-06-26,20240626,CUST1210,PRD125,3,831.8,129.23,2366.17,1821.78,544.39
ORD102309,2024-06-27,20240627,CUST1206,PRD124,4,1557.69,289.95,5940.81,3741.92,2198.89
ORD100250,2024-06-27,20240627,CUST1016,PRD101,4,2720.52,723.91,10158.17,8124.76,2033.41
ORD100327,2024-06-27,20240627,CUST1115,PRD122,1,1341.58,176.18,1165.4,843.04,322.36
ORD103709,2024-06-27,20240627,CUST1152,PRD126,5,2373.84,1318.92,10550.28,8254.25,2296.03
ORD100707,2024-06-27,20240627,CUST1151,PRD109,4,740.34,105.52,2855.84,2205.6,650.24
ORD100526,2024-06-27,20240627,CUST1025,PRD103,4,2340.88,670.07,8693.45,4924.64,3768.81
ORD103260,2024-06-27,20240627,CUST1126,PRD124,5,1557.69,559.61,7228.84,4677.4,2551.44
ORD103493,2024-06-27,20240627,CUST1111,PRD115,2,2955.79,725.54,5186.04,3098.36,2087.68
ORD100026,2024-06-27,20240627,CUST1181,PRD110,2,1138.64,176.66,2100.62,1037.5,1063.12
ORD103603,2024-06-27,20240627,CUST1121,PRD131,1,878.01,123.68,754.33,432.01,322.32
ORD103457,2024-06-27,20240627,CUST1044,PRD131,3,878.01,124.05,2509.98,1296.03,1213.95
ORD104472,2024-06-27,20240627,CUST1080,PRD108,5,1410.45,349.22,6703.03,3815.1,2887.93
ORD104807,2024-06-27,20240627,CUST1139,PRD101,1,2720.52,180.29,2540.23,2031.19,509.04
ORD104736,2024-06-28,20240628,CUST1117,PRD113,5,2682.38,1490.78,11921.12,7851.2,4069.92
ORD103032,2024-06-28,20240628,CUST1183,PRD131,3,878.01,164.3,2469.73,1296.03,1173.7
ORD104661,2024-06-28,20240628,CUST1036,PRD125,2,831.8,188.27,1475.33,1214.52,260.81
ORD100014,2024-06-28,20240628,CUST1129,PRD131,5,878.01,605.74,3784.31,2160.05,1624.26
ORD103925,2024-06-28,20240628,CUST1125,PRD116,5,6250.5,2805.94,28446.56,22061.35,6385.21
ORD103298,2024-06-28,20240628,CUST1139,PRD124,1,1557.69,46.58,1511.11,935.48,575.63
ORD101416,2024-06-28,20240628,CUST1162,PRD125,2,831.8,237.92,1425.68,1214.52,211.16
ORD101237,2024-06-28,20240628,CUST1163,PRD131,2,878.01,90.89,1665.13,864.02,801.11
ORD101764,2024-06-28,20240628,CUST1108,PRD103,3,2340.88,155.84,6866.8,3693.48,3173.32
ORD101330,2024-06-29,20240629,CUST1029,PRD125,2,831.8,205.05,1458.55,1214.52,244.03
ORD102584,2024-06-29,20240629,CUST1204,PRD131,4,878.01,114.85,3397.19,1728.04,1669.15
ORD101494,2024-06-29,20240629,CUST1187,PRD131,4,878.01,98.26,3413.78,1728.04,1685.74
ORD104638,2024-06-29,20240629,CUST1031,PRD116,3,6250.5,762.87,17988.63,13236.81,4751.82
ORD104270,2024-06-29,20240629,CUST1138,PRD131,4,878.01,355.56,3156.48,1728.04,1428.44
ORD104639,2024-06-29,20240629,CUST1101,PRD112,3,2391.88,842.8,6332.84,4860.51,1472.33
ORD103112,2024-06-29,20240629,CUST1188,PRD124,4,1557.69,114.78,6115.98,3741.92,2374.06
ORD104711,2024-06-29,20240629,CUST1201,PRD115,3,2955.79,647.3,8220.07,4647.54,3572.53
ORD101941,2024-06-29,20240629,CUST1031,PRD125,1,831.8,105.53,726.27,607.26,119.01
ORD101751,2024-06-30,20240630,CUST1117,PRD116,2,6250.5,503.08,11997.92,8824.54,3173.38
ORD101284,2024-06-30,20240630,CUST1092,PRD101,2,2720.52,621.86,4819.18,4062.38,756.8
ORD104917,2024-06-30,20240630,CUST1164,PRD131,4,878.01,376.69,3135.35,1728.04,1407.31
ORD103527,2024-06-30,20240630,CUST1043,PRD116,5,6250.5,3678.8,27573.7,22061.35,5512.35
ORD104339,2024-06-30,20240630,CUST1177,PRD108,2,1410.45,369.93,2450.97,1526.04,924.93
ORD103686,2024-06-30,20240630,CUST1104,PRD124,1,1557.69,117.44,1440.25,935.48,504.77
ORD101911,2024-06-30,20240630,CUST1155,PRD131,5,878.01,171.72,4218.33,2160.05,2058.28
ORD103627,2024-06-30,20240630,CUST1097,PRD130,5,555.04,195.94,2579.26,1623.5,955.76
ORD101516,2024-06-30,20240630,CUST1206,PRD131,5,878.01,186.88,4203.17,2160.05,2043.12
ORD100024,2024-06-30,20240630,CUST1004,PRD110,2,1138.64,225.64,2051.64,1037.5,1014.14
ORD102854,2024-06-30,20240630,CUST1110,PRD122,5,1341.58,543.31,6164.59,4215.2,1949.39
ORD104852,2024-06-30,20240630,CUST1012,PRD120,5,11941.0,7163.84,52541.16,34838.7,17702.46
ORD101043,2024-06-30,20240630,CUST1072,PRD122,4,1341.58,194.56,5171.76,3372.16,1799.6
ORD105198,2024-07-01,20240701,CUST1144,PRD101,4,2720.52,1141.33,9740.75,8124.76,1615.99
ORD103378,2024-07-01,20240701,CUST1097,PRD122,1,1341.58,103.14,1238.44,843.04,395.4
ORD104883,2024-07-01,20240701,CUST1126,PRD109,2,740.34,108.71,1371.97,1102.8,269.17
ORD103114,2024-07-01,20240701,CUST1061,PRD122,2,1341.58,191.25,2491.91,1686.08,805.83
ORD100313,2024-07-01,20240701,CUST1178,PRD105,2,1128.05,257.23,1998.87,1659.5,339.37
ORD101371,2024-07-01,20240701,CUST1237,PRD120,4,11941.0,1951.81,45812.19,27870.96,17941.23
ORD104740,2024-07-01,20240701,CUST1082,PRD131,4,878.01,504.48,3007.56,1728.04,1279.52
ORD101610,2024-07-01,20240701,CUST1193,PRD109,2,740.34,160.75,1319.93,1102.8,217.13
ORD102822,2024-07-01,20240701,CUST1059,PRD112,2,2391.88,334.43,4449.33,3240.34,1208.99
ORD103741,2024-07-01,20240701,CUST1170,PRD116,1,6250.5,744.01,5506.49,4412.27,1094.22
ORD101875,2024-07-02,20240702,CUST1067,PRD128,3,577.0,192.78,1538.22,1160.76,377.46
ORD103129,2024-07-02,20240702,CUST1180,PRD116,2,6250.5,1637.89,10863.11,8824.54,2038.57
ORD102529,2024-07-02,20240702,CUST1041,PRD127,3,2448.22,1031.77,6312.89,4018.29,2294.6
ORD101335,2024-07-03,20240703,CUST1154,PRD131,1,878.01,109.2,768.81,432.01,336.8
ORD101188,2024-07-03,20240703,CUST1200,PRD122,4,1341.58,110.29,5256.03,3372.16,1883.87
ORD104292,2024-07-03,20240703,CUST1157,PRD103,5,2340.88,631.33,11073.07,6155.8,4917.27
ORD100453,2024-07-03,20240703,CUST1060,PRD131,3,878.01,289.43,2344.6,1296.03,1048.57
ORD103655,2024-07-04,20240704,CUST1078,PRD127,2,2448.22,267.15,4629.29,2678.86,1950.43
ORD103549,2024-07-04,20240704,CUST1026,PRD102,1,34011.42,2750.39,31261.03,13531.84,17729.19
ORD103135,2024-07-04,20240704,CUST1020,PRD106,2,1484.26,183.26,2785.26,1839.12,946.14
ORD102769,2024-07-04,20240704,CUST1248,PRD105,1,1128.05,25.07,1102.98,829.75,273.23
ORD102269,2024-07-04,20240704,CUST1162,PRD113,2,2682.38,35.05,5329.71,3140.48,2189.23
ORD103964,2024-07-04,20240704,CUST1187,PRD130,5,555.04,173.25,2601.95,1623.5,978.45
ORD100056,2024-07-04,20240704,CUST1074,PRD122,2,1341.58,273.26,2409.9,1686.08,723.82
ORD104992,2024-07-05,20240705,CUST1196,PRD130,3,555.04,185.16,1479.96,974.1,505.86
ORD101689,2024-07-05,20240705,CUST1022,PRD131,3,878.01,318.64,2315.39,1296.03,1019.36
ORD103545,2024-07-05,20240705,CUST1136,PRD110,4,1138.64,554.33,4000.23,2075.0,1925.23
ORD103789,2024-07-05,20240705,CUST1155,PRD101,2,2720.52,600.46,4840.58,4062.38,778.2
ORD100216,2024-07-05,20240705,CUST1229,PRD116,4,6250.5,3546.44,21455.56,17649.08,3806.48
ORD103280,2024-07-05,20240705,CUST1151,PRD122,1,1341.58,165.27,1176.31,843.04,333.27
ORD102844,2024-07-05,20240705,CUST1061,PRD123,2,1667.88,406.36,2929.4,2439.88,489.52
ORD105133,2024-07-05,20240705,CUST1149,PRD122,4,1341.58,636.94,4729.38,3372.16,1357.22
ORD102798,2024-07-05,20240705,CUST1168,PRD131,2,878.01,230.74,1525.28,864.02,661.26
ORD101259,2024-07-05,20240705,CUST1098,PRD103,4,2340.88,445.96,8917.56,4924.64,3992.92
ORD103458,2024-07-05,20240705,CUST1129,PRD124,3,1557.69,353.28,4319.79,2806.44,1513.35
ORD102186,2024-07-06,20240706,CUST1098,PRD122,4,1341.58,734.04,4632.28,3372.16,1260.12
ORD104589,2024-07-06,20240706,CUST1115,PRD128,5,577.0,381.45,2503.55,1934.6,568.95
ORD103158,2024-07-06,20240706,CUST1075,PRD122,3,1341.58,345.54,3679.2,2529.12,1150.08
ORD104111,2024-07-06,20240706,CUST1215,PRD113,4,2682.38,664.13,10065.39,6280.96,3784.43
ORD103535,2024-07-06,20240706,CUST1046,PRD103,3,2340.88,831.48,6191.16,3693.48,2497.68
ORD101271,2024-07-06,20240706,CUST1009,PRD131,4,878.01,8.93,3503.11,1728.04,1775.07
ORD103931,2024-07-06,20240706,CUST1181,PRD122,5,1341.58,976.14,5731.76,4215.2,1516.56
ORD100633,2024-07-07,20240707,CUST1222,PRD126,1,2373.84,240.6,2133.24,1650.85,482.39
ORD103614,2024-07-07,20240707,CUST1216,PRD105,4,1128.05,307.72,4204.48,3319.0,885.48
ORD104385,2024-07-07,20240707,CUST1214,PRD122,1,1341.58,4.3,1337.28,843.04,494.24
ORD100174,2024-07-07,20240707,CUST1109,PRD131,1,878.01,21.18,856.83,432.01,424.82
ORD105094,2024-07-07,20240707,CUST1133,PRD108,2,1410.45,65.73,2755.17,1526.04,1229.13
ORD102566,2024-07-07,20240707,CUST1164,PRD131,5,878.01,653.32,3736.73,2160.05,1576.68
ORD103768,2024-07-07,20240707,CUST1173,PRD103,3,2340.88,824.37,6198.27,3693.48,2504.79
ORD100273,2024-07-07,20240707,CUST1231,PRD116,2,6250.5,1607.14,10893.86,8824.54,2069.32
ORD103908,2024-07-07,20240707,CUST1012,PRD109,1,740.34,60.04,680.3,551.4,128.9
ORD101403,2024-07-07,20240707,CUST1196,PRD131,4,878.01,180.88,3331.16,1728.04,1603.12
ORD103215,2024-07-08,20240708,CUST1125,PRD131,4,878.01,335.81,3176.23,1728.04,1448.19
ORD100471,2024-07-08,20240708,CUST1219,PRD122,3,1341.58,488.99,3535.75,2529.12,1006.63
ORD101994,2024-07-08,20240708,CUST1043,PRD125,1,831.8,41.75,790.05,607.26,182.79
ORD102080,2024-07-08,20240708,CUST1197,PRD131,3,878.01,107.35,2526.68,1296.03,1230.65
ORD102222,2024-07-08,20240708,CUST1107,PRD131,1,878.01,20.17,857.84,432.01,425.83
ORD100468,2024-07-09,20240709,CUST1174,PRD115,1,2955.79,386.01,2569.78,1549.18,1020.6
ORD100893,2024-07-09,20240709,CUST1061,PRD124,1,1557.69,126.45,1431.24,935.48,495.76
ORD102228,2024-07-09,20240709,CUST1101,PRD109,3,740.34,39.85,2181.17,1654.2,526.97
ORD101490,2024-07-09,20240709,CUST1036,PRD131,4,878.01,129.77,3382.27,1728.04,1654.23
ORD103551,2024-07-09,20240709,CUST1163,PRD131,3,878.01,317.54,2316.49,1296.03,1020.46
ORD102211,2024-07-09,20240709,CUST1230,PRD101,3,2720.52,1168.21,6993.35,6093.57,899.78
ORD102231,2024-07-09,20240709,CUST1244,PRD131,4,878.01,489.71,3022.33,1728.04,1294.29
ORD102878,2024-07-10,20240710,CUST1120,PRD131,1,878.01,93.5,784.51,432.01,352.5
ORD104618,2024-07-10,20240710,CUST1064,PRD131,3,878.01,19.72,2614.31,1296.03,1318.28
ORD102625,2024-07-10,20240710,CUST1132,PRD131,2,878.01,219.99,1536.03,864.02,672.01
ORD104903,2024-07-10,20240710,CUST1211,PRD130,1,555.04,12.73,542.31,324.7,217.61
ORD101444,2024-07-11,20240711,CUST1021,PRD131,4,878.01,342.47,3169.57,1728.04,1441.53
ORD102204,2024-07-11,20240711,CUST1214,PRD110,1,1138.64,3.02,1135.62,518.75,616.87
ORD102027,2024-07-11,20240711,CUST1246,PRD125,2,831.8,120.6,1543.0,1214.52,328.48
ORD104691,2024-07-11,20240711,CUST1144,PRD125,2,831.8,227.69,1435.91,1214.52,221.39
ORD105071,2024-07-11,20240711,CUST1055,PRD116,2,6250.5,1418.47,11082.53,8824.54,2257.99
ORD102516,2024-07-11,20240711,CUST1180,PRD116,2,6250.5,1427.25,11073.75,8824.54,2249.21
ORD102439,2024-07-11,20240711,CUST1109,PRD122,3,1341.58,522.54,3502.2,2529.12,973.08
ORD104364,2024-07-11,20240711,CUST1126,PRD113,3,2682.38,372.75,7674.39,4710.72,2963.67
ORD101625,2024-07-11,20240711,CUST1205,PRD120,5,11941.0,7092.79,52612.21,34838.7,17773.51
ORD102523,2024-07-12,20240712,CUST1081,PRD103,5,2340.88,560.64,11143.76,6155.8,4987.96
ORD100007,2024-07-12,20240712,CUST1188,PRD128,2,577.0,169.47,984.53,773.84,210.69
ORD102999,2024-07-12,20240712,CUST1055,PRD130,5,555.04,315.28,2459.92,1623.5,836.42
ORD104629,2024-07-12,20240712,CUST1054,PRD124,4,1557.69,128.71,6102.05,3741.92,2360.13
ORD103763,2024-07-12,20240712,CUST1027,PRD115,5,2955.79,2101.46,12677.49,7745.9,4931.59
ORD100531,2024-07-12,20240712,CUST1219,PRD101,1,2720.52,205.73,2514.79,2031.19,483.6
ORD101182,2024-07-12,20240712,CUST1190,PRD122,4,1341.58,277.98,5088.34,3372.16,1716.18
ORD102079,2024-07-12,20240712,CUST1104,PRD127,5,2448.22,431.84,11809.26,6697.15,5112.11
ORD104351,2024-07-12,20240712,CUST1023,PRD124,3,1557.69,562.74,4110.33,2806.44,1303.89
ORD101170,2024-07-12,20240712,CUST1178,PRD126,2,2373.84,190.79,4556.89,3301.7,1255.19
ORD102156,2024-07-12,20240712,CUST1070,PRD116,5,6250.5,387.15,30865.35,22061.35,8804.0
ORD102039,2024-07-13,20240713,CUST1072,PRD124,4,1557.69,145.0,6085.76,3741.92,2343.84
ORD102317,2024-07-13,20240713,CUST1173,PRD103,5,2340.88,1484.01,10220.39,6155.8,4064.59
ORD101981,2024-07-13,20240713,CUST1069,PRD122,5,1341.58,947.37,5760.53,4215.2,1545.33
ORD103737,2024-07-14,20240714,CUST1099,PRD131,1,878.01,30.25,847.76,432.01,415.75
ORD103644,2024-07-14,20240714,CUST1218,PRD131,4,878.01,460.79,3051.25,1728.04,1323.21
ORD101140,2024-07-14,20240714,CUST1112,PRD125,1,831.8,55.59,776.21,607.26,168.95
ORD100394,2024-07-15,20240715,CUST1197,PRD117,2,3086.39,794.4,5378.38,4175.02,1203.36
ORD104262,2024-07-15,20240715,CUST1135,PRD110,5,1138.64,678.41,5014.79,2593.75,2421.04
ORD101657,2024-07-15,20240715,CUST1046,PRD124,2,1557.69,383.57,2731.81,1870.96,860.85
ORD101898,2024-07-15,20240715,CUST1039,PRD104,4,8667.94,1238.58,33433.18,12402.12,21031.06
ORD102163,2024-07-16,20240716,CUST1118,PRD122,2,1341.58,161.73,2521.43,1686.08,835.35
ORD102553,2024-07-16,20240716,CUST1216,PRD131,5,878.01,20.01,4370.04,2160.05,2209.99
ORD100680,2024-07-16,20240716,CUST1124,PRD117,2,3086.39,542.61,5630.17,4175.02,1455.15
ORD103802,2024-07-16,20240716,CUST1208,PRD122,1,1341.58,34.59,1306.99,843.04,463.95
ORD100314,2024-07-16,20240716,CUST1048,PRD131,2,878.01,204.06,1551.96,864.02,687.94
ORD101948,2024-07-16,20240716,CUST1162,PRD131,1,878.01,1.12,876.89,432.01,444.88
ORD103704,2024-07-16,20240716,CUST1078,PRD125,1,831.8,98.99,732.81,607.26,125.55
ORD105021,2024-07-16,20240716,CUST1149,PRD124,3,1557.69,464.61,4208.46,2806.44,1402.02
ORD103317,2024-07-16,20240716,CUST1051,PRD120,3,11941.0,2066.28,33756.72,20903.22,12853.5
ORD100608,2024-07-17,20240717,CUST1207,PRD125,1,831.8,77.39,754.41,607.26,147.15
ORD102949,2024-07-17,20240717,CUST1202,PRD117,2,3086.39,688.27,5484.51,4175.02,1309.49
ORD103153,2024-07-17,20240717,CUST1011,PRD124,3,1557.69,212.54,4460.53,2806.44,1654.09
ORD104024,2024-07-17,20240717,CUST1159,PRD116,2,6250.5,42.03,12458.97,8824.54,3634.43
ORD104979,2024-07-18,20240718,CUST1111,PRD113,4,2682.38,81.69,10647.83,6280.96,4366.87
ORD102092,2024-07-18,20240718,CUST1091,PRD127,5,2448.22,1738.75,10502.35,6697.15,3805.2
ORD104317,2024-07-18,20240718,CUST1132,PRD113,2,2682.38,470.64,4894.12,3140.48,1753.64
ORD103804,2024-07-18,20240718,CUST1163,PRD131,3,878.01,284.76,2349.27,1296.03,1053.24
ORD101076,2024-07-18,20240718,CUST1234,PRD101,1,2720.52,291.13,2429.39,2031.19,398.2
ORD103064,2024-07-18,20240718,CUST1089,PRD127,1,2448.22,296.08,2152.14,1339.43,812.71
ORD104982,2024-07-18,20240718,CUST1146,PRD130,5,555.04,0.82,2774.38,1623.5,1150.88
ORD101042,2024-07-18,20240718,CUST1229,PRD110,5,1138.64,363.41,5329.79,2593.75,2736.04
ORD104710,2024-07-18,20240718,CUST1141,PRD125,3,831.8,165.59,2329.81,1821.78,508.03
ORD103384,2024-07-19,20240719,CUST1216,PRD103,3,2340.88,804.8,6217.84,3693.48,2524.36
ORD101257,2024-07-19,20240719,CUST1064,PRD131,4,878.01,512.99,2999.05,1728.04,1271.01
ORD102087,2024-07-19,20240719,CUST1085,PRD113,5,2682.38,175.13,13236.77,7851.2,5385.57
ORD103971,2024-07-19,20240719,CUST1076,PRD131,1,878.01,83.7,794.31,432.01,362.3
ORD102423,2024-07-19,20240719,CUST1221,PRD103,5,2340.88,693.54,11010.86,6155.8,4855.06
ORD104033,2024-07-19,20240719,CUST1028,PRD123,2,1667.88,183.79,3151.97,2439.88,712.09
ORD103829,2024-07-19,20240719,CUST1094,PRD105,4,1128.05,506.21,4005.99,3319.0,686.99
ORD101692,2024-07-20,20240720,CUST1060,PRD112,1,2391.88,126.97,2264.91,1620.17,644.74
ORD101179,2024-07-20,20240720,CUST1141,PRD125,2,831.8,158.57,1505.03,1214.52,290.51
ORD102377,2024-07-20,20240720,CUST1225,PRD103,3,2340.88,809.69,6212.95,3693.48,2519.47
ORD100199,2024-07-20,20240720,CUST1086,PRD111,4,1653.05,392.56,6219.64,4863.28,1356.36
ORD104219,2024-07-20,20240720,CUST1241,PRD130,1,555.04,55.51,499.53,324.7,174.83
ORD103816,2024-07-20,20240720,CUST1168,PRD116,4,6250.5,2944.09,22057.91,17649.08,4408.83
ORD101260,2024-07-20,20240720,CUST1129,PRD120,2,11941.0,898.06,22983.94,13935.48,9048.46
ORD102150,2024-07-20,20240720,CUST1156,PRD103,3,2340.88,520.93,6501.71,3693.48,2808.23
ORD104028,2024-07-20,20240720,CUST1073,PRD113,2,2682.38,83.31,5281.45,3140.48,2140.97
ORD104077,2024-07-20,20240720,CUST1205,PRD108,2,1410.45,296.97,2523.93,1526.04,997.89
ORD105064,2024-07-21,20240721,CUST1190,PRD130,1,555.04,3.73,551.31,324.7,226.61
ORD102755,2024-07-21,20240721,CUST1106,PRD125,4,831.8,36.26,3290.94,2429.04,861.9
ORD103259,2024-07-21,20240721,CUST1117,PRD131,5,878.01,391.52,3998.53,2160.05,1838.48
ORD101063,2024-07-21,20240721,CUST1234,PRD116,3,6250.5,875.1,17876.4,13236.81,4639.59
ORD104662,2024-07-21,20240721,CUST1236,PRD107,2,14757.66,2981.52,26533.8,21046.76,5487.04
ORD100949,2024-07-21,20240721,CUST1059,PRD124,2,1557.69,31.19,3084.19,1870.96,1213.23
ORD103338,2024-07-21,20240721,CUST1248,PRD109,5,740.34,172.2,3529.5,2757.0,772.5
ORD102139,2024-07-21,20240721,CUST1189,PRD131,1,878.01,1.35,876.66,432.01,444.65
ORD104696,2024-07-21,20240721,CUST1232,PRD108,4,1410.45,757.88,4883.92,3052.08,1831.84
ORD103568,2024-07-22,20240722,CUST1163,PRD131,1,878.01,39.69,838.32,432.01,406.31
ORD104764,2024-07-22,20240722,CUST1194,PRD101,5,2720.52,1417.0,12185.6,10155.95,2029.65
ORD103623,2024-07-22,20240722,CUST1078,PRD131,4,878.01,467.46,3044.58,1728.04,1316.54
ORD103461,2024-07-22,20240722,CUST1104,PRD127,1,2448.22,136.74,2311.48,1339.43,972.05
ORD104465,2024-07-22,20240722,CUST1003,PRD131,4,878.01,127.03,3385.01,1728.04,1656.97
ORD104905,2024-07-22,20240722,CUST1046,PRD110,2,1138.64,209.48,2067.8,1037.5,1030.3
ORD104707,2024-07-22,20240722,CUST1110,PRD124,5,1557.69,245.37,7543.08,4677.4,2865.68
ORD105091,2024-07-22,20240722,CUST1136,PRD113,2,2682.38,742.71,4622.05,3140.48,1481.57
ORD100145,2024-07-22,20240722,CUST1222,PRD131,4,878.01,261.46,3250.58,1728.04,1522.54
ORD101899,2024-07-23,20240723,CUST1210,PRD109,5,740.34,491.13,3210.57,2757.0,453.57
ORD104950,2024-07-23,20240723,CUST1171,PRD125,1,831.8,93.23,738.57,607.26,131.31
ORD100853,2024-07-23,20240723,CUST1047,PRD115,4,2955.79,1710.07,10113.09,6196.72,3916.37
ORD105007,2024-07-23,20240723,CUST1077,PRD113,4,2682.38,1342.37,9387.15,6280.96,3106.19
ORD102091,2024-07-23,20240723,CUST1194,PRD122,4,1341.58,304.59,5061.73,3372.16,1689.57
ORD104548,2024-07-23,20240723,CUST1244,PRD115,1,2955.79,250.97,2704.82,1549.18,1155.64
ORD102002,2024-07-23,20240723,CUST1093,PRD110,3,1138.64,402.51,3013.41,1556.25,1457.16
ORD100202,2024-07-24,20240724,CUST1021,PRD116,5,6250.5,1249.47,30003.03,22061.35,7941.68
ORD100201,2024-07-24,20240724,CUST1228,PRD131,4,878.01,276.87,3235.17,1728.04,1507.13
ORD104015,2024-07-24,20240724,CUST1010,PRD120,1,11941.0,538.31,11402.69,6967.74,4434.95
ORD103786,2024-07-24,20240724,CUST1036,PRD115,2,2955.79,719.16,5192.42,3098.36,2094.06
ORD104544,2024-07-24,20240724,CUST1058,PRD116,5,6250.5,4428.6,26823.9,22061.35,4762.55
ORD100103,2024-07-24,20240724,CUST1228,PRD124,5,1557.69,590.66,7197.79,4677.4,2520.39
ORD100104,2024-07-24,20240724,CUST1099,PRD104,3,8667.94,2464.54,23539.28,9301.59,14237.69
ORD103968,2024-07-24,20240724,CUST1089,PRD116,3,6250.5,2568.55,16182.95,13236.81,2946.14
ORD100376,2024-07-24,20240724,CUST1200,PRD122,1,1341.58,54.89,1286.69,843.04,443.65
ORD100872,2024-07-25,20240725,CUST1061,PRD105,4,1128.05,506.39,4005.81,3319.0,686.81
ORD100797,2024-07-25,20240725,CUST1131,PRD124,5,1557.69,230.89,7557.56,4677.4,2880.16
ORD100036,2024-07-25,20240725,CUST1154,PRD125,1,831.8,89.52,742.28,607.26,135.02
ORD100971,2024-07-25,20240725,CUST1185,PRD131,4,878.01,291.27,3220.77,1728.04,1492.73
ORD104583,2024-07-25,20240725,CUST1224,PRD122,1,1341.58,113.24,1228.34,843.04,385.3
ORD101882,2024-07-25,20240725,CUST1014,PRD122,2,1341.58,341.85,2341.31,1686.08,655.23
ORD104904,2024-07-25,20240725,CUST1196,PRD122,1,1341.58,200.42,1141.16,843.04,298.12
ORD103277,2024-07-25,20240725,CUST1021,PRD105,2,1128.05,116.83,2139.27,1659.5,479.77
ORD101023,2024-07-25,20240725,CUST1196,PRD103,4,2340.88,19.58,9343.94,4924.64,4419.3
ORD105044,2024-07-25,20240725,CUST1019,PRD113,5,2682.38,1437.16,11974.74,7851.2,4123.54
ORD104657,2024-07-26,20240726,CUST1229,PRD109,4,740.34,218.33,2743.03,2205.6,537.43
ORD105124,2024-07-26,20240726,CUST1014,PRD124,2,1557.69,336.54,2778.84,1870.96,907.88
ORD105060,2024-07-26,20240726,CUST1080,PRD113,3,2682.38,1003.26,7043.88,4710.72,2333.16
ORD104416,2024-07-26,20240726,CUST1039,PRD124,2,1557.69,46.45,3068.93,1870.96,1197.97
ORD100723,2024-07-26,20240726,CUST1145,PRD124,4,1557.69,426.69,5804.07,3741.92,2062.15
ORD101362,2024-07-26,20240726,CUST1147,PRD110,5,1138.64,47.12,5646.08,2593.75,3052.33
ORD104314,2024-07-26,20240726,CUST1235,PRD127,4,2448.22,1258.8,8534.08,5357.72,3176.36
ORD103203,2024-07-26,20240726,CUST1020,PRD120,4,11941.0,3150.45,44613.55,27870.96,16742.59
ORD104797,2024-07-26,20240726,CUST1018,PRD123,5,1667.88,206.42,8132.98,6099.7,2033.28
ORD103541,2024-07-26,20240726,CUST1010,PRD113,3,2682.38,1169.21,6877.93,4710.72,2167.21
ORD103046,2024-07-27,20240727,CUST1208,PRD110,3,1138.64,346.28,3069.64,1556.25,1513.39
ORD102840,2024-07-27,20240727,CUST1117,PRD110,5,1138.64,532.83,5160.37,2593.75,2566.62
ORD101864,2024-07-27,20240727,CUST1126,PRD101,4,2720.52,765.57,10116.51,8124.76,1991.75
ORD103999,2024-07-27,20240727,CUST1134,PRD103,5,2340.88,157.65,11546.75,6155.8,5390.95
ORD101944,2024-07-27,20240727,CUST1149,PRD106,3,1484.26,378.9,4073.88,2758.68,1315.2
ORD103068,2024-07-27,20240727,CUST1134,PRD125,3,831.8,11.66,2483.74,1821.78,661.96
ORD102667,2024-07-27,20240727,CUST1017,PRD122,2,1341.58,328.48,2354.68,1686.08,668.6
ORD101520,2024-07-27,20240727,CUST1002,PRD124,4,1557.69,540.08,5690.68,3741.92,1948.76
ORD105034,2024-07-27,20240727,CUST1051,PRD101,4,2720.52,1591.64,9290.44,8124.76,1165.68
ORD101623,2024-07-28,20240728,CUST1116,PRD123,3,1667.88,577.01,4426.63,3659.82,766.81
ORD100099,2024-07-28,20240728,CUST1212,PRD113,3,2682.38,981.43,7065.71,4710.72,2354.99
ORD100819,2024-07-28,20240728,CUST1160,PRD108,5,1410.45,709.04,6343.21,3815.1,2528.11
ORD104628,2024-07-28,20240728,CUST1073,PRD130,4,555.04,128.2,2091.96,1298.8,793.16
ORD105020,2024-07-28,20240728,CUST1125,PRD122,2,1341.58,195.58,2487.58,1686.08,801.5
ORD102888,2024-07-28,20240728,CUST1031,PRD130,3,555.04,169.01,1496.11,974.1,522.01
ORD101890,2024-07-28,20240728,CUST1104,PRD113,3,2682.38,1132.45,6914.69,4710.72,2203.97
ORD102997,2024-07-28,20240728,CUST1114,PRD127,4,2448.22,1324.04,8468.84,5357.72,3111.12
ORD100298,2024-07-28,20240728,CUST1229,PRD113,2,2682.38,581.83,4782.93,3140.48,1642.45
ORD100278,2024-07-28,20240728,CUST1210,PRD130,4,555.04,86.64,2133.52,1298.8,834.72
ORD102422,2024-07-29,20240729,CUST1036,PRD131,1,878.01,128.87,749.14,432.01,317.13
ORD103285,2024-07-29,20240729,CUST1145,PRD112,1,2391.88,298.92,2092.96,1620.17,472.79
ORD102972,2024-07-29,20240729,CUST1149,PRD103,2,2340.88,30.41,4651.35,2462.32,2189.03
ORD103921,2024-07-29,20240729,CUST1195,PRD127,1,2448.22,72.26,2375.96,1339.43,1036.53
ORD101314,2024-07-29,20240729,CUST1070,PRD112,1,2391.88,146.51,2245.37,1620.17,625.2
ORD100469,2024-07-29,20240729,CUST1145,PRD122,4,1341.58,702.48,4663.84,3372.16,1291.68
ORD102475,2024-07-29,20240729,CUST1034,PRD131,2,878.01,107.46,1648.56,864.02,784.54
ORD100306,2024-07-30,20240730,CUST1210,PRD130,5,555.04,355.38,2419.82,1623.5,796.32
ORD101333,2024-07-30,20240730,CUST1104,PRD131,1,878.01,30.08,847.93,432.01,415.92
ORD100452,2024-07-30,20240730,CUST1247,PRD131,3,878.01,154.03,2480.0,1296.03,1183.97
ORD101517,2024-07-30,20240730,CUST1210,PRD108,5,1410.45,257.18,6795.07,3815.1,2979.97
ORD101250,2024-07-30,20240730,CUST1065,PRD125,4,831.8,120.4,3206.8,2429.04,777.76
ORD100814,2024-07-30,20240730,CUST1175,PRD131,1,878.01,38.45,839.56,432.01,407.55
ORD100271,2024-07-30,20240730,CUST1203,PRD113,4,2682.38,628.55,10100.97,6280.96,3820.01
ORD100141,2024-07-30,20240730,CUST1111,PRD106,3,1484.26,34.57,4418.21,2758.68,1659.53
ORD100576,2024-07-30,20240730,CUST1194,PRD131,4,878.01,436.73,3075.31,1728.04,1347.27
ORD101026,2024-07-31,20240731,CUST1000,PRD113,5,2682.38,59.92,13351.98,7851.2,5500.78
ORD102507,2024-07-31,20240731,CUST1222,PRD124,1,1557.69,36.43,1521.26,935.48,585.78
ORD103777,2024-07-31,20240731,CUST1102,PRD109,1,740.34,9.82,730.52,551.4,179.12
ORD101973,2024-07-31,20240731,CUST1204,PRD122,1,1341.58,4.63,1336.95,843.04,493.91
ORD100281,2024-07-31,20240731,CUST1015,PRD130,1,555.04,64.93,490.11,324.7,165.41
ORD101453,2024-07-31,20240731,CUST1058,PRD116,1,6250.5,255.3,5995.2,4412.27,1582.93
ORD103922,2024-07-31,20240731,CUST1053,PRD124,3,1557.69,563.78,4109.29,2806.44,1302.85
ORD102789,2024-08-01,20240801,CUST1221,PRD124,4,1557.69,883.49,5347.27,3741.92,1605.35
ORD102107,2024-08-01,20240801,CUST1025,PRD131,5,878.01,17.64,4372.41,2160.05,2212.36
ORD104609,2024-08-01,20240801,CUST1120,PRD110,2,1138.64,196.91,2080.37,1037.5,1042.87
ORD102378,2024-08-01,20240801,CUST1068,PRD131,1,878.01,81.1,796.91,432.01,364.9
ORD104175,2024-08-01,20240801,CUST1194,PRD116,1,6250.5,615.57,5634.93,4412.27,1222.66
ORD104549,2024-08-01,20240801,CUST1221,PRD109,2,740.34,113.43,1367.25,1102.8,264.45
ORD104130,2024-08-01,20240801,CUST1053,PRD118,1,1714.96,254.04,1460.92,893.21,567.71
ORD104927,2024-08-01,20240801,CUST1133,PRD119,5,1360.87,957.8,5846.55,4045.3,1801.25
ORD104564,2024-08-02,20240802,CUST1036,PRD125,4,831.8,235.72,3091.48,2429.04,662.44
ORD104432,2024-08-02,20240802,CUST1192,PRD110,2,1138.64,224.04,2053.24,1037.5,1015.74
ORD103615,2024-08-02,20240802,CUST1101,PRD125,1,831.8,106.46,725.34,607.26,118.08
ORD102832,2024-08-02,20240802,CUST1196,PRD115,4,2955.79,1212.77,10610.39,6196.72,4413.67
ORD102410,2024-08-02,20240802,CUST1130,PRD129,2,372.05,15.61,728.49,457.1,271.39
ORD101375,2024-08-03,20240803,CUST1119,PRD112,3,2391.88,643.06,6532.58,4860.51,1672.07
ORD102221,2024-08-03,20240803,CUST1148,PRD103,3,2340.88,232.1,6790.54,3693.48,3097.06
ORD103982,2024-08-03,20240803,CUST1093,PRD108,4,1410.45,251.44,5390.36,3052.08,2338.28
ORD101514,2024-08-03,20240803,CUST1232,PRD120,2,11941.0,99.23,23782.77,13935.48,9847.29
ORD100328,2024-08-03,20240803,CUST1142,PRD113,1,2682.38,49.98,2632.4,1570.24,1062.16
ORD104378,2024-08-04,20240804,CUST1186,PRD131,5,878.01,570.9,3819.15,2160.05,1659.1
ORD104013,2024-08-04,20240804,CUST1234,PRD105,2,1128.05,1.3,2254.8,1659.5,595.3
ORD102054,2024-08-04,20240804,CUST1211,PRD123,3,1667.88,429.05,4574.59,3659.82,914.77
ORD104754,2024-08-04,20240804,CUST1126,PRD110,1,1138.64,104.08,1034.56,518.75,515.81
ORD100027,2024-08-04,20240804,CUST1242,PRD125,3,831.8,68.04,2427.36,1821.78,605.58
ORD101149,2024-08-04,20240804,CUST1221,PRD109,4,740.34,331.78,2629.58,2205.6,423.98
ORD104245,2024-08-05,20240805,CUST1179,PRD124,2,1557.69,211.32,2904.06,1870.96,1033.1
ORD104514,2024-08-05,20240805,CUST1175,PRD110,2,1138.64,158.74,2118.54,1037.5,1081.04
ORD100343,2024-08-05,20240805,CUST1013,PRD116,2,6250.5,1298.78,11202.22,8824.54,2377.68
ORD102588,2024-08-05,20240805,CUST1097,PRD131,4,878.01,512.54,2999.5,1728.04,1271.46
ORD103890,2024-08-05,20240805,CUST1125,PRD116,2,6250.5,1564.19,10936.81,8824.54,2112.27
ORD104715,2024-08-05,20240805,CUST1220,PRD103,3,2340.88,623.07,6399.57,3693.48,2706.09
ORD102295,2024-08-05,20240805,CUST1234,PRD113,4,2682.38,1046.23,9683.29,6280.96,3402.33
ORD104040,2024-08-05,20240805,CUST1162,PRD113,3,2682.38,808.33,7238.81,4710.72,2528.09
ORD101410,2024-08-05,20240805,CUST1129,PRD125,4,831.8,78.96,3248.24,2429.04,819.2
ORD103438,2024-08-06,20240806,CUST1204,PRD125,1,831.8,24.27,807.53,607.26,200.27
ORD104206,2024-08-06,20240806,CUST1170,PRD122,4,1341.58,726.27,4640.05,3372.16,1267.89
ORD103147,2024-08-06,20240806,CUST1167,PRD103,3,2340.88,422.34,6600.3,3693.48,2906.82
ORD104798,2024-08-06,20240806,CUST1053,PRD118,4,1714.96,473.0,6386.84,3572.84,2814.0
ORD104304,2024-08-06,20240806,CUST1151,PRD125,2,831.8,57.11,1606.49,1214.52,391.97
ORD102386,2024-08-06,20240806,CUST1022,PRD124,4,1557.69,551.56,5679.2,3741.92,1937.28
ORD102319,2024-08-06,20240806,CUST1182,PRD131,4,878.01,225.17,3286.87,1728.04,1558.83
ORD103858,2024-08-07,20240807,CUST1122,PRD110,3,1138.64,386.96,3028.96,1556.25,1472.71
ORD103113,2024-08-07,20240807,CUST1194,PRD122,4,1341.58,593.53,4772.79,3372.16,1400.63
ORD103368,2024-08-07,20240807,CUST1125,PRD125,2,831.8,233.91,1429.69,1214.52,215.17
ORD100838,2024-08-07,20240807,CUST1162,PRD131,1,878.01,10.54,867.47,432.01,435.46
ORD101734,2024-08-07,20240807,CUST1050,PRD116,4,6250.5,3457.71,21544.29,17649.08,3895.21
ORD102484,2024-08-07,20240807,CUST1084,PRD103,5,2340.88,728.74,10975.66,6155.8,4819.86
ORD104009,2024-08-07,20240807,CUST1023,PRD124,3,1557.69,88.24,4584.83,2806.44,1778.39
ORD103665,2024-08-08,20240808,CUST1027,PRD127,4,2448.22,629.79,9163.09,5357.72,3805.37
ORD103787,2024-08-08,20240808,CUST1133,PRD109,3,740.34,145.13,2075.89,1654.2,421.69
ORD102014,2024-08-08,20240808,CUST1138,PRD101,4,2720.52,592.65,10289.43,8124.76,2164.67
ORD100987,2024-08-08,20240808,CUST1232,PRD124,3,1557.69,102.47,4570.6,2806.44,1764.16
ORD100509,2024-08-08,20240808,CUST1085,PRD116,3,6250.5,1323.92,17427.58,13236.81,4190.77
ORD104018,2024-08-08,20240808,CUST1241,PRD128,3,577.0,110.13,1620.87,1160.76,460.11
ORD103042,2024-08-08,20240808,CUST1186,PRD108,2,1410.45,299.63,2521.27,1526.04,995.23
ORD100786,2024-08-08,20240808,CUST1217,PRD112,5,2391.88,1499.54,10459.86,8100.85,2359.01
ORD103162,2024-08-08,20240808,CUST1047,PRD110,3,1138.64,450.12,2965.8,1556.25,1409.55
ORD101370,2024-08-08,20240808,CUST1059,PRD125,5,831.8,486.03,3672.97,3036.3,636.67
ORD100152,2024-08-09,20240809,CUST1198,PRD120,2,11941.0,110.98,23771.02,13935.48,9835.54
ORD100124,2024-08-09,20240809,CUST1116,PRD101,3,2720.52,1118.57,7042.99,6093.57,949.42
ORD103840,2024-08-09,20240809,CUST1146,PRD131,1,878.01,117.01,761.0,432.01,328.99
ORD103742,2024-08-09,20240809,CUST1166,PRD116,5,6250.5,1460.84,29791.66,22061.35,7730.31
ORD101645,2024-08-09,20240809,CUST1112,PRD103,4,2340.88,96.25,9267.27,4924.64,4342.63
ORD102032,2024-08-09,20240809,CUST1162,PRD111,3,1653.05,190.27,4768.88,3647.46,1121.42
ORD102202,2024-08-09,20240809,CUST1000,PRD101,5,2720.52,1494.09,12108.51,10155.95,1952.56
ORD101082,2024-08-09,20240809,CUST1204,PRD122,5,1341.58,767.31,5940.59,4215.2,1725.39
ORD104522,2024-08-09,20240809,CUST1174,PRD122,1,1341.58,3.05,1338.53,843.04,495.49
ORD101785,2024-08-09,20240809,CUST1073,PRD109,5,740.34,129.03,3572.67,2757.0,815.67
ORD102940,2024-08-09,20240809,CUST1198,PRD110,3,1138.64,435.05,2980.87,1556.25,1424.62
ORD100725,2024-08-10,20240810,CUST1038,PRD119,3,1360.87,73.09,4009.52,2427.18,1582.34
ORD104687,2024-08-10,20240810,CUST1062,PRD120,5,11941.0,1122.11,58582.89,34838.7,23744.19
ORD105181,2024-08-10,20240810,CUST1058,PRD109,5,740.34,98.93,3602.77,2757.0,845.77
ORD100184,2024-08-10,20240810,CUST1165,PRD124,4,1557.69,117.67,6113.09,3741.92,2371.17
ORD100622,2024-08-11,20240811,CUST1191,PRD130,5,555.04,214.54,2560.66,1623.5,937.16
ORD102561,2024-08-11,20240811,CUST1092,PRD109,5,740.34,114.73,3586.97,2757.0,829.97
ORD102527,2024-08-11,20240811,CUST1119,PRD125,4,831.8,73.38,3253.82,2429.04,824.78
ORD100272,2024-08-11,20240811,CUST1040,PRD125,5,831.8,362.97,3796.03,3036.3,759.73
ORD101904,2024-08-11,20240811,CUST1050,PRD120,3,11941.0,391.49,35431.51,20903.22,14528.29
ORD104426,2024-08-11,20240811,CUST1245,PRD122,5,1341.58,323.24,6384.66,4215.2,2169.46
ORD101292,2024-08-11,20240811,CUST1217,PRD116,1,6250.5,844.93,5405.57,4412.27,993.3
ORD104574,2024-08-12,20240812,CUST1072,PRD122,3,1341.58,524.33,3500.41,2529.12,971.29
ORD101474,2024-08-12,20240812,CUST1006,PRD124,2,1557.69,219.14,2896.24,1870.96,1025.28
ORD100217,2024-08-12,20240812,CUST1116,PRD124,5,1557.69,941.12,6847.33,4677.4,2169.93
ORD102456,2024-08-12,20240812,CUST1121,PRD116,3,6250.5,2311.86,16439.64,13236.81,3202.83
ORD104580,2024-08-12,20240812,CUST1172,PRD108,3,1410.45,616.88,3614.47,2289.06,1325.41
ORD102385,2024-08-12,20240812,CUST1191,PRD116,4,6250.5,139.85,24862.15,17649.08,7213.07
ORD101507,2024-08-12,20240812,CUST1190,PRD122,3,1341.58,388.23,3636.51,2529.12,1107.39
ORD102264,2024-08-12,20240812,CUST1197,PRD125,2,831.8,2.02,1661.58,1214.52,447.06
ORD102306,2024-08-12,20240812,CUST1148,PRD131,1,878.01,99.8,778.21,432.01,346.2
ORD103430,2024-08-12,20240812,CUST1178,PRD122,3,1341.58,566.7,3458.04,2529.12,928.92
ORD103395,2024-08-13,20240813,CUST1047,PRD131,5,878.01,174.74,4215.31,2160.05,2055.26
ORD100374,2024-08-13,20240813,CUST1107,PRD124,3,1557.69,444.44,4228.63,2806.44,1422.19
ORD100412,2024-08-13,20240813,CUST1219,PRD125,1,831.8,83.94,747.86,607.26,140.6
ORD101044,2024-08-13,20240813,CUST1223,PRD126,4,2373.84,63.3,9432.06,6603.4,2828.66
ORD103138,2024-08-13,20240813,CUST1060,PRD105,5,1128.05,109.3,5530.95,4148.75,1382.2
ORD101319,2024-08-13,20240813,CUST1082,PRD116,4,6250.5,2517.35,22484.65,17649.08,4835.57
ORD104032,2024-08-13,20240813,CUST1120,PRD102,5,34011.42,16812.25,153244.85,67659.2,85585.65
ORD102128,2024-08-13,20240813,CUST1099,PRD130,4,555.04,29.82,2190.34,1298.8,891.54
ORD101606,2024-08-13,20240813,CUST1032,PRD110,2,1138.64,182.3,2094.98,1037.5,1057.48
ORD104887,2024-08-14,20240814,CUST1173,PRD103,4,2340.88,1179.04,8184.48,4924.64,3259.84
ORD102368,2024-08-14,20240814,CUST1105,PRD124,3,1557.69,43.36,4629.71,2806.44,1823.27
ORD101857,2024-08-14,20240814,CUST1141,PRD129,5,372.05,52.91,1807.34,1142.75,664.59
ORD105002,2024-08-14,20240814,CUST1175,PRD109,5,740.34,266.72,3434.98,2757.0,677.98
ORD103937,2024-08-14,20240814,CUST1059,PRD127,2,2448.22,438.89,4457.55,2678.86,1778.69
ORD103050,2024-08-14,20240814,CUST1149,PRD103,3,2340.88,368.61,6654.03,3693.48,2960.55
ORD104719,2024-08-14,20240814,CUST1027,PRD110,4,1138.64,313.18,4241.38,2075.0,2166.38
ORD101434,2024-08-14,20240814,CUST1019,PRD131,5,878.01,552.35,3837.7,2160.05,1677.65
ORD103587,2024-08-14,20240814,CUST1140,PRD122,3,1341.58,271.57,3753.17,2529.12,1224.05
ORD100815,2024-08-15,20240815,CUST1165,PRD124,5,1557.69,696.9,7091.55,4677.4,2414.15
ORD103106,2024-08-15,20240815,CUST1051,PRD131,1,878.01,127.64,750.37,432.01,318.36
ORD103340,2024-08-15,20240815,CUST1107,PRD127,4,2448.22,642.33,9150.55,5357.72,3792.83
ORD102946,2024-08-15,20240815,CUST1155,PRD108,1,1410.45,191.08,1219.37,763.02,456.35
ORD105147,2024-08-15,20240815,CUST1133,PRD131,4,878.01,87.82,3424.22,1728.04,1696.18
ORD100791,2024-08-15,20240815,CUST1020,PRD101,5,2720.52,27.94,13574.66,10155.95,3418.71
ORD104139,2024-08-15,20240815,CUST1094,PRD122,3,1341.58,567.83,3456.91,2529.12,927.79
ORD104624,2024-08-15,20240815,CUST1099,PRD131,5,878.01,251.77,4138.28,2160.05,1978.23
ORD101821,2024-08-16,20240816,CUST1001,PRD131,2,878.01,44.74,1711.28,864.02,847.26
ORD103872,2024-08-16,20240816,CUST1025,PRD101,5,2720.52,553.5,13049.1,10155.95,2893.15
ORD104057,2024-08-16,20240816,CUST1018,PRD110,3,1138.64,99.95,3315.97,1556.25,1759.72
ORD102397,2024-08-16,20240816,CUST1197,PRD123,5,1667.88,226.1,8113.3,6099.7,2013.6
ORD102454,2024-08-16,20240816,CUST1035,PRD125,5,831.8,216.62,3942.38,3036.3,906.08
ORD103681,2024-08-17,20240817,CUST1132,PRD125,5,831.8,62.85,4096.15,3036.3,1059.85
ORD102117,2024-08-17,20240817,CUST1012,PRD124,5,1557.69,309.9,7478.55,4677.4,2801.15
ORD104916,2024-08-17,20240817,CUST1153,PRD127,5,2448.22,955.04,11286.06,6697.15,4588.91
ORD103394,2024-08-17,20240817,CUST1150,PRD108,5,1410.45,261.54,6790.71,3815.1,2975.61
ORD103224,2024-08-17,20240817,CUST1146,PRD101,4,2720.52,1570.44,9311.64,8124.76,1186.88
ORD101136,2024-08-17,20240817,CUST1152,PRD103,1,2340.88,203.58,2137.3,1231.16,906.14
ORD102244,2024-08-17,20240817,CUST1192,PRD131,1,878.01,62.68,815.33,432.01,383.32
ORD104350,2024-08-18,20240818,CUST1044,PRD101,2,2720.52,424.1,5016.94,4062.38,954.56
ORD100481,2024-08-18,20240818,CUST1127,PRD131,2,878.01,3.61,1752.41,864.02,888.39
ORD102258,2024-08-18,20240818,CUST1060,PRD131,5,878.01,233.85,4156.2,2160.05,1996.15
ORD100868,2024-08-18,20240818,CUST1193,PRD131,1,878.01,53.87,824.14,432.01,392.13
ORD103025,2024-08-18,20240818,CUST1143,PRD127,2,2448.22,335.68,4560.76,2678.86,1881.9
ORD104222,2024-08-18,20240818,CUST1081,PRD112,3,2391.88,124.92,7050.72,4860.51,2190.21
ORD103195,2024-08-18,20240818,CUST1121,PRD109,2,740.34,46.02,1434.66,1102.8,331.86
ORD105196,2024-08-18,20240818,CUST1106,PRD131,5,878.01,643.36,3746.69,2160.05,1586.64
ORD101686,2024-08-19,20240819,CUST1132,PRD129,3,372.05,90.39,1025.76,685.65,340.11
ORD102203,2024-08-19,20240819,CUST1223,PRD125,1,831.8,49.07,782.73,607.26,175.47
ORD102773,2024-08-19,20240819,CUST1211,PRD105,2,1128.05,103.45,2152.65,1659.5,493.15
ORD100255,2024-08-19,20240819,CUST1061,PRD103,2,2340.88,506.4,4175.36,2462.32,1713.04
ORD103721,2024-08-19,20240819,CUST1175,PRD131,1,878.01,100.65,777.36,432.01,345.35
ORD102816,2024-08-19,20240819,CUST1121,PRD124,2,1557.69,191.53,2923.85,1870.96,1052.89
ORD101870,2024-08-20,20240820,CUST1045,PRD116,1,6250.5,182.89,6067.61,4412.27,1655.34
ORD103616,2024-08-20,20240820,CUST1124,PRD125,2,831.8,194.25,1469.35,1214.52,254.83
ORD104722,2024-08-20,20240820,CUST1081,PRD125,1,831.8,82.25,749.55,607.26,142.29
ORD104216,2024-08-20,20240820,CUST1127,PRD116,1,6250.5,32.5,6218.0,4412.27,1805.73
ORD100342,2024-08-20,20240820,CUST1105,PRD113,2,2682.38,605.02,4759.74,3140.48,1619.26
ORD103358,2024-08-20,20240820,CUST1191,PRD127,1,2448.22,39.58,2408.64,1339.43,1069.21
ORD100119,2024-08-21,20240821,CUST1023,PRD122,2,1341.58,120.11,2563.05,1686.08,876.97
ORD102830,2024-08-21,20240821,CUST1081,PRD113,5,2682.38,478.98,12932.92,7851.2,5081.72
ORD104109,2024-08-21,20240821,CUST1191,PRD109,2,740.34,168.81,1311.87,1102.8,209.07
ORD101659,2024-08-22,20240822,CUST1228,PRD110,2,1138.64,275.73,2001.55,1037.5,964.05
ORD100219,2024-08-22,20240822,CUST1174,PRD131,1,878.01,90.52,787.49,432.01,355.48
ORD104121,2024-08-22,20240822,CUST1066,PRD131,3,878.01,227.69,2406.34,1296.03,1110.31
ORD104656,2024-08-22,20240822,CUST1195,PRD127,3,2448.22,986.35,6358.31,4018.29,2340.02
ORD102291,2024-08-22,20240822,CUST1108,PRD113,5,2682.38,647.49,12764.41,7851.2,4913.21
ORD100585,2024-08-22,20240822,CUST1028,PRD122,1,1341.58,108.1,1233.48,843.04,390.44
ORD103342,2024-08-22,20240822,CUST1247,PRD131,4,878.01,504.99,3007.05,1728.04,1279.01
ORD100923,2024-08-22,20240822,CUST1051,PRD101,1,2720.52,251.96,2468.56,2031.19,437.37
ORD101384,2024-08-22,20240822,CUST1039,PRD109,1,740.34,12.01,728.33,551.4,176.93
ORD100617,2024-08-22,20240822,CUST1173,PRD124,1,1557.69,169.61,1388.08,935.48,452.6
ORD103539,2024-08-22,20240822,CUST1101,PRD131,5,878.01,469.7,3920.35,2160.05,1760.3
ORD100341,2024-08-22,20240822,CUST1098,PRD115,4,2955.79,1421.6,10401.56,6196.72,4204.84
ORD104566,2024-08-22,20240822,CUST1160,PRD113,1,2682.38,201.74,2480.64,1570.24,910.4
ORD103765,2024-08-22,20240822,CUST1168,PRD101,4,2720.52,278.06,10604.02,8124.76,2479.26
ORD104584,2024-08-23,20240823,CUST1193,PRD113,2,2682.38,625.27,4739.49,3140.48,1599.01
ORD102634,2024-08-23,20240823,CUST1076,PRD108,3,1410.45,224.17,4007.18,2289.06,1718.12
ORD104345,2024-08-23,20240823,CUST1017,PRD122,5,1341.58,665.55,6042.35,4215.2,1827.15
ORD104761,2024-08-23,20240823,CUST1214,PRD101,1,2720.52,1.24,2719.28,2031.19,688.09
ORD104003,2024-08-23,20240823,CUST1238,PRD101,2,2720.52,449.06,4991.98,4062.38,929.6
ORD103489,2024-08-23,20240823,CUST1111,PRD125,4,831.8,377.71,2949.49,2429.04,520.45
ORD100241,2024-08-23,20240823,CUST1224,PRD101,2,2720.52,789.3,4651.74,4062.38,589.36
ORD102858,2024-08-24,20240824,CUST1215,PRD131,5,878.01,238.0,4152.05,2160.05,1992.0
ORD105090,2024-08-24,20240824,CUST1032,PRD116,5,6250.5,1601.67,29650.83,22061.35,7589.48
ORD100563,2024-08-24,20240824,CUST1175,PRD125,5,831.8,115.39,4043.61,3036.3,1007.31
ORD101969,2024-08-24,20240824,CUST1103,PRD124,1,1557.69,70.95,1486.74,935.48,551.26
ORD100178,2024-08-25,20240825,CUST1217,PRD127,2,2448.22,360.23,4536.21,2678.86,1857.35
ORD102469,2024-08-25,20240825,CUST1125,PRD131,3,878.01,273.24,2360.79,1296.03,1064.76
ORD103507,2024-08-25,20240825,CUST1007,PRD130,2,555.04,152.23,957.85,649.4,308.45
ORD104966,2024-08-25,20240825,CUST1113,PRD103,1,2340.88,71.31,2269.57,1231.16,1038.41
ORD103526,2024-08-25,20240825,CUST1153,PRD113,2,2682.38,595.74,4769.02,3140.48,1628.54
ORD101747,2024-08-25,20240825,CUST1188,PRD130,3,555.04,124.9,1540.22,974.1,566.12
ORD104053,2024-08-25,20240825,CUST1031,PRD125,4,831.8,398.02,2929.18,2429.04,500.14
ORD102406,2024-08-25,20240825,CUST1000,PRD123,4,1667.88,540.85,6130.67,4879.76,1250.91
ORD101937,2024-08-25,20240825,CUST1204,PRD131,5,878.01,126.36,4263.69,2160.05,2103.64
ORD104913,2024-08-26,20240826,CUST1047,PRD131,1,878.01,81.34,796.67,432.01,364.66
ORD101603,2024-08-26,20240826,CUST1189,PRD124,5,1557.69,46.16,7742.29,4677.4,3064.89
ORD100187,2024-08-26,20240826,CUST1045,PRD124,4,1557.69,203.37,6027.39,3741.92,2285.47
ORD102839,2024-08-26,20240826,CUST1220,PRD103,2,2340.88,19.14,4662.62,2462.32,2200.3
ORD100573,2024-08-26,20240826,CUST1176,PRD131,5,878.01,517.16,3872.89,2160.05,1712.84
ORD103629,2024-08-26,20240826,CUST1084,PRD122,4,1341.58,589.93,4776.39,3372.16,1404.23
ORD100372,2024-08-26,20240826,CUST1154,PRD113,4,2682.38,626.57,10102.95,6280.96,3821.99
ORD100917,2024-08-26,20240826,CUST1178,PRD105,3,1128.05,106.16,3277.99,2489.25,788.74
ORD102526,2024-08-26,20240826,CUST1167,PRD125,2,831.8,107.63,1555.97,1214.52,341.45
ORD104140,2024-08-26,20240826,CUST1163,PRD131,3,878.01,384.97,2249.06,1296.03,953.03
ORD104613,2024-08-27,20240827,CUST1100,PRD130,4,555.04,230.18,1989.98,1298.8,691.18
ORD100240,2024-08-27,20240827,CUST1240,PRD124,4,1557.69,262.57,5968.19,3741.92,2226.27
ORD102169,2024-08-27,20240827,CUST1171,PRD131,3,878.01,245.66,2388.37,1296.03,1092.34
ORD105023,2024-08-27,20240827,CUST1223,PRD131,1,878.01,71.34,806.67,432.01,374.66
ORD102102,2024-08-27,20240827,CUST1013,PRD127,5,2448.22,1361.34,10879.76,6697.15,4182.61
ORD104365,2024-08-27,20240827,CUST1199,PRD110,3,1138.64,245.09,3170.83,1556.25,1614.58
ORD100404,2024-08-27,20240827,CUST1237,PRD106,2,1484.26,214.57,2753.95,1839.12,914.83
ORD101027,2024-08-27,20240827,CUST1061,PRD120,5,11941.0,6574.3,53130.7,34838.7,18292.0
ORD102101,2024-08-27,20240827,CUST1145,PRD109,3,740.34,59.42,2161.6,1654.2,507.4
ORD101528,2024-08-27,20240827,CUST1017,PRD127,5,2448.22,118.29,12122.81,6697.15,5425.66
ORD100034,2024-08-28,20240828,CUST1066,PRD122,2,1341.58,387.51,2295.65,1686.08,609.57
ORD100607,2024-08-28,20240828,CUST1048,PRD131,2,878.01,115.31,1640.71,864.02,776.69
ORD104227,2024-08-28,20240828,CUST1243,PRD110,5,1138.64,792.87,4900.33,2593.75,2306.58
ORD104195,2024-08-28,20240828,CUST1029,PRD120,5,11941.0,7997.81,51707.19,34838.7,16868.49
ORD102007,2024-08-28,20240828,CUST1010,PRD124,4,1557.69,214.35,6016.41,3741.92,2274.49
ORD101906,2024-08-28,20240828,CUST1026,PRD123,2,1667.88,75.06,3260.7,2439.88,820.82
ORD103262,2024-08-28,20240828,CUST1132,PRD106,2,1484.26,197.6,2770.92,1839.12,931.8
ORD104204,2024-08-28,20240828,CUST1213,PRD101,4,2720.52,1356.86,9525.22,8124.76,1400.46
ORD104343,2024-08-28,20240828,CUST1087,PRD127,1,2448.22,271.55,2176.67,1339.43,837.24
ORD102682,2024-08-29,20240829,CUST1038,PRD122,2,1341.58,196.11,2487.05,1686.08,800.97
ORD100672,2024-08-29,20240829,CUST1006,PRD113,5,2682.38,1976.91,11434.99,7851.2,3583.79
ORD102307,2024-08-29,20240829,CUST1074,PRD116,3,6250.5,1731.89,17019.61,13236.81,3782.8
ORD103387,2024-08-29,20240829,CUST1184,PRD109,5,740.34,461.49,3240.21,2757.0,483.21
ORD104532,2024-08-29,20240829,CUST1035,PRD131,1,878.01,75.59,802.42,432.01,370.41
ORD102812,2024-08-29,20240829,CUST1233,PRD122,3,1341.58,19.34,4005.4,2529.12,1476.28
ORD100165,2024-08-29,20240829,CUST1060,PRD122,5,1341.58,558.75,6149.15,4215.2,1933.95
ORD104224,2024-08-29,20240829,CUST1025,PRD113,1,2682.38,268.54,2413.84,1570.24,843.6
ORD101542,2024-08-29,20240829,CUST1175,PRD124,2,1557.69,446.05,2669.33,1870.96,798.37
ORD102590,2024-08-29,20240829,CUST1195,PRD109,2,740.34,47.12,1433.56,1102.8,330.76
ORD103398,2024-08-29,20240829,CUST1161,PRD131,3,878.01,46.39,2587.64,1296.03,1291.61
ORD102704,2024-08-29,20240829,CUST1074,PRD130,3,555.04,68.84,1596.28,974.1,622.18
ORD101498,2024-08-29,20240829,CUST1008,PRD123,5,1667.88,808.69,7530.71,6099.7,1431.01
ORD103969,2024-08-29,20240829,CUST1088,PRD131,3,878.01,306.54,2327.49,1296.03,1031.46
ORD101672,2024-08-29,20240829,CUST1125,PRD127,4,2448.22,68.42,9724.46,5357.72,4366.74
ORD103454,2024-08-29,20240829,CUST1200,PRD112,1,2391.88,244.9,2146.98,1620.17,526.81
ORD102442,2024-08-30,20240830,CUST1244,PRD113,5,2682.38,1004.18,12407.72,7851.2,4556.52
ORD101451,2024-08-30,20240830,CUST1139,PRD113,5,2682.38,1704.51,11707.39,7851.2,3856.19
ORD103808,2024-08-30,20240830,CUST1228,PRD104,3,8667.94,1319.6,24684.22,9301.59,15382.63
ORD103865,2024-08-30,20240830,CUST1025,PRD123,5,1667.88,1037.52,7301.88,6099.7,1202.18
ORD104816,2024-08-30,20240830,CUST1051,PRD109,5,740.34,13.44,3688.26,2757.0,931.26
ORD103810,2024-08-30,20240830,CUST1124,PRD101,2,2720.52,640.32,4800.72,4062.38,738.34
ORD103780,2024-08-30,20240830,CUST1249,PRD130,2,555.04,37.03,1073.05,649.4,423.65
ORD101670,2024-08-31,20240831,CUST1019,PRD113,3,2682.38,853.6,7193.54,4710.72,2482.82
ORD103118,2024-08-31,20240831,CUST1027,PRD113,2,2682.38,160.96,5203.8,3140.48,2063.32
ORD102234,2024-08-31,20240831,CUST1003,PRD127,5,2448.22,586.47,11654.63,6697.15,4957.48
ORD100025,2024-08-31,20240831,CUST1085,PRD115,3,2955.79,1225.0,7642.37,4647.54,2994.83
ORD101574,2024-09-01,20240901,CUST1148,PRD116,4,6250.5,37.27,24964.73,17649.08,7315.65
ORD100248,2024-09-01,20240901,CUST1173,PRD122,5,1341.58,641.97,6065.93,4215.2,1850.73
ORD104170,2024-09-01,20240901,CUST1064,PRD125,1,831.8,102.41,729.39,607.26,122.13
ORD103151,2024-09-01,20240901,CUST1149,PRD113,1,2682.38,253.92,2428.46,1570.24,858.22
ORD102898,2024-09-01,20240901,CUST1079,PRD122,2,1341.58,341.46,2341.7,1686.08,655.62
ORD101866,2024-09-01,20240901,CUST1054,PRD109,3,740.34,212.71,2008.31,1654.2,354.11
ORD103524,2024-09-02,20240902,CUST1069,PRD109,5,740.34,4.2,3697.5,2757.0,940.5
ORD102086,2024-09-02,20240902,CUST1135,PRD116,4,6250.5,3341.59,21660.41,17649.08,4011.33
ORD101960,2024-09-02,20240902,CUST1035,PRD110,5,1138.64,33.86,5659.34,2593.75,3065.59
ORD100660,2024-09-02,20240902,CUST1090,PRD113,5,2682.38,1213.4,12198.5,7851.2,4347.3
ORD101912,2024-09-02,20240902,CUST1220,PRD101,5,2720.52,695.57,12907.03,10155.95,2751.08
ORD104114,2024-09-02,20240902,CUST1019,PRD125,2,831.8,43.58,1620.02,1214.52,405.5
ORD100286,2024-09-02,20240902,CUST1133,PRD124,5,1557.69,1150.29,6638.16,4677.4,1960.76
ORD100424,2024-09-03,20240903,CUST1239,PRD131,5,878.01,199.73,4190.32,2160.05,2030.27
ORD101338,2024-09-03,20240903,CUST1078,PRD131,3,878.01,61.97,2572.06,1296.03,1276.03
ORD104924,2024-09-03,20240903,CUST1038,PRD104,5,8667.94,5615.93,37723.77,15502.65,22221.12
ORD104359,2024-09-03,20240903,CUST1103,PRD120,2,11941.0,3546.45,20335.55,13935.48,6400.07
ORD103855,2024-09-03,20240903,CUST1025,PRD125,2,831.8,213.93,1449.67,1214.52,235.15
ORD101719,2024-09-03,20240903,CUST1214,PRD124,2,1557.69,390.64,2724.74,1870.96,853.78
ORD102213,2024-09-03,20240903,CUST1042,PRD122,3,1341.58,502.99,3521.75,2529.12,992.63
ORD102718,2024-09-04,20240904,CUST1017,PRD125,4,831.8,457.03,2870.17,2429.04,441.13
ORD102099,2024-09-04,20240904,CUST1206,PRD101,3,2720.52,277.26,7884.3,6093.57,1790.73
ORD101518,2024-09-04,20240904,CUST1147,PRD124,1,1557.69,210.33,1347.36,935.48,411.88
ORD101213,2024-09-04,20240904,CUST1195,PRD109,4,740.34,83.34,2878.02,2205.6,672.42
ORD102694,2024-09-04,20240904,CUST1141,PRD130,2,555.04,6.27,1103.81,649.4,454.41
ORD102278,2024-09-04,20240904,CUST1173,PRD124,2,1557.69,90.88,3024.5,1870.96,1153.54
ORD102365,2024-09-04,20240904,CUST1202,PRD101,5,2720.52,1402.0,12200.6,10155.95,2044.65
ORD103538,2024-09-04,20240904,CUST1083,PRD103,1,2340.88,166.07,2174.81,1231.16,943.65
ORD100020,2024-09-05,20240905,CUST1117,PRD130,3,555.04,120.66,1544.46,974.1,570.36
ORD101856,2024-09-05,20240905,CUST1026,PRD125,1,831.8,118.71,713.09,607.26,105.83
ORD101420,2024-09-05,20240905,CUST1041,PRD127,4,2448.22,348.24,9444.64,5357.72,4086.92
ORD104443,2024-09-05,20240905,CUST1207,PRD131,5,878.01,657.11,3732.94,2160.05,1572.89
ORD104179,2024-09-05,20240905,CUST1015,PRD131,1,878.01,0.04,877.97,432.01,445.96
ORD104418,2024-09-05,20240905,CUST1198,PRD131,5,878.01,270.62,4119.43,2160.05,1959.38
ORD101064,2024-09-05,20240905,CUST1094,PRD105,1,1128.05,73.46,1054.59,829.75,224.84
ORD102820,2024-09-05,20240905,CUST1160,PRD130,1,555.04,39.45,515.59,324.7,190.89
ORD103002,2024-09-05,20240905,CUST1203,PRD122,2,1341.58,313.09,2370.07,1686.08,683.99
ORD104742,2024-09-05,20240905,CUST1003,PRD113,1,2682.38,5.36,2677.02,1570.24,1106.78
ORD102100,2024-09-06,20240906,CUST1055,PRD124,1,1557.69,10.13,1547.56,935.48,612.08
ORD103898,2024-09-06,20240906,CUST1107,PRD101,5,2720.52,2016.04,11586.56,10155.95,1430.61
ORD101633,2024-09-06,20240906,CUST1192,PRD109,1,740.34,43.87,696.47,551.4,145.07
ORD102067,2024-09-06,20240906,CUST1082,PRD112,5,2391.88,1295.77,10663.63,8100.85,2562.78
ORD104523,2024-09-06,20240906,CUST1050,PRD109,5,740.34,467.76,3233.94,2757.0,476.94
ORD100084,2024-09-06,20240906,CUST1011,PRD105,2,1128.05,275.75,1980.35,1659.5,320.85
ORD104668,2024-09-06,20240906,CUST1220,PRD131,5,878.01,553.95,3836.1,2160.05,1676.05
ORD103060,2024-09-06,20240906,CUST1223,PRD130,1,555.04,77.61,477.43,324.7,152.73
ORD102557,2024-09-07,20240907,CUST1085,PRD127,5,2448.22,293.8,11947.3,6697.15,5250.15
ORD104316,2024-09-07,20240907,CUST1087,PRD131,2,878.01,120.39,1635.63,864.02,771.61
ORD103474,2024-09-07,20240907,CUST1037,PRD130,4,555.04,135.88,2084.28,1298.8,785.48
ORD100530,2024-09-07,20240907,CUST1198,PRD113,2,2682.38,247.5,5117.26,3140.48,1976.78
ORD100170,2024-09-07,20240907,CUST1112,PRD131,1,878.01,120.2,757.81,432.01,325.8
ORD100131,2024-09-07,20240907,CUST1003,PRD122,5,1341.58,938.8,5769.1,4215.2,1553.9
ORD102970,2024-09-07,20240907,CUST1038,PRD122,3,1341.58,592.64,3432.1,2529.12,902.98
ORD101069,2024-09-07,20240907,CUST1066,PRD131,4,878.01,377.68,3134.36,1728.04,1406.32
ORD100389,2024-09-07,20240907,CUST1106,PRD101,3,2720.52,1134.69,7026.87,6093.57,933.3
ORD100087,2024-09-07,20240907,CUST1132,PRD116,5,6250.5,550.1,30702.4,22061.35,8641.05
ORD105216,2024-09-07,20240907,CUST1057,PRD116,2,6250.5,1617.47,10883.53,8824.54,2058.99
ORD101180,2024-09-07,20240907,CUST1087,PRD110,5,1138.64,201.82,5491.38,2593.75,2897.63
ORD104901,2024-09-08,20240908,CUST1057,PRD127,2,2448.22,191.87,4704.57,2678.86,2025.71
ORD102052,2024-09-08,20240908,CUST1180,PRD122,4,1341.58,211.23,5155.09,3372.16,1782.93
ORD100524,2024-09-08,20240908,CUST1044,PRD124,5,1557.69,679.39,7109.06,4677.4,2431.66
ORD101145,2024-09-08,20240908,CUST1226,PRD131,4,878.01,210.55,3301.49,1728.04,1573.45
ORD105086,2024-09-08,20240908,CUST1210,PRD103,5,2340.88,1149.21,10555.19,6155.8,4399.39
ORD102257,2024-09-08,20240908,CUST1066,PRD113,4,2682.38,174.18,10555.34,6280.96,4274.38
ORD104051,2024-09-08,20240908,CUST1025,PRD130,4,555.04,89.09,2131.07,1298.8,832.27
ORD104545,2024-09-08,20240908,CUST1130,PRD115,3,2955.79,1114.1,7753.27,4647.54,3105.73
ORD100752,2024-09-08,20240908,CUST1064,PRD131,5,878.01,192.6,4197.45,2160.05,2037.4
ORD104014,2024-09-09,20240909,CUST1237,PRD125,3,831.8,287.17,2208.23,1821.78,386.45
ORD104756,2024-09-09,20240909,CUST1149,PRD113,1,2682.38,401.28,2281.1,1570.24,710.86
ORD100619,2024-09-09,20240909,CUST1029,PRD109,5,740.34,342.4,3359.3,2757.0,602.3
ORD101483,2024-09-09,20240909,CUST1058,PRD116,4,6250.5,557.16,24444.84,17649.08,6795.76
ORD105194,2024-09-09,20240909,CUST1120,PRD113,5,2682.38,1828.11,11583.79,7851.2,3732.59
ORD102661,2024-09-09,20240909,CUST1027,PRD125,4,831.8,34.78,3292.42,2429.04,863.38
ORD104321,2024-09-09,20240909,CUST1195,PRD103,1,2340.88,303.19,2037.69,1231.16,806.53
ORD102310,2024-09-09,20240909,CUST1135,PRD103,2,2340.88,581.1,4100.66,2462.32,1638.34
ORD101928,2024-09-09,20240909,CUST1042,PRD105,3,1128.05,240.12,3144.03,2489.25,654.78
ORD104218,2024-09-10,20240910,CUST1186,PRD109,5,740.34,275.75,3425.95,2757.0,668.95
ORD103984,2024-09-10,20240910,CUST1023,PRD127,3,2448.22,309.6,7035.06,4018.29,3016.77
ORD102148,2024-09-11,20240911,CUST1155,PRD130,4,555.04,259.8,1960.36,1298.8,661.56
ORD100474,2024-09-11,20240911,CUST1244,PRD127,1,2448.22,126.05,2322.17,1339.43,982.74
ORD104780,2024-09-11,20240911,CUST1218,PRD122,5,1341.58,245.8,6462.1,4215.2,2246.9
ORD102602,2024-09-11,20240911,CUST1019,PRD131,5,878.01,444.1,3945.95,2160.05,1785.9
ORD101391,2024-09-11,20240911,CUST1221,PRD101,4,2720.52,1607.38,9274.7,8124.76,1149.94
ORD100988,2024-09-11,20240911,CUST1040,PRD131,4,878.01,337.36,3174.68,1728.04,1446.64
ORD100908,2024-09-11,20240911,CUST1097,PRD110,3,1138.64,378.22,3037.7,1556.25,1481.45
ORD102031,2024-09-12,20240912,CUST1135,PRD103,1,2340.88,253.12,2087.76,1231.16,856.6
ORD101624,2024-09-12,20240912,CUST1130,PRD109,3,740.34,210.42,2010.6,1654.2,356.4
ORD101009,2024-09-12,20240912,CUST1100,PRD125,1,831.8,19.63,812.17,607.26,204.91
ORD101440,2024-09-12,20240912,CUST1088,PRD131,2,878.01,186.25,1569.77,864.02,705.75
ORD104962,2024-09-12,20240912,CUST1059,PRD131,2,878.01,114.16,1641.86,864.02,777.84
ORD102521,2024-09-12,20240912,CUST1158,PRD103,1,2340.88,331.55,2009.33,1231.16,778.17
ORD103223,2024-09-13,20240913,CUST1129,PRD122,2,1341.58,337.79,2345.37,1686.08,659.29
ORD100614,2024-09-13,20240913,CUST1043,PRD127,2,2448.22,690.14,4206.3,2678.86,1527.44
ORD102957,2024-09-13,20240913,CUST1221,PRD113,3,2682.38,1012.78,7034.36,4710.72,2323.64
ORD102111,2024-09-13,20240913,CUST1218,PRD125,3,831.8,106.24,2389.16,1821.78,567.38
ORD102783,2024-09-13,20240913,CUST1170,PRD122,3,1341.58,91.14,3933.6,2529.12,1404.48
ORD103634,2024-09-13,20240913,CUST1180,PRD105,5,1128.05,225.36,5414.89,4148.75,1266.14
ORD102939,2024-09-13,20240913,CUST1222,PRD103,1,2340.88,272.88,2068.0,1231.16,836.84
ORD102961,2024-09-13,20240913,CUST1202,PRD124,5,1557.69,56.89,7731.56,4677.4,3054.16
ORD104169,2024-09-13,20240913,CUST1244,PRD110,3,1138.64,445.38,2970.54,1556.25,1414.29
ORD101349,2024-09-14,20240914,CUST1247,PRD113,4,2682.38,412.72,10316.8,6280.96,4035.84
ORD102090,2024-09-14,20240914,CUST1240,PRD105,2,1128.05,74.54,2181.56,1659.5,522.06
ORD102180,2024-09-14,20240914,CUST1003,PRD129,1,372.05,15.13,356.92,228.55,128.37
ORD104091,2024-09-14,20240914,CUST1125,PRD122,2,1341.58,45.6,2637.56,1686.08,951.48
ORD103956,2024-09-14,20240914,CUST1141,PRD109,5,740.34,106.47,3595.23,2757.0,838.23
ORD104323,2024-09-14,20240914,CUST1096,PRD105,4,1128.05,199.63,4312.57,3319.0,993.57
ORD101743,2024-09-14,20240914,CUST1057,PRD103,1,2340.88,175.03,2165.85,1231.16,934.69
ORD102893,2024-09-14,20240914,CUST1179,PRD105,3,1128.05,297.64,3086.51,2489.25,597.26
ORD103249,2024-09-15,20240915,CUST1103,PRD105,1,1128.05,56.3,1071.75,829.75,242.0
ORD103312,2024-09-15,20240915,CUST1175,PRD124,2,1557.69,408.75,2706.63,1870.96,835.67
ORD100352,2024-09-15,20240915,CUST1127,PRD118,2,1714.96,304.34,3125.58,1786.42,1339.16
ORD101878,2024-09-15,20240915,CUST1129,PRD130,1,555.04,38.49,516.55,324.7,191.85
ORD103859,2024-09-15,20240915,CUST1036,PRD125,4,831.8,333.11,2994.09,2429.04,565.05
ORD102208,2024-09-15,20240915,CUST1067,PRD122,3,1341.58,334.97,3689.77,2529.12,1160.65
ORD102259,2024-09-16,20240916,CUST1129,PRD103,1,2340.88,307.8,2033.08,1231.16,801.92
ORD104001,2024-09-16,20240916,CUST1241,PRD131,5,878.01,405.11,3984.94,2160.05,1824.89
ORD101350,2024-09-16,20240916,CUST1171,PRD124,5,1557.69,1025.77,6762.68,4677.4,2085.28
ORD102029,2024-09-16,20240916,CUST1232,PRD129,5,372.05,93.36,1766.89,1142.75,624.14
ORD102890,2024-09-16,20240916,CUST1062,PRD124,1,1557.69,76.15,1481.54,935.48,546.06
ORD103210,2024-09-16,20240916,CUST1013,PRD131,4,878.01,101.19,3410.85,1728.04,1682.81
ORD104936,2024-09-16,20240916,CUST1090,PRD131,1,878.01,64.28,813.73,432.01,381.72
ORD103965,2024-09-16,20240916,CUST1129,PRD120,2,11941.0,378.48,23503.52,13935.48,9568.04
ORD100884,2024-09-16,20240916,CUST1199,PRD125,5,831.8,605.62,3553.38,3036.3,517.08
ORD103130,2024-09-16,20240916,CUST1056,PRD128,5,577.0,102.15,2782.85,1934.6,848.25
ORD105116,2024-09-17,20240917,CUST1122,PRD125,3,831.8,37.34,2458.06,1821.78,636.28
ORD104207,2024-09-17,20240917,CUST1235,PRD131,3,878.01,259.74,2374.29,1296.03,1078.26
ORD104641,2024-09-17,20240917,CUST1034,PRD101,4,2720.52,656.55,10225.53,8124.76,2100.77
ORD101036,2024-09-18,20240918,CUST1073,PRD131,2,878.01,155.92,1600.1,864.02,736.08
ORD100529,2024-09-18,20240918,CUST1169,PRD125,4,831.8,63.36,3263.84,2429.04,834.8
ORD105045,2024-09-18,20240918,CUST1152,PRD131,1,878.01,58.02,819.99,432.01,387.98
ORD101107,2024-09-19,20240919,CUST1084,PRD128,5,577.0,422.25,2462.75,1934.6,528.15
ORD100593,2024-09-19,20240919,CUST1084,PRD124,1,1557.69,72.26,1485.43,935.48,549.95
ORD101745,2024-09-19,20240919,CUST1215,PRD104,4,8667.94,3189.41,31482.35,12402.12,19080.23
ORD102560,2024-09-19,20240919,CUST1049,PRD116,2,6250.5,1543.44,10957.56,8824.54,2133.02
ORD104750,2024-09-20,20240920,CUST1183,PRD126,3,2373.84,68.93,7052.59,4952.55,2100.04
ORD101401,2024-09-20,20240920,CUST1060,PRD108,2,1410.45,325.08,2495.82,1526.04,969.78
ORD101618,2024-09-20,20240920,CUST1022,PRD131,4,878.01,46.21,3465.83,1728.04,1737.79
ORD100770,2024-09-20,20240920,CUST1204,PRD124,1,1557.69,74.23,1483.46,935.48,547.98
ORD103168,2024-09-20,20240920,CUST1230,PRD106,4,1484.26,610.51,5326.53,3678.24,1648.29
ORD102775,2024-09-20,20240920,CUST1014,PRD110,2,1138.64,135.67,2141.61,1037.5,1104.11
ORD103071,2024-09-20,20240920,CUST1092,PRD110,3,1138.64,68.97,3346.95,1556.25,1790.7
ORD100525,2024-09-20,20240920,CUST1163,PRD122,2,1341.58,343.87,2339.29,1686.08,653.21
ORD100486,2024-09-21,20240921,CUST1057,PRD130,5,555.04,79.24,2695.96,1623.5,1072.46
ORD102037,2024-09-21,20240921,CUST1089,PRD122,1,1341.58,38.37,1303.21,843.04,460.17
ORD100153,2024-09-21,20240921,CUST1211,PRD131,5,878.01,133.97,4256.08,2160.05,2096.03
ORD100044,2024-09-21,20240921,CUST1106,PRD124,2,1557.69,233.51,2881.87,1870.96,1010.91
ORD100854,2024-09-21,20240921,CUST1171,PRD125,1,831.8,2.79,829.01,607.26,221.75
ORD100234,2024-09-22,20240922,CUST1120,PRD124,1,1557.69,149.49,1408.2,935.48,472.72
ORD100276,2024-09-22,20240922,CUST1060,PRD101,4,2720.52,1009.6,9872.48,8124.76,1747.72
ORD101200,2024-09-22,20240922,CUST1201,PRD130,1,555.04,62.57,492.47,324.7,167.77
ORD103901,2024-09-23,20240923,CUST1002,PRD125,1,831.8,41.78,790.02,607.26,182.76
ORD100891,2024-09-23,20240923,CUST1033,PRD125,4,831.8,465.56,2861.64,2429.04,432.6
ORD101091,2024-09-23,20240923,CUST1172,PRD111,4,1653.05,354.98,6257.22,4863.28,1393.94
ORD104356,2024-09-23,20240923,CUST1159,PRD125,3,831.8,143.25,2352.15,1821.78,530.37
ORD103473,2024-09-23,20240923,CUST1013,PRD124,1,1557.69,111.03,1446.66,935.48,511.18
ORD102531,2024-09-23,20240923,CUST1030,PRD113,4,2682.38,1267.38,9462.14,6280.96,3181.18
ORD100774,2024-09-23,20240923,CUST1242,PRD109,2,740.34,21.87,1458.81,1102.8,356.01
ORD100155,2024-09-24,20240924,CUST1202,PRD109,5,740.34,378.22,3323.48,2757.0,566.48
ORD101954,2024-09-24,20240924,CUST1133,PRD113,2,2682.38,437.5,4927.26,3140.48,1786.78
ORD103992,2024-09-24,20240924,CUST1162,PRD127,4,2448.22,596.34,9196.54,5357.72,3838.82
ORD101077,2024-09-24,20240924,CUST1071,PRD130,4,555.04,241.19,1978.97,1298.8,680.17
ORD101589,2024-09-24,20240924,CUST1054,PRD113,3,2682.38,153.1,7894.04,4710.72,3183.32
ORD102520,2024-09-24,20240924,CUST1175,PRD122,5,1341.58,969.4,5738.5,4215.2,1523.3
ORD100283,2024-09-24,20240924,CUST1037,PRD122,1,1341.58,71.44,1270.14,843.04,427.1
ORD104653,2024-09-24,20240924,CUST1160,PRD101,2,2720.52,129.57,5311.47,4062.38,1249.09
ORD104167,2024-09-25,20240925,CUST1123,PRD125,2,831.8,193.64,1469.96,1214.52,255.44
ORD105066,2024-09-25,20240925,CUST1087,PRD130,2,555.04,83.21,1026.87,649.4,377.47
ORD105018,2024-09-25,20240925,CUST1233,PRD125,2,831.8,112.9,1550.7,1214.52,336.18
ORD100413,2024-09-25,20240925,CUST1028,PRD109,2,740.34,33.14,1447.54,1102.8,344.74
ORD102787,2024-09-26,20240926,CUST1122,PRD113,5,2682.38,1511.27,11900.63,7851.2,4049.43
ORD101084,2024-09-26,20240926,CUST1115,PRD131,2,878.01,54.47,1701.55,864.02,837.53
ORD101825,2024-09-26,20240926,CUST1203,PRD110,3,1138.64,502.57,2913.35,1556.25,1357.1
ORD102703,2024-09-26,20240926,CUST1069,PRD130,4,555.04,329.17,1890.99,1298.8,592.19
ORD102299,2024-09-26,20240926,CUST1176,PRD131,5,878.01,139.16,4250.89,2160.05,2090.84
ORD101000,2024-09-26,20240926,CUST1169,PRD125,5,831.8,42.03,4116.97,3036.3,1080.67
ORD104439,2024-09-26,20240926,CUST1112,PRD105,3,1128.05,88.13,3296.02,2489.25,806.77
ORD104291,2024-09-26,20240926,CUST1243,PRD131,2,878.01,86.77,1669.25,864.02,805.23
ORD100349,2024-09-26,20240926,CUST1218,PRD101,3,2720.52,172.7,7988.86,6093.57,1895.29
ORD105100,2024-09-27,20240927,CUST1066,PRD124,3,1557.69,277.73,4395.34,2806.44,1588.9
ORD104781,2024-09-27,20240927,CUST1001,PRD112,4,2391.88,1189.9,8377.62,6480.68,1896.94
ORD103327,2024-09-27,20240927,CUST1229,PRD124,5,1557.69,930.37,6858.08,4677.4,2180.68
ORD102464,2024-09-27,20240927,CUST1228,PRD131,5,878.01,288.71,4101.34,2160.05,1941.29
ORD100616,2024-09-27,20240927,CUST1153,PRD110,4,1138.64,249.28,4305.28,2075.0,2230.28
ORD102701,2024-09-27,20240927,CUST1075,PRD124,5,1557.69,868.84,6919.61,4677.4,2242.21
ORD104100,2024-09-27,20240927,CUST1056,PRD125,2,831.8,177.82,1485.78,1214.52,271.26
ORD100715,2024-09-27,20240927,CUST1011,PRD131,4,878.01,497.82,3014.22,1728.04,1286.18
ORD102875,2024-09-27,20240927,CUST1102,PRD127,4,2448.22,1454.6,8338.28,5357.72,2980.56
ORD101216,2024-09-28,20240928,CUST1243,PRD125,3,831.8,113.42,2381.98,1821.78,560.2
ORD100995,2024-09-28,20240928,CUST1242,PRD112,4,2391.88,856.72,8710.8,6480.68,2230.12
ORD103319,2024-09-28,20240928,CUST1140,PRD125,1,831.8,75.86,755.94,607.26,148.68
ORD100466,2024-09-28,20240928,CUST1077,PRD110,2,1138.64,245.51,2031.77,1037.5,994.27
ORD100459,2024-09-28,20240928,CUST1168,PRD129,2,372.05,40.47,703.63,457.1,246.53
ORD104231,2024-09-29,20240929,CUST1126,PRD116,4,6250.5,1551.73,23450.27,17649.08,5801.19
ORD100676,2024-09-29,20240929,CUST1193,PRD109,1,740.34,92.9,647.44,551.4,96.04
ORD103654,2024-09-29,20240929,CUST1018,PRD125,2,831.8,21.62,1641.98,1214.52,427.46
ORD100053,2024-09-29,20240929,CUST1046,PRD116,4,6250.5,2527.41,22474.59,17649.08,4825.51
ORD104760,2024-09-29,20240929,CUST1177,PRD125,4,831.8,300.98,3026.22,2429.04,597.18
ORD102026,2024-09-29,20240929,CUST1235,PRD109,1,740.34,1.16,739.18,551.4,187.78
ORD104900,2024-09-29,20240929,CUST1009,PRD131,1,878.01,60.99,817.02,432.01,385.01
ORD105054,2024-09-30,20240930,CUST1185,PRD131,1,878.01,131.7,746.31,432.01,314.3
ORD100700,2024-09-30,20240930,CUST1209,PRD131,5,878.01,73.87,4316.18,2160.05,2156.13
ORD103712,2024-09-30,20240930,CUST1114,PRD110,4,1138.64,385.21,4169.35,2075.0,2094.35
ORD105162,2024-09-30,20240930,CUST1008,PRD106,4,1484.26,284.83,5652.21,3678.24,1973.97
ORD101012,2024-09-30,20240930,CUST1164,PRD105,5,1128.05,19.71,5620.54,4148.75,1471.79
ORD102175,2024-09-30,20240930,CUST1100,PRD116,2,6250.5,1347.73,11153.27,8824.54,2328.73
ORD101905,2024-09-30,20240930,CUST1196,PRD125,5,831.8,403.64,3755.36,3036.3,719.06
ORD104407,2024-10-01,20241001,CUST1135,PRD116,1,6250.5,442.24,5808.26,4412.27,1395.99
ORD102707,2024-10-01,20241001,CUST1182,PRD131,5,878.01,64.22,4325.83,2160.05,2165.78
ORD102825,2024-10-01,20241001,CUST1240,PRD131,3,878.01,370.07,2263.96,1296.03,967.93
ORD103790,2024-10-01,20241001,CUST1113,PRD110,5,1138.64,673.78,5019.42,2593.75,2425.67
ORD102953,2024-10-02,20241002,CUST1144,PRD122,3,1341.58,73.45,3951.29,2529.12,1422.17
ORD102453,2024-10-02,20241002,CUST1193,PRD122,5,1341.58,199.92,6507.98,4215.2,2292.78
ORD102867,2024-10-02,20241002,CUST1150,PRD124,4,1557.69,10.16,6220.6,3741.92,2478.68
ORD103335,2024-10-02,20241002,CUST1004,PRD106,5,1484.26,808.44,6612.86,4597.8,2015.06
ORD100737,2024-10-02,20241002,CUST1018,PRD124,4,1557.69,817.31,5413.45,3741.92,1671.53
ORD102811,2024-10-02,20241002,CUST1221,PRD116,5,6250.5,3960.18,27292.32,22061.35,5230.97
ORD101828,2024-10-02,20241002,CUST1087,PRD130,3,555.04,160.05,1505.07,974.1,530.97
ORD103838,2024-10-02,20241002,CUST1045,PRD101,1,2720.52,105.57,2614.95,2031.19,583.76
ORD103652,2024-10-03,20241003,CUST1043,PRD103,2,2340.88,474.84,4206.92,2462.32,1744.6
ORD103650,2024-10-03,20241003,CUST1231,PRD131,2,878.01,14.06,1741.96,864.02,877.94
ORD101193,2024-10-03,20241003,CUST1055,PRD131,5,878.01,305.29,4084.76,2160.05,1924.71
ORD100916,2024-10-03,20241003,CUST1136,PRD101,3,2720.52,958.2,7203.36,6093.57,1109.79
ORD104501,2024-10-03,20241003,CUST1028,PRD103,3,2340.88,414.63,6608.01,3693.48,2914.53
ORD102095,2024-10-03,20241003,CUST1155,PRD124,3,1557.69,616.48,4056.59,2806.44,1250.15
ORD102315,2024-10-03,20241003,CUST1100,PRD109,1,740.34,40.03,700.31,551.4,148.91
ORD102990,2024-10-03,20241003,CUST1105,PRD122,3,1341.58,552.86,3471.88,2529.12,942.76
ORD100621,2024-10-03,20241003,CUST1159,PRD122,2,1341.58,340.57,2342.59,1686.08,656.51
ORD101837,2024-10-03,20241003,CUST1047,PRD131,1,878.01,75.5,802.51,432.01,370.5
ORD101918,2024-10-03,20241003,CUST1230,PRD131,2,878.01,118.19,1637.83,864.02,773.81
ORD101640,2024-10-04,20241004,CUST1073,PRD127,3,2448.22,893.37,6451.29,4018.29,2433.0
ORD100059,2024-10-04,20241004,CUST1054,PRD131,4,878.01,439.5,3072.54,1728.04,1344.5
ORD100600,2024-10-04,20241004,CUST1245,PRD127,3,2448.22,923.26,6421.4,4018.29,2403.11
ORD103337,2024-10-04,20241004,CUST1242,PRD113,5,2682.38,1067.83,12344.07,7851.2,4492.87
ORD103435,2024-10-04,20241004,CUST1111,PRD116,2,6250.5,1308.13,11192.87,8824.54,2368.33
ORD102645,2024-10-04,20241004,CUST1029,PRD110,1,1138.64,127.46,1011.18,518.75,492.43
ORD103670,2024-10-04,20241004,CUST1055,PRD111,1,1653.05,191.81,1461.24,1215.82,245.42
ORD104746,2024-10-04,20241004,CUST1191,PRD105,2,1128.05,101.82,2154.28,1659.5,494.78
ORD102691,2024-10-04,20241004,CUST1181,PRD122,2,1341.58,159.67,2523.49,1686.08,837.41
ORD105073,2024-10-04,20241004,CUST1019,PRD108,5,1410.45,664.03,6388.22,3815.1,2573.12
ORD102224,2024-10-04,20241004,CUST1057,PRD116,4,6250.5,672.86,24329.14,17649.08,6680.06
ORD103080,2024-10-05,20241005,CUST1035,PRD116,2,6250.5,1115.04,11385.96,8824.54,2561.42
ORD104785,2024-10-05,20241005,CUST1065,PRD113,1,2682.38,220.25,2462.13,1570.24,891.89
ORD101459,2024-10-05,20241005,CUST1173,PRD116,1,6250.5,532.06,5718.44,4412.27,1306.17
ORD103322,2024-10-05,20241005,CUST1241,PRD101,3,2720.52,823.66,7337.9,6093.57,1244.33
ORD100579,2024-10-05,20241005,CUST1124,PRD125,5,831.8,565.77,3593.23,3036.3,556.93
ORD104832,2024-10-05,20241005,CUST1016,PRD112,1,2391.88,195.8,2196.08,1620.17,575.91
ORD104492,2024-10-05,20241005,CUST1025,PRD122,3,1341.58,420.7,3604.04,2529.12,1074.92
ORD102886,2024-10-05,20241005,CUST1014,PRD131,2,878.01,129.72,1626.3,864.02,762.28
ORD101709,2024-10-06,20241006,CUST1177,PRD108,4,1410.45,355.02,5286.78,3052.08,2234.7
ORD101364,2024-10-06,20241006,CUST1216,PRD120,1,11941.0,1511.56,10429.44,6967.74,3461.7
ORD101045,2024-10-06,20241006,CUST1204,PRD125,1,831.8,68.13,763.67,607.26,156.41
ORD103656,2024-10-06,20241006,CUST1229,PRD128,1,577.0,20.66,556.34,386.92,169.42
ORD102712,2024-10-06,20241006,CUST1017,PRD108,1,1410.45,178.62,1231.83,763.02,468.81
ORD100458,2024-10-07,20241007,CUST1018,PRD131,2,878.01,228.2,1527.82,864.02,663.8
ORD100612,2024-10-07,20241007,CUST1124,PRD127,3,2448.22,977.5,6367.16,4018.29,2348.87
ORD103427,2024-10-07,20241007,CUST1153,PRD105,4,1128.05,286.36,4225.84,3319.0,906.84
ORD102722,2024-10-07,20241007,CUST1188,PRD131,1,878.01,61.13,816.88,432.01,384.87
ORD100876,2024-10-07,20241007,CUST1053,PRD125,1,831.8,67.21,764.59,607.26,157.33
ORD102209,2024-10-07,20241007,CUST1076,PRD115,4,2955.79,284.79,11538.37,6196.72,5341.65
ORD102097,2024-10-08,20241008,CUST1088,PRD131,3,878.01,276.29,2357.74,1296.03,1061.71
ORD103233,2024-10-08,20241008,CUST1198,PRD127,5,2448.22,9.51,12231.59,6697.15,5534.44
ORD102417,2024-10-08,20241008,CUST1117,PRD125,4,831.8,192.04,3135.16,2429.04,706.12
ORD104451,2024-10-08,20241008,CUST1196,PRD131,3,878.01,225.68,2408.35,1296.03,1112.32
ORD100006,2024-10-08,20241008,CUST1066,PRD101,2,2720.52,30.04,5411.0,4062.38,1348.62
ORD100477,2024-10-08,20241008,CUST1047,PRD110,3,1138.64,265.09,3150.83,1556.25,1594.58
ORD100852,2024-10-09,20241009,CUST1078,PRD124,1,1557.69,228.92,1328.77,935.48,393.29
ORD104586,2024-10-09,20241009,CUST1134,PRD122,1,1341.58,21.2,1320.38,843.04,477.34
ORD102302,2024-10-09,20241009,CUST1240,PRD103,4,2340.88,7.3,9356.22,4924.64,4431.58
ORD105185,2024-10-09,20241009,CUST1167,PRD127,2,2448.22,518.21,4378.23,2678.86,1699.37
ORD105178,2024-10-09,20241009,CUST1094,PRD131,2,878.01,35.44,1720.58,864.02,856.56
ORD104390,2024-10-09,20241009,CUST1227,PRD130,3,555.04,101.09,1564.03,974.1,589.93
ORD101010,2024-10-09,20241009,CUST1148,PRD122,3,1341.58,177.93,3846.81,2529.12,1317.69
ORD100840,2024-10-10,20241010,CUST1172,PRD109,2,740.34,37.25,1443.43,1102.8,340.63
ORD102308,2024-10-10,20241010,CUST1212,PRD131,1,878.01,55.54,822.47,432.01,390.46
ORD103098,2024-10-10,20241010,CUST1165,PRD122,2,1341.58,206.31,2476.85,1686.08,790.77
ORD103930,2024-10-10,20241010,CUST1047,PRD101,5,2720.52,1670.28,11932.32,10155.95,1776.37
ORD104396,2024-10-11,20241011,CUST1051,PRD127,4,2448.22,1259.12,8533.76,5357.72,3176.04
ORD100627,2024-10-11,20241011,CUST1000,PRD124,2,1557.69,21.32,3094.06,1870.96,1223.1
ORD104608,2024-10-11,20241011,CUST1165,PRD127,2,2448.22,317.3,4579.14,2678.86,1900.28
ORD103040,2024-10-11,20241011,CUST1098,PRD115,1,2955.79,306.1,2649.69,1549.18,1100.51
ORD100789,2024-10-11,20241011,CUST1200,PRD113,1,2682.38,121.01,2561.37,1570.24,991.13
ORD103079,2024-10-11,20241011,CUST1094,PRD122,4,1341.58,331.99,5034.33,3372.16,1662.17
ORD103643,2024-10-11,20241011,CUST1090,PRD116,1,6250.5,367.79,5882.71,4412.27,1470.44
ORD103677,2024-10-11,20241011,CUST1088,PRD130,3,555.04,189.76,1475.36,974.1,501.26
ORD101041,2024-10-11,20241011,CUST1155,PRD109,4,740.34,75.07,2886.29,2205.6,680.69
ORD100703,2024-10-11,20241011,CUST1166,PRD116,4,6250.5,585.97,24416.03,17649.08,6766.95
ORD102604,2024-10-11,20241011,CUST1115,PRD131,5,878.01,317.95,4072.1,2160.05,1912.05
ORD104709,2024-10-11,20241011,CUST1138,PRD118,1,1714.96,174.3,1540.66,893.21,647.45
ORD102581,2024-10-11,20241011,CUST1224,PRD131,5,878.01,520.77,3869.28,2160.05,1709.23
ORD103766,2024-10-12,20241012,CUST1084,PRD125,3,831.8,205.84,2289.56,1821.78,467.78
ORD103035,2024-10-12,20241012,CUST1221,PRD131,4,878.01,112.11,3399.93,1728.04,1671.89
ORD102006,2024-10-12,20241012,CUST1046,PRD131,4,878.01,330.2,3181.84,1728.04,1453.8
ORD103758,2024-10-12,20241012,CUST1050,PRD131,3,878.01,281.39,2352.64,1296.03,1056.61
ORD104604,2024-10-12,20241012,CUST1086,PRD116,4,6250.5,3727.95,21274.05,17649.08,3624.97
ORD102571,2024-10-12,20241012,CUST1045,PRD131,5,878.01,471.78,3918.27,2160.05,1758.22
ORD105003,2024-10-12,20241012,CUST1066,PRD113,1,2682.38,60.85,2621.53,1570.24,1051.29
ORD103752,2024-10-12,20241012,CUST1239,PRD131,3,878.01,344.84,2289.19,1296.03,993.16
ORD100295,2024-10-12,20241012,CUST1040,PRD122,4,1341.58,58.88,5307.44,3372.16,1935.28
ORD105068,2024-10-12,20241012,CUST1169,PRD124,5,1557.69,480.77,7307.68,4677.4,2630.28
ORD104738,2024-10-13,20241013,CUST1013,PRD113,5,2682.38,1734.76,11677.14,7851.2,3825.94
ORD104444,2024-10-13,20241013,CUST1070,PRD113,4,2682.38,823.03,9906.49,6280.96,3625.53
ORD100855,2024-10-13,20241013,CUST1152,PRD113,5,2682.38,1004.91,12406.99,7851.2,4555.79
ORD100646,2024-10-13,20241013,CUST1224,PRD131,2,878.01,34.48,1721.54,864.02,857.52
ORD103418,2024-10-13,20241013,CUST1076,PRD103,5,2340.88,1151.67,10552.73,6155.8,4396.93
ORD102416,2024-10-13,20241013,CUST1214,PRD125,1,831.8,17.9,813.9,607.26,206.64
ORD102018,2024-10-13,20241013,CUST1187,PRD127,1,2448.22,77.4,2370.82,1339.43,1031.39
ORD101348,2024-10-13,20241013,CUST1164,PRD115,3,2955.79,1062.76,7804.61,4647.54,3157.07
ORD100605,2024-10-13,20241013,CUST1112,PRD122,4,1341.58,221.15,5145.17,3372.16,1773.01
ORD101070,2024-10-13,20241013,CUST1232,PRD108,1,1410.45,209.72,1200.73,763.02,437.71
ORD103443,2024-10-14,20241014,CUST1217,PRD109,1,740.34,60.86,679.48,551.4,128.08
ORD100438,2024-10-14,20241014,CUST1170,PRD113,5,2682.38,597.97,12813.93,7851.2,4962.73
ORD102158,2024-10-14,20241014,CUST1129,PRD125,2,831.8,117.09,1546.51,1214.52,331.99
ORD103633,2024-10-14,20241014,CUST1015,PRD103,3,2340.88,545.26,6477.38,3693.48,2783.9
ORD104196,2024-10-14,20241014,CUST1144,PRD113,3,2682.38,226.87,7820.27,4710.72,3109.55
ORD100040,2024-10-14,20241014,CUST1027,PRD120,4,11941.0,208.95,47555.05,27870.96,19684.09
ORD100115,2024-10-14,20241014,CUST1186,PRD131,3,878.01,177.69,2456.34,1296.03,1160.31
ORD103092,2024-10-14,20241014,CUST1020,PRD111,1,1653.05,109.56,1543.49,1215.82,327.67
ORD103013,2024-10-14,20241014,CUST1049,PRD131,3,878.01,347.37,2286.66,1296.03,990.63
ORD101280,2024-10-14,20241014,CUST1221,PRD116,5,6250.5,3456.27,27796.23,22061.35,5734.88
ORD103141,2024-10-14,20241014,CUST1245,PRD108,2,1410.45,43.5,2777.4,1526.04,1251.36
ORD101325,2024-10-15,20241015,CUST1151,PRD101,1,2720.52,31.51,2689.01,2031.19,657.82
ORD100401,2024-10-15,20241015,CUST1238,PRD109,5,740.34,225.71,3475.99,2757.0,718.99
ORD100359,2024-10-15,20241015,CUST1035,PRD131,2,878.01,173.28,1582.74,864.02,718.72
ORD103030,2024-10-15,20241015,CUST1174,PRD101,1,2720.52,228.6,2491.92,2031.19,460.73
ORD101025,2024-10-15,20241015,CUST1025,PRD127,1,2448.22,189.19,2259.03,1339.43,919.6
ORD103019,2024-10-15,20241015,CUST1138,PRD131,3,878.01,222.98,2411.05,1296.03,1115.02
ORD101914,2024-10-15,20241015,CUST1076,PRD108,5,1410.45,878.58,6173.67,3815.1,2358.57
ORD101212,2024-10-15,20241015,CUST1167,PRD122,5,1341.58,541.9,6166.0,4215.2,1950.8
ORD101604,2024-10-15,20241015,CUST1202,PRD105,4,1128.05,668.29,3843.91,3319.0,524.91
ORD100157,2024-10-15,20241015,CUST1219,PRD131,3,878.01,161.45,2472.58,1296.03,1176.55
ORD103607,2024-10-16,20241016,CUST1178,PRD116,4,6250.5,2911.21,22090.79,17649.08,4441.71
ORD103862,2024-10-16,20241016,CUST1128,PRD127,2,2448.22,230.92,4665.52,2678.86,1986.66
ORD102567,2024-10-16,20241016,CUST1168,PRD101,5,2720.52,645.85,12956.75,10155.95,2800.8
ORD102859,2024-10-16,20241016,CUST1220,PRD122,1,1341.58,101.43,1240.15,843.04,397.11
ORD105180,2024-10-16,20241016,CUST1221,PRD101,5,2720.52,379.6,13223.0,10155.95,3067.05
ORD101397,2024-10-16,20241016,CUST1053,PRD120,2,11941.0,3394.67,20487.33,13935.48,6551.85
ORD103028,2024-10-16,20241016,CUST1185,PRD130,5,555.04,319.84,2455.36,1623.5,831.86
ORD100107,2024-10-17,20241017,CUST1232,PRD131,4,878.01,163.81,3348.23,1728.04,1620.19
ORD100581,2024-10-17,20241017,CUST1000,PRD124,2,1557.69,50.41,3064.97,1870.96,1194.01
ORD100807,2024-10-17,20241017,CUST1165,PRD131,2,878.01,140.13,1615.89,864.02,751.87
ORD104265,2024-10-17,20241017,CUST1072,PRD125,3,831.8,132.85,2362.55,1821.78,540.77
ORD102440,2024-10-17,20241017,CUST1052,PRD124,4,1557.69,25.18,6205.58,3741.92,2463.66
ORD103404,2024-10-17,20241017,CUST1076,PRD108,4,1410.45,151.34,5490.46,3052.08,2438.38
ORD103047,2024-10-18,20241018,CUST1102,PRD105,3,1128.05,265.9,3118.25,2489.25,629.0
ORD102684,2024-10-18,20241018,CUST1077,PRD131,5,878.01,170.29,4219.76,2160.05,2059.71
ORD101270,2024-10-18,20241018,CUST1082,PRD127,5,2448.22,1686.21,10554.89,6697.15,3857.74
ORD103632,2024-10-18,20241018,CUST1177,PRD131,3,878.01,371.8,2262.23,1296.03,966.2
ORD100430,2024-10-18,20241018,CUST1110,PRD115,4,2955.79,544.04,11279.12,6196.72,5082.4
ORD102785,2024-10-18,20241018,CUST1120,PRD122,5,1341.58,385.31,6322.59,4215.2,2107.39
ORD104599,2024-10-18,20241018,CUST1017,PRD122,3,1341.58,593.18,3431.56,2529.12,902.44
ORD104229,2024-10-18,20241018,CUST1219,PRD122,3,1341.58,514.2,3510.54,2529.12,981.42
ORD100229,2024-10-19,20241019,CUST1156,PRD130,1,555.04,53.91,501.13,324.7,176.43
ORD100069,2024-10-19,20241019,CUST1135,PRD101,1,2720.52,308.7,2411.82,2031.19,380.63
ORD105149,2024-10-19,20241019,CUST1031,PRD103,5,2340.88,434.55,11269.85,6155.8,5114.05
ORD103555,2024-10-19,20241019,CUST1140,PRD122,3,1341.58,379.38,3645.36,2529.12,1116.24
ORD104932,2024-10-19,20241019,CUST1006,PRD109,5,740.34,343.22,3358.48,2757.0,601.48
ORD100223,2024-10-19,20241019,CUST1063,PRD107,4,14757.66,7297.15,51733.49,42093.52,9639.97
ORD104643,2024-10-19,20241019,CUST1095,PRD130,1,555.04,38.16,516.88,324.7,192.18
ORD102030,2024-10-19,20241019,CUST1026,PRD124,4,1557.69,927.28,5303.48,3741.92,1561.56
ORD102226,2024-10-19,20241019,CUST1142,PRD124,4,1557.69,584.7,5646.06,3741.92,1904.14
ORD102731,2024-10-20,20241020,CUST1110,PRD120,4,11941.0,509.28,47254.72,27870.96,19383.76
ORD101138,2024-10-20,20241020,CUST1069,PRD109,5,740.34,501.15,3200.55,2757.0,443.55
ORD100303,2024-10-20,20241020,CUST1229,PRD122,4,1341.58,47.81,5318.51,3372.16,1946.35
ORD102501,2024-10-20,20241020,CUST1126,PRD131,1,878.01,79.04,798.97,432.01,366.96
ORD101600,2024-10-20,20241020,CUST1127,PRD129,1,372.05,6.46,365.59,228.55,137.04
ORD101637,2024-10-20,20241020,CUST1084,PRD113,1,2682.38,74.12,2608.26,1570.24,1038.02
ORD103386,2024-10-20,20241020,CUST1152,PRD124,3,1557.69,155.52,4517.55,2806.44,1711.11
ORD100562,2024-10-20,20241020,CUST1218,PRD101,1,2720.52,56.01,2664.51,2031.19,633.32
ORD104596,2024-10-20,20241020,CUST1095,PRD105,3,1128.05,65.62,3318.53,2489.25,829.28
ORD101264,2024-10-20,20241020,CUST1138,PRD113,5,2682.38,240.43,13171.47,7851.2,5320.27
ORD102286,2024-10-21,20241021,CUST1163,PRD124,4,1557.69,568.1,5662.66,3741.92,1920.74
ORD101159,2024-10-21,20241021,CUST1083,PRD125,2,831.8,6.44,1657.16,1214.52,442.64
ORD104320,2024-10-21,20241021,CUST1105,PRD103,4,2340.88,588.33,8775.19,4924.64,3850.55
ORD100158,2024-10-21,20241021,CUST1158,PRD115,3,2955.79,767.19,8100.18,4647.54,3452.64
ORD102436,2024-10-21,20241021,CUST1205,PRD131,3,878.01,388.71,2245.32,1296.03,949.29
ORD104666,2024-10-21,20241021,CUST1178,PRD127,1,2448.22,319.94,2128.28,1339.43,788.85
ORD102017,2024-10-21,20241021,CUST1059,PRD110,1,1138.64,100.67,1037.97,518.75,519.22
ORD100251,2024-10-21,20241021,CUST1206,PRD101,5,2720.52,452.9,13149.7,10155.95,2993.75
ORD101248,2024-10-21,20241021,CUST1094,PRD102,1,34011.42,4128.69,29882.73,13531.84,16350.89
ORD102904,2024-10-21,20241021,CUST1154,PRD113,3,2682.38,1055.72,6991.42,4710.72,2280.7
ORD101233,2024-10-21,20241021,CUST1200,PRD122,3,1341.58,307.66,3717.08,2529.12,1187.96
ORD100169,2024-10-21,20241021,CUST1174,PRD131,1,878.01,47.47,830.54,432.01,398.53
ORD101267,2024-10-21,20241021,CUST1119,PRD115,2,2955.79,64.33,5847.25,3098.36,2748.89
ORD103420,2024-10-22,20241022,CUST1095,PRD105,5,1128.05,658.98,4981.27,4148.75,832.52
ORD102657,2024-10-22,20241022,CUST1224,PRD109,4,740.34,372.66,2588.7,2205.6,383.1
ORD103122,2024-10-22,20241022,CUST1073,PRD115,5,2955.79,1173.15,13605.8,7745.9,5859.9
ORD105182,2024-10-22,20241022,CUST1088,PRD125,1,831.8,80.79,751.01,607.26,143.75
ORD104914,2024-10-22,20241022,CUST1040,PRD116,5,6250.5,1826.39,29426.11,22061.35,7364.76
ORD103181,2024-10-23,20241023,CUST1229,PRD125,2,831.8,69.02,1594.58,1214.52,380.06
ORD100758,2024-10-23,20241023,CUST1217,PRD122,2,1341.58,274.06,2409.1,1686.08,723.02
ORD103847,2024-10-23,20241023,CUST1163,PRD122,2,1341.58,322.02,2361.14,1686.08,675.06
ORD101117,2024-10-24,20241024,CUST1174,PRD122,4,1341.58,610.74,4755.58,3372.16,1383.42
ORD104153,2024-10-24,20241024,CUST1189,PRD130,4,555.04,78.93,2141.23,1298.8,842.43
ORD102917,2024-10-24,20241024,CUST1181,PRD109,2,740.34,6.19,1474.49,1102.8,371.69
ORD100548,2024-10-24,20241024,CUST1124,PRD131,4,878.01,30.29,3481.75,1728.04,1753.71
ORD103441,2024-10-24,20241024,CUST1036,PRD131,1,878.01,26.64,851.37,432.01,419.36
ORD100912,2024-10-24,20241024,CUST1075,PRD109,1,740.34,27.85,712.49,551.4,161.09
ORD101418,2024-10-24,20241024,CUST1124,PRD130,5,555.04,327.37,2447.83,1623.5,824.33
ORD100000,2024-10-25,20241025,CUST1195,PRD104,2,8667.94,1565.83,15770.05,6201.06,9568.99
ORD100171,2024-10-25,20241025,CUST1071,PRD120,1,11941.0,936.35,11004.65,6967.74,4036.91
ORD100595,2024-10-25,20241025,CUST1181,PRD110,2,1138.64,322.48,1954.8,1037.5,917.3
ORD101666,2024-10-25,20241025,CUST1034,PRD124,4,1557.69,790.24,5440.52,3741.92,1698.6
ORD103132,2024-10-26,20241026,CUST1235,PRD110,1,1138.64,71.75,1066.89,518.75,548.14
ORD101413,2024-10-26,20241026,CUST1187,PRD129,1,372.05,26.8,345.25,228.55,116.7
ORD100277,2024-10-26,20241026,CUST1204,PRD116,3,6250.5,1394.36,17357.14,13236.81,4120.33
ORD103400,2024-10-26,20241026,CUST1174,PRD105,5,1128.05,752.57,4887.68,4148.75,738.93
ORD103020,2024-10-26,20241026,CUST1198,PRD113,1,2682.38,217.82,2464.56,1570.24,894.32
ORD101220,2024-10-26,20241026,CUST1129,PRD103,2,2340.88,563.39,4118.37,2462.32,1656.05
ORD101569,2024-10-26,20241026,CUST1145,PRD122,1,1341.58,181.95,1159.63,843.04,316.59
ORD101537,2024-10-26,20241026,CUST1084,PRD109,1,740.34,16.88,723.46,551.4,172.06
ORD103715,2024-10-26,20241026,CUST1096,PRD101,2,2720.52,524.77,4916.27,4062.38,853.89
ORD104406,2024-10-26,20241026,CUST1212,PRD131,5,878.01,593.39,3796.66,2160.05,1636.61
ORD101472,2024-10-26,20241026,CUST1179,PRD120,1,11941.0,1508.71,10432.29,6967.74,3464.55
ORD102922,2024-10-27,20241027,CUST1196,PRD122,5,1341.58,119.26,6588.64,4215.2,2373.44
ORD103471,2024-10-27,20241027,CUST1231,PRD131,4,878.01,250.7,3261.34,1728.04,1533.3
ORD100414,2024-10-27,20241027,CUST1035,PRD129,5,372.05,148.25,1712.0,1142.75,569.25
ORD104834,2024-10-27,20241027,CUST1160,PRD130,2,555.04,51.59,1058.49,649.4,409.09
ORD103341,2024-10-27,20241027,CUST1068,PRD128,4,577.0,59.72,2248.28,1547.68,700.6
ORD103366,2024-10-27,20241027,CUST1153,PRD125,1,831.8,71.2,760.6,607.26,153.34
ORD101359,2024-10-28,20241028,CUST1043,PRD101,3,2720.52,290.94,7870.62,6093.57,1777.05
ORD104290,2024-10-28,20241028,CUST1094,PRD113,5,2682.38,640.17,12771.73,7851.2,4920.53
ORD101607,2024-10-28,20241028,CUST1062,PRD126,5,2373.84,453.83,11415.37,8254.25,3161.12
ORD102641,2024-10-28,20241028,CUST1249,PRD123,5,1667.88,458.28,7881.12,6099.7,1781.42
ORD105109,2024-10-28,20241028,CUST1227,PRD113,1,2682.38,243.28,2439.1,1570.24,868.86
ORD101231,2024-10-28,20241028,CUST1170,PRD131,1,878.01,124.19,753.82,432.01,321.81
ORD101665,2024-10-28,20241028,CUST1162,PRD108,4,1410.45,615.25,5026.55,3052.08,1974.47
ORD105032,2024-10-29,20241029,CUST1044,PRD101,1,2720.52,402.95,2317.57,2031.19,286.38
ORD102183,2024-10-29,20241029,CUST1068,PRD104,5,8667.94,5894.04,37445.66,15502.65,21943.01
ORD100120,2024-10-29,20241029,CUST1095,PRD131,1,878.01,50.37,827.64,432.01,395.63
ORD101908,2024-10-29,20241029,CUST1206,PRD101,5,2720.52,1960.91,11641.69,10155.95,1485.74
ORD104023,2024-10-29,20241029,CUST1221,PRD124,4,1557.69,13.07,6217.69,3741.92,2475.77
ORD101243,2024-10-29,20241029,CUST1088,PRD130,4,555.04,251.29,1968.87,1298.8,670.07
ORD104448,2024-10-29,20241029,CUST1083,PRD113,1,2682.38,11.87,2670.51,1570.24,1100.27
ORD100011,2024-10-29,20241029,CUST1040,PRD116,4,6250.5,847.66,24154.34,17649.08,6505.26
ORD102152,2024-10-29,20241029,CUST1030,PRD131,2,878.01,138.9,1617.12,864.02,753.1
ORD103355,2024-10-29,20241029,CUST1214,PRD120,5,11941.0,166.54,59538.46,34838.7,24699.76
ORD101772,2024-10-29,20241029,CUST1040,PRD103,5,2340.88,414.75,11289.65,6155.8,5133.85
ORD102003,2024-10-29,20241029,CUST1079,PRD101,1,2720.52,397.7,2322.82,2031.19,291.63
ORD101896,2024-10-29,20241029,CUST1115,PRD125,1,831.8,67.22,764.58,607.26,157.32
ORD104977,2024-10-30,20241030,CUST1213,PRD103,2,2340.88,188.87,4492.89,2462.32,2030.57
ORD103361,2024-10-30,20241030,CUST1175,PRD110,4,1138.64,132.87,4421.69,2075.0,2346.69
ORD103362,2024-10-30,20241030,CUST1038,PRD105,4,1128.05,155.39,4356.81,3319.0,1037.81
ORD100761,2024-10-30,20241030,CUST1017,PRD124,3,1557.69,146.23,4526.84,2806.44,1720.4
ORD102062,2024-10-30,20241030,CUST1059,PRD109,5,740.34,274.65,3427.05,2757.0,670.05
ORD100515,2024-10-30,20241030,CUST1106,PRD125,5,831.8,98.06,4060.94,3036.3,1024.64
ORD101859,2024-10-30,20241030,CUST1029,PRD110,1,1138.64,93.95,1044.69,518.75,525.94
ORD101480,2024-10-30,20241030,CUST1030,PRD101,5,2720.52,1133.03,12469.57,10155.95,2313.62
ORD103641,2024-10-30,20241030,CUST1180,PRD123,5,1667.88,783.9,7555.5,6099.7,1455.8
ORD104684,2024-10-30,20241030,CUST1101,PRD101,3,2720.52,178.9,7982.66,6093.57,1889.09
ORD104726,2024-10-31,20241031,CUST1033,PRD113,4,2682.38,216.85,10512.67,6280.96,4231.71
ORD104445,2024-10-31,20241031,CUST1035,PRD105,3,1128.05,174.84,3209.31,2489.25,720.06
ORD103946,2024-10-31,20241031,CUST1063,PRD131,5,878.01,469.01,3921.04,2160.05,1760.99
ORD100358,2024-10-31,20241031,CUST1170,PRD103,1,2340.88,266.92,2073.96,1231.16,842.8
ORD102263,2024-10-31,20241031,CUST1162,PRD101,4,2720.52,817.95,10064.13,8124.76,1939.37
ORD101398,2024-10-31,20241031,CUST1043,PRD113,2,2682.38,523.21,4841.55,3140.48,1701.07
ORD102597,2024-10-31,20241031,CUST1181,PRD115,5,2955.79,1383.82,13395.13,7745.9,5649.23
ORD104068,2024-10-31,20241031,CUST1210,PRD125,3,831.8,87.99,2407.41,1821.78,585.63
ORD105115,2024-11-01,20241101,CUST1220,PRD131,4,878.01,196.55,3315.49,1728.04,1587.45
ORD102096,2024-11-01,20241101,CUST1187,PRD127,2,2448.22,125.72,4770.72,2678.86,2091.86
ORD102173,2024-11-01,20241101,CUST1243,PRD131,2,878.01,177.69,1578.33,864.02,714.31
ORD103505,2024-11-01,20241101,CUST1030,PRD131,3,878.01,339.78,2294.25,1296.03,998.22
ORD101807,2024-11-01,20241101,CUST1242,PRD125,3,831.8,247.69,2247.71,1821.78,425.93
ORD103270,2024-11-01,20241101,CUST1200,PRD122,3,1341.58,287.42,3737.32,2529.12,1208.2
ORD102518,2024-11-01,20241101,CUST1163,PRD113,1,2682.38,282.57,2399.81,1570.24,829.57
ORD104952,2024-11-01,20241101,CUST1079,PRD113,2,2682.38,399.72,4965.04,3140.48,1824.56
ORD105013,2024-11-01,20241101,CUST1225,PRD130,1,555.04,38.52,516.52,324.7,191.82
ORD100716,2024-11-01,20241101,CUST1158,PRD130,3,555.04,193.53,1471.59,974.1,497.49
ORD100470,2024-11-02,20241102,CUST1208,PRD115,4,2955.79,652.8,11170.36,6196.72,4973.64
ORD100534,2024-11-02,20241102,CUST1189,PRD108,2,1410.45,247.59,2573.31,1526.04,1047.27
ORD100166,2024-11-02,20241102,CUST1159,PRD110,1,1138.64,101.65,1036.99,518.75,518.24
ORD102766,2024-11-02,20241102,CUST1047,PRD124,4,1557.69,524.94,5705.82,3741.92,1963.9
ORD104741,2024-11-02,20241102,CUST1085,PRD110,2,1138.64,239.0,2038.28,1037.5,1000.78
ORD104086,2024-11-03,20241103,CUST1112,PRD131,1,878.01,98.81,779.2,432.01,347.19
ORD103425,2024-11-03,20241103,CUST1146,PRD130,1,555.04,49.77,505.27,324.7,180.57
ORD102362,2024-11-03,20241103,CUST1054,PRD109,2,740.34,29.05,1451.63,1102.8,348.83
ORD103011,2024-11-03,20241103,CUST1085,PRD106,2,1484.26,434.0,2534.52,1839.12,695.4
ORD101930,2024-11-03,20241103,CUST1108,PRD130,4,555.04,91.47,2128.69,1298.8,829.89
ORD101487,2024-11-03,20241103,CUST1162,PRD103,2,2340.88,670.78,4010.98,2462.32,1548.66
ORD101176,2024-11-03,20241103,CUST1211,PRD109,5,740.34,384.48,3317.22,2757.0,560.22
ORD102448,2024-11-03,20241103,CUST1169,PRD103,3,2340.88,100.91,6921.73,3693.48,3228.25
ORD104534,2024-11-04,20241104,CUST1151,PRD115,1,2955.79,429.81,2525.98,1549.18,976.8
ORD100956,2024-11-04,20241104,CUST1223,PRD131,4,878.01,352.13,3159.91,1728.04,1431.87
ORD101491,2024-11-04,20241104,CUST1085,PRD103,5,2340.88,366.74,11337.66,6155.8,5181.86
ORD105132,2024-11-04,20241104,CUST1207,PRD125,2,831.8,190.25,1473.35,1214.52,258.83
ORD102968,2024-11-04,20241104,CUST1121,PRD101,2,2720.52,766.05,4674.99,4062.38,612.61
ORD104588,2024-11-04,20241104,CUST1134,PRD103,4,2340.88,823.97,8539.55,4924.64,3614.91
ORD104808,2024-11-04,20241104,CUST1179,PRD124,4,1557.69,836.28,5394.48,3741.92,1652.56
ORD100400,2024-11-05,20241105,CUST1093,PRD124,1,1557.69,225.11,1332.58,935.48,397.1
ORD101051,2024-11-05,20241105,CUST1153,PRD109,5,740.34,423.05,3278.65,2757.0,521.65
ORD101986,2024-11-05,20241105,CUST1244,PRD122,4,1341.58,123.17,5243.15,3372.16,1870.99
ORD101315,2024-11-05,20241105,CUST1091,PRD122,2,1341.58,306.48,2376.68,1686.08,690.6
ORD100302,2024-11-05,20241105,CUST1018,PRD113,3,2682.38,490.46,7556.68,4710.72,2845.96
ORD104796,2024-11-05,20241105,CUST1158,PRD127,4,2448.22,1006.21,8786.67,5357.72,3428.95
ORD100517,2024-11-05,20241105,CUST1237,PRD122,5,1341.58,540.94,6166.96,4215.2,1951.76
ORD100921,2024-11-05,20241105,CUST1023,PRD119,5,1360.87,781.98,6022.37,4045.3,1977.07
ORD105029,2024-11-05,20241105,CUST1030,PRD116,2,6250.5,730.99,11770.01,8824.54,2945.47
ORD105062,2024-11-05,20241105,CUST1080,PRD124,4,1557.69,810.53,5420.23,3741.92,1678.31
ORD100324,2024-11-05,20241105,CUST1081,PRD113,4,2682.38,530.92,10198.6,6280.96,3917.64
ORD101671,2024-11-05,20241105,CUST1145,PRD113,3,2682.38,803.14,7244.0,4710.72,2533.28
ORD103124,2024-11-05,20241105,CUST1129,PRD115,5,2955.79,1440.9,13338.05,7745.9,5592.15
ORD100346,2024-11-06,20241106,CUST1021,PRD125,3,831.8,131.35,2364.05,1821.78,542.27
ORD104240,2024-11-06,20241106,CUST1178,PRD122,1,1341.58,123.96,1217.62,843.04,374.58
ORD100713,2024-11-06,20241106,CUST1228,PRD124,3,1557.69,4.07,4669.0,2806.44,1862.56
ORD102160,2024-11-06,20241106,CUST1238,PRD112,4,2391.88,151.43,9416.09,6480.68,2935.41
ORD100997,2024-11-06,20241106,CUST1054,PRD116,4,6250.5,1935.33,23066.67,17649.08,5417.59
ORD101900,2024-11-07,20241107,CUST1129,PRD131,2,878.01,188.68,1567.34,864.02,703.32
ORD103822,2024-11-07,20241107,CUST1133,PRD128,1,577.0,67.23,509.77,386.92,122.85
ORD102167,2024-11-07,20241107,CUST1222,PRD131,1,878.01,21.22,856.79,432.01,424.78
ORD104919,2024-11-07,20241107,CUST1022,PRD124,2,1557.69,107.71,3007.67,1870.96,1136.71
ORD104772,2024-11-07,20241107,CUST1123,PRD122,2,1341.58,120.16,2563.0,1686.08,876.92
ORD101583,2024-11-07,20241107,CUST1122,PRD127,2,2448.22,278.27,4618.17,2678.86,1939.31
ORD102493,2024-11-07,20241107,CUST1054,PRD131,4,878.01,110.4,3401.64,1728.04,1673.6
ORD105005,2024-11-08,20241108,CUST1138,PRD116,1,6250.5,206.47,6044.03,4412.27,1631.76
ORD104331,2024-11-08,20241108,CUST1237,PRD130,4,555.04,104.25,2115.91,1298.8,817.11
ORD100980,2024-11-08,20241108,CUST1074,PRD124,2,1557.69,430.22,2685.16,1870.96,814.2
ORD104557,2024-11-08,20241108,CUST1030,PRD125,1,831.8,115.77,716.03,607.26,108.77
ORD103432,2024-11-08,20241108,CUST1049,PRD120,1,11941.0,141.34,11799.66,6967.74,4831.92
ORD102525,2024-11-08,20241108,CUST1140,PRD109,4,740.34,280.56,2680.8,2205.6,475.2
ORD102459,2024-11-09,20241109,CUST1040,PRD122,4,1341.58,51.03,5315.29,3372.16,1943.13
ORD102985,2024-11-09,20241109,CUST1203,PRD131,5,878.01,363.0,4027.05,2160.05,1867.0
ORD102325,2024-11-09,20241109,CUST1187,PRD101,4,2720.52,385.63,10496.45,8124.76,2371.69
ORD104460,2024-11-09,20241109,CUST1002,PRD124,4,1557.69,642.23,5588.53,3741.92,1846.61
ORD102043,2024-11-09,20241109,CUST1064,PRD125,3,831.8,304.28,2191.12,1821.78,369.34
ORD100771,2024-11-09,20241109,CUST1240,PRD113,1,2682.38,117.8,2564.58,1570.24,994.34
ORD103133,2024-11-09,20241109,CUST1012,PRD122,5,1341.58,747.5,5960.4,4215.2,1745.2
ORD104412,2024-11-09,20241109,CUST1031,PRD122,3,1341.58,467.28,3557.46,2529.12,1028.34
ORD105154,2024-11-09,20241109,CUST1152,PRD129,1,372.05,12.97,359.08,228.55,130.53
ORD104712,2024-11-10,20241110,CUST1106,PRD116,5,6250.5,237.54,31014.96,22061.35,8953.61
ORD104803,2024-11-10,20241110,CUST1133,PRD104,1,8667.94,303.92,8364.02,3100.53,5263.49
ORD101184,2024-11-10,20241110,CUST1135,PRD127,3,2448.22,618.0,6726.66,4018.29,2708.37
ORD105001,2024-11-10,20241110,CUST1157,PRD124,4,1557.69,930.85,5299.91,3741.92,1557.99
ORD105188,2024-11-10,20241110,CUST1096,PRD131,4,878.01,364.71,3147.33,1728.04,1419.29
ORD101674,2024-11-10,20241110,CUST1161,PRD127,3,2448.22,37.29,7307.37,4018.29,3289.08
ORD100597,2024-11-11,20241111,CUST1002,PRD131,1,878.01,89.56,788.45,432.01,356.44
ORD101144,2024-11-11,20241111,CUST1132,PRD122,4,1341.58,542.99,4823.33,3372.16,1451.17
ORD103339,2024-11-11,20241111,CUST1148,PRD103,5,2340.88,22.34,11682.06,6155.8,5526.26
ORD104845,2024-11-11,20241111,CUST1128,PRD127,1,2448.22,116.88,2331.34,1339.43,991.91
ORD103349,2024-11-11,20241111,CUST1067,PRD110,4,1138.64,377.04,4177.52,2075.0,2102.52
ORD101588,2024-11-11,20241111,CUST1183,PRD119,4,1360.87,592.54,4850.94,3236.24,1614.7
ORD100773,2024-11-11,20241111,CUST1231,PRD131,5,878.01,247.98,4142.07,2160.05,1982.02
ORD102409,2024-11-11,20241111,CUST1070,PRD113,1,2682.38,78.47,2603.91,1570.24,1033.67
ORD100734,2024-11-12,20241112,CUST1146,PRD115,4,2955.79,920.77,10902.39,6196.72,4705.67
ORD101277,2024-11-12,20241112,CUST1139,PRD131,1,878.01,73.62,804.39,432.01,372.38
ORD103377,2024-11-12,20241112,CUST1051,PRD113,4,2682.38,1514.15,9215.37,6280.96,2934.41
ORD103323,2024-11-12,20241112,CUST1010,PRD112,4,2391.88,1376.6,8190.92,6480.68,1710.24
ORD101186,2024-11-12,20241112,CUST1227,PRD122,5,1341.58,114.31,6593.59,4215.2,2378.39
ORD104409,2024-11-12,20241112,CUST1229,PRD116,4,6250.5,3595.13,21406.87,17649.08,3757.79
ORD104496,2024-11-12,20241112,CUST1066,PRD110,1,1138.64,90.07,1048.57,518.75,529.82
ORD104089,2024-11-12,20241112,CUST1110,PRD107,5,14757.66,3882.22,69906.08,52616.9,17289.18
ORD100110,2024-11-13,20241113,CUST1165,PRD112,5,2391.88,889.23,11070.17,8100.85,2969.32
ORD100043,2024-11-13,20241113,CUST1105,PRD113,3,2682.38,60.97,7986.17,4710.72,3275.45
ORD100928,2024-11-13,20241113,CUST1113,PRD110,3,1138.64,459.85,2956.07,1556.25,1399.82
ORD105079,2024-11-13,20241113,CUST1111,PRD131,3,878.01,371.91,2262.12,1296.03,966.09
ORD104143,2024-11-13,20241113,CUST1189,PRD125,4,831.8,423.58,2903.62,2429.04,474.58
ORD100683,2024-11-13,20241113,CUST1194,PRD124,2,1557.69,463.3,2652.08,1870.96,781.12
ORD103281,2024-11-13,20241113,CUST1186,PRD122,4,1341.58,693.31,4673.01,3372.16,1300.85
ORD102123,2024-11-13,20241113,CUST1048,PRD127,4,2448.22,639.15,9153.73,5357.72,3796.01
ORD102791,2024-11-13,20241113,CUST1206,PRD116,4,6250.5,2603.89,22398.11,17649.08,4749.03
ORD100989,2024-11-13,20241113,CUST1134,PRD101,5,2720.52,400.79,13201.81,10155.95,3045.86
ORD103630,2024-11-14,20241114,CUST1128,PRD122,4,1341.58,36.94,5329.38,3372.16,1957.22
ORD101221,2024-11-14,20241114,CUST1242,PRD127,4,2448.22,1429.93,8362.95,5357.72,3005.23
ORD100381,2024-11-14,20241114,CUST1076,PRD131,2,878.01,89.29,1666.73,864.02,802.71
ORD102921,2024-11-14,20241114,CUST1185,PRD130,1,555.04,81.42,473.62,324.7,148.92
ORD104307,2024-11-14,20241114,CUST1126,PRD101,3,2720.52,755.96,7405.6,6093.57,1312.03
ORD102404,2024-11-14,20241114,CUST1022,PRD105,3,1128.05,413.18,2970.97,2489.25,481.72
ORD101779,2024-11-14,20241114,CUST1247,PRD109,1,740.34,22.31,718.03,551.4,166.63
ORD101538,2024-11-14,20241114,CUST1127,PRD128,4,577.0,294.17,2013.83,1547.68,466.15
ORD105076,2024-11-15,20241115,CUST1128,PRD125,5,831.8,175.03,3983.97,3036.3,947.67
ORD103428,2024-11-15,20241115,CUST1097,PRD101,2,2720.52,666.93,4774.11,4062.38,711.73
ORD102545,2024-11-15,20241115,CUST1207,PRD125,3,831.8,321.0,2174.4,1821.78,352.62
ORD102818,2024-11-15,20241115,CUST1181,PRD124,4,1557.69,922.05,5308.71,3741.92,1566.79
ORD104129,2024-11-15,20241115,CUST1134,PRD124,5,1557.69,799.32,6989.13,4677.4,2311.73
ORD103189,2024-11-15,20241115,CUST1153,PRD103,4,2340.88,1355.86,8007.66,4924.64,3083.02
ORD102642,2024-11-15,20241115,CUST1173,PRD110,5,1138.64,200.09,5493.11,2593.75,2899.36
ORD105043,2024-11-15,20241115,CUST1242,PRD105,1,1128.05,150.76,977.29,829.75,147.54
ORD100948,2024-11-15,20241115,CUST1026,PRD131,1,878.01,39.71,838.3,432.01,406.29
ORD104820,2024-11-16,20241116,CUST1238,PRD122,3,1341.58,20.5,4004.24,2529.12,1475.12
ORD100913,2024-11-16,20241116,CUST1082,PRD112,3,2391.88,619.06,6556.58,4860.51,1696.07
ORD103782,2024-11-16,20241116,CUST1010,PRD124,2,1557.69,74.03,3041.35,1870.96,1170.39
ORD103324,2024-11-16,20241116,CUST1021,PRD124,5,1557.69,881.82,6906.63,4677.4,2229.23
ORD101080,2024-11-16,20241116,CUST1240,PRD124,3,1557.69,409.23,4263.84,2806.44,1457.4
ORD104703,2024-11-16,20241116,CUST1130,PRD112,4,2391.88,580.26,8987.26,6480.68,2506.58
ORD100845,2024-11-16,20241116,CUST1233,PRD105,1,1128.05,45.0,1083.05,829.75,253.3
ORD104627,2024-11-16,20241116,CUST1205,PRD122,4,1341.58,378.7,4987.62,3372.16,1615.46
ORD100098,2024-11-16,20241116,CUST1195,PRD115,3,2955.79,86.2,8781.17,4647.54,4133.63
ORD100173,2024-11-17,20241117,CUST1164,PRD101,1,2720.52,165.5,2555.02,2031.19,523.83
ORD104633,2024-11-17,20241117,CUST1201,PRD122,4,1341.58,299.53,5066.79,3372.16,1694.63
ORD101061,2024-11-17,20241117,CUST1156,PRD113,4,2682.38,2.4,10727.12,6280.96,4446.16
ORD104283,2024-11-17,20241117,CUST1100,PRD122,2,1341.58,288.15,2395.01,1686.08,708.93
ORD104401,2024-11-17,20241117,CUST1103,PRD125,1,831.8,24.74,807.06,607.26,199.8
ORD101476,2024-11-17,20241117,CUST1035,PRD122,5,1341.58,373.05,6334.85,4215.2,2119.65
ORD105036,2024-11-17,20241117,CUST1237,PRD113,1,2682.38,29.82,2652.56,1570.24,1082.32
ORD101647,2024-11-17,20241117,CUST1061,PRD124,4,1557.69,459.3,5771.46,3741.92,2029.54
ORD104260,2024-11-17,20241117,CUST1072,PRD124,4,1557.69,295.81,5934.95,3741.92,2193.03
ORD100596,2024-11-17,20241117,CUST1045,PRD117,4,3086.39,81.9,12263.66,8350.04,3913.62
ORD101748,2024-11-17,20241117,CUST1022,PRD110,4,1138.64,318.13,4236.43,2075.0,2161.43
ORD100224,2024-11-17,20241117,CUST1148,PRD124,1,1557.69,168.86,1388.83,935.48,453.35
ORD103987,2024-11-17,20241117,CUST1161,PRD112,5,2391.88,928.2,11031.2,8100.85,2930.35
ORD104346,2024-11-18,20241118,CUST1117,PRD122,5,1341.58,980.16,5727.74,4215.2,1512.54
ORD101306,2024-11-18,20241118,CUST1020,PRD125,1,831.8,114.61,717.19,607.26,109.93
ORD104232,2024-11-18,20241118,CUST1234,PRD108,1,1410.45,197.64,1212.81,763.02,449.79
ORD101894,2024-11-18,20241118,CUST1036,PRD110,2,1138.64,251.02,2026.26,1037.5,988.76
ORD104870,2024-11-18,20241118,CUST1102,PRD103,2,2340.88,467.42,4214.34,2462.32,1752.02
ORD101543,2024-11-18,20241118,CUST1052,PRD130,4,555.04,302.23,1917.93,1298.8,619.13
ORD101101,2024-11-18,20241118,CUST1153,PRD131,1,878.01,68.5,809.51,432.01,377.5
ORD104652,2024-11-18,20241118,CUST1060,PRD131,3,878.01,227.05,2406.98,1296.03,1110.95
ORD102237,2024-11-19,20241119,CUST1005,PRD131,4,878.01,444.21,3067.83,1728.04,1339.79
ORD101422,2024-11-19,20241119,CUST1090,PRD123,3,1667.88,657.5,4346.14,3659.82,686.32
ORD100560,2024-11-19,20241119,CUST1206,PRD101,3,2720.52,291.43,7870.13,6093.57,1776.56
ORD104417,2024-11-19,20241119,CUST1239,PRD110,1,1138.64,26.88,1111.76,518.75,593.01
ORD101708,2024-11-19,20241119,CUST1140,PRD110,5,1138.64,165.43,5527.77,2593.75,2934.02
ORD100245,2024-11-19,20241119,CUST1173,PRD113,4,2682.38,875.61,9853.91,6280.96,3572.95
ORD103707,2024-11-19,20241119,CUST1171,PRD104,2,8667.94,2214.47,15121.41,6201.06,8920.35
ORD105069,2024-11-20,20241120,CUST1014,PRD116,5,6250.5,300.42,30952.08,22061.35,8890.73
ORD102333,2024-11-20,20241120,CUST1048,PRD131,3,878.01,350.05,2283.98,1296.03,987.95
ORD102827,2024-11-20,20241120,CUST1016,PRD131,5,878.01,217.43,4172.62,2160.05,2012.57
ORD103272,2024-11-20,20241120,CUST1230,PRD101,4,2720.52,588.21,10293.87,8124.76,2169.11
ORD104344,2024-11-20,20241120,CUST1069,PRD116,4,6250.5,2105.4,22896.6,17649.08,5247.52
ORD100235,2024-11-20,20241120,CUST1077,PRD116,2,6250.5,845.24,11655.76,8824.54,2831.22
ORD101522,2024-11-21,20241121,CUST1220,PRD125,5,831.8,623.6,3535.4,3036.3,499.1
ORD103198,2024-11-21,20241121,CUST1063,PRD125,2,831.8,226.52,1437.08,1214.52,222.56
ORD104582,2024-11-21,20241121,CUST1187,PRD131,2,878.01,10.83,1745.19,864.02,881.17
ORD102135,2024-11-21,20241121,CUST1064,PRD103,3,2340.88,914.88,6107.76,3693.48,2414.28
ORD104474,2024-11-21,20241121,CUST1070,PRD125,3,831.8,81.28,2414.12,1821.78,592.34
ORD104610,2024-11-21,20241121,CUST1057,PRD101,3,2720.52,1205.68,6955.88,6093.57,862.31
ORD103675,2024-11-21,20241121,CUST1068,PRD108,1,1410.45,139.43,1271.02,763.02,508.0
ORD101706,2024-11-21,20241121,CUST1067,PRD131,5,878.01,490.88,3899.17,2160.05,1739.12
ORD102280,2024-11-21,20241121,CUST1147,PRD125,2,831.8,42.99,1620.61,1214.52,406.09
ORD102896,2024-11-21,20241121,CUST1059,PRD125,5,831.8,239.69,3919.31,3036.3,883.01
ORD100809,2024-11-21,20241121,CUST1108,PRD110,1,1138.64,145.17,993.47,518.75,474.72
ORD101955,2024-11-21,20241121,CUST1081,PRD103,1,2340.88,74.11,2266.77,1231.16,1035.61
ORD103713,2024-11-22,20241122,CUST1098,PRD127,5,2448.22,794.17,11446.93,6697.15,4749.78
ORD104403,2024-11-22,20241122,CUST1039,PRD127,3,2448.22,775.14,6569.52,4018.29,2551.23
ORD104529,2024-11-22,20241122,CUST1128,PRD131,2,878.01,181.05,1574.97,864.02,710.95
ORD104110,2024-11-22,20241122,CUST1088,PRD109,3,740.34,278.36,1942.66,1654.2,288.46
ORD101679,2024-11-22,20241122,CUST1233,PRD101,5,2720.52,918.87,12683.73,10155.95,2527.78
ORD102696,2024-11-22,20241122,CUST1167,PRD125,4,831.8,89.07,3238.13,2429.04,809.09
ORD100862,2024-11-22,20241122,CUST1177,PRD126,1,2373.84,206.6,2167.24,1650.85,516.39
ORD101535,2024-11-22,20241122,CUST1223,PRD113,2,2682.38,253.09,5111.67,3140.48,1971.19
ORD103045,2024-11-22,20241122,CUST1019,PRD113,1,2682.38,268.24,2414.14,1570.24,843.9
ORD101872,2024-11-22,20241122,CUST1081,PRD125,5,831.8,434.17,3724.83,3036.3,688.53
ORD102347,2024-11-22,20241122,CUST1065,PRD130,1,555.04,62.74,492.3,324.7,167.6
ORD104860,2024-11-23,20241123,CUST1233,PRD122,3,1341.58,336.5,3688.24,2529.12,1159.12
ORD103997,2024-11-23,20241123,CUST1219,PRD113,3,2682.38,40.0,8007.14,4710.72,3296.42
ORD100748,2024-11-23,20241123,CUST1116,PRD110,5,1138.64,0.16,5693.04,2593.75,3099.29
ORD104338,2024-11-23,20241123,CUST1100,PRD109,4,740.34,85.99,2875.37,2205.6,669.77
ORD105215,2024-11-23,20241123,CUST1208,PRD122,5,1341.58,975.23,5732.67,4215.2,1517.47
ORD101060,2024-11-23,20241123,CUST1196,PRD101,5,2720.52,578.68,13023.92,10155.95,2867.97
ORD103676,2024-11-23,20241123,CUST1215,PRD131,2,878.01,225.16,1530.86,864.02,666.84
ORD102154,2024-11-23,20241123,CUST1174,PRD101,2,2720.52,3.32,5437.72,4062.38,1375.34
ORD102000,2024-11-23,20241123,CUST1168,PRD124,5,1557.69,885.73,6902.72,4677.4,2225.32
ORD101481,2024-11-23,20241123,CUST1180,PRD131,4,878.01,509.19,3002.85,1728.04,1274.81
ORD103720,2024-11-23,20241123,CUST1126,PRD124,3,1557.69,569.85,4103.22,2806.44,1296.78
ORD101432,2024-11-24,20241124,CUST1169,PRD113,4,2682.38,1158.72,9570.8,6280.96,3289.84
ORD103620,2024-11-24,20241124,CUST1107,PRD113,5,2682.38,1384.76,12027.14,7851.2,4175.94
ORD102075,2024-11-24,20241124,CUST1102,PRD124,1,1557.69,90.21,1467.48,935.48,532.0
ORD100140,2024-11-24,20241124,CUST1120,PRD113,5,2682.38,1076.28,12335.62,7851.2,4484.42
ORD100436,2024-11-24,20241124,CUST1124,PRD101,4,2720.52,384.52,10497.56,8124.76,2372.8
ORD101650,2024-11-24,20241124,CUST1248,PRD125,3,831.8,27.77,2467.63,1821.78,645.85
ORD100012,2024-11-24,20241124,CUST1032,PRD105,5,1128.05,579.41,5060.84,4148.75,912.09
ORD104187,2024-11-25,20241125,CUST1227,PRD108,3,1410.45,525.84,3705.51,2289.06,1416.45
ORD100609,2024-11-25,20241125,CUST1215,PRD103,1,2340.88,133.9,2206.98,1231.16,975.82
ORD104386,2024-11-25,20241125,CUST1098,PRD105,5,1128.05,306.57,5333.68,4148.75,1184.93
ORD101580,2024-11-25,20241125,CUST1004,PRD123,5,1667.88,793.2,7546.2,6099.7,1446.5
ORD100296,2024-11-25,20241125,CUST1192,PRD122,5,1341.58,381.14,6326.76,4215.2,2111.56
ORD104895,2024-11-25,20241125,CUST1241,PRD105,4,1128.05,197.38,4314.82,3319.0,995.82
ORD103257,2024-11-25,20241125,CUST1203,PRD131,2,878.01,13.92,1742.1,864.02,878.08
ORD102902,2024-11-25,20241125,CUST1136,PRD131,2,878.01,91.97,1664.05,864.02,800.03
ORD101118,2024-11-25,20241125,CUST1033,PRD120,2,11941.0,2993.96,20888.04,13935.48,6952.56
ORD100482,2024-11-25,20241125,CUST1204,PRD112,3,2391.88,915.22,6260.42,4860.51,1399.91
ORD104166,2024-11-25,20241125,CUST1053,PRD101,5,2720.52,1344.17,12258.43,10155.95,2102.48
ORD104663,2024-11-25,20241125,CUST1103,PRD115,2,2955.79,372.32,5539.26,3098.36,2440.9
ORD103305,2024-11-25,20241125,CUST1121,PRD130,2,555.04,129.1,980.98,649.4,331.58
ORD103794,2024-11-25,20241125,CUST1112,PRD101,5,2720.52,78.89,13523.71,10155.95,3367.76
ORD101851,2024-11-25,20241125,CUST1158,PRD110,1,1138.64,53.82,1084.82,518.75,566.07
ORD101390,2024-11-26,20241126,CUST1023,PRD116,5,6250.5,3052.3,28200.2,22061.35,6138.85
ORD101510,2024-11-26,20241126,CUST1179,PRD124,4,1557.69,694.78,5535.98,3741.92,1794.06
ORD101966,2024-11-26,20241126,CUST1073,PRD124,5,1557.69,127.58,7660.87,4677.4,2983.47
ORD101710,2024-11-26,20241126,CUST1219,PRD101,1,2720.52,98.75,2621.77,2031.19,590.58
ORD100038,2024-11-26,20241126,CUST1121,PRD105,4,1128.05,52.5,4459.7,3319.0,1140.7
ORD100319,2024-11-26,20241126,CUST1209,PRD122,2,1341.58,32.62,2650.54,1686.08,964.46
ORD101910,2024-11-26,20241126,CUST1115,PRD101,5,2720.52,1479.4,12123.2,10155.95,1967.25
ORD100667,2024-11-26,20241126,CUST1157,PRD131,4,878.01,240.05,3271.99,1728.04,1543.95
ORD102539,2024-11-26,20241126,CUST1095,PRD131,5,878.01,89.91,4300.14,2160.05,2140.09
ORD102261,2024-11-26,20241126,CUST1089,PRD122,4,1341.58,257.42,5108.9,3372.16,1736.74
ORD103748,2024-11-27,20241127,CUST1010,PRD120,1,11941.0,1239.57,10701.43,6967.74,3733.69
ORD103232,2024-11-27,20241127,CUST1080,PRD101,4,2720.52,270.27,10611.81,8124.76,2487.05
ORD101340,2024-11-27,20241127,CUST1020,PRD131,4,878.01,108.02,3404.02,1728.04,1675.98
ORD104986,2024-11-27,20241127,CUST1087,PRD125,3,831.8,321.29,2174.11,1821.78,352.33
ORD100147,2024-11-27,20241127,CUST1044,PRD103,3,2340.88,360.69,6661.95,3693.48,2968.47
ORD103015,2024-11-27,20241127,CUST1087,PRD124,3,1557.69,376.03,4297.04,2806.44,1490.6
ORD100445,2024-11-28,20241128,CUST1154,PRD124,1,1557.69,180.64,1377.05,935.48,441.57
ORD100287,2024-11-28,20241128,CUST1169,PRD125,4,831.8,424.01,2903.19,2429.04,474.15
ORD101380,2024-11-28,20241128,CUST1012,PRD101,2,2720.52,433.07,5007.97,4062.38,945.59
ORD104244,2024-11-28,20241128,CUST1163,PRD127,4,2448.22,1462.42,8330.46,5357.72,2972.74
ORD102243,2024-11-28,20241128,CUST1227,PRD101,2,2720.52,554.2,4886.84,4062.38,824.46
ORD100397,2024-11-28,20241128,CUST1166,PRD131,3,878.01,52.25,2581.78,1296.03,1285.75
ORD101891,2024-11-28,20241128,CUST1200,PRD122,5,1341.58,602.05,6105.85,4215.2,1890.65
ORD101770,2024-11-28,20241128,CUST1090,PRD113,3,2682.38,307.59,7739.55,4710.72,3028.83
ORD103811,2024-11-28,20241128,CUST1078,PRD131,4,878.01,337.66,3174.38,1728.04,1446.34
ORD101913,2024-11-29,20241129,CUST1032,PRD105,5,1128.05,203.31,5436.94,4148.75,1288.19
ORD100266,2024-11-29,20241129,CUST1239,PRD131,3,878.01,231.5,2402.53,1296.03,1106.5
ORD100981,2024-11-29,20241129,CUST1077,PRD113,1,2682.38,72.74,2609.64,1570.24,1039.4
ORD100849,2024-11-29,20241129,CUST1115,PRD131,1,878.01,76.85,801.16,432.01,369.15
ORD102926,2024-11-29,20241129,CUST1054,PRD130,5,555.04,97.15,2678.05,1623.5,1054.55
ORD103453,2024-11-29,20241129,CUST1021,PRD124,1,1557.69,156.55,1401.14,935.48,465.66
ORD100850,2024-11-29,20241129,CUST1010,PRD131,2,878.01,225.18,1530.84,864.02,666.82
ORD103375,2024-11-30,20241130,CUST1088,PRD131,3,878.01,267.83,2366.2,1296.03,1070.17
ORD103353,2024-11-30,20241130,CUST1001,PRD120,3,11941.0,674.94,35148.06,20903.22,14244.84
ORD100108,2024-11-30,20241130,CUST1243,PRD116,3,6250.5,307.67,18443.83,13236.81,5207.02
ORD103238,2024-12-01,20241201,CUST1153,PRD124,2,1557.69,64.14,3051.24,1870.96,1180.28
ORD102863,2024-12-01,20241201,CUST1022,PRD116,2,6250.5,549.31,11951.69,8824.54,3127.15
ORD102330,2024-12-01,20241201,CUST1248,PRD124,3,1557.69,145.92,4527.15,2806.44,1720.71
ORD104541,2024-12-01,20241201,CUST1008,PRD109,4,740.34,187.48,2773.88,2205.6,568.28
ORD105167,2024-12-01,20241201,CUST1186,PRD130,2,555.04,15.64,1094.44,649.4,445.04
ORD101108,2024-12-02,20241202,CUST1054,PRD122,4,1341.58,724.7,4641.62,3372.16,1269.46
ORD100546,2024-12-02,20241202,CUST1107,PRD110,3,1138.64,184.19,3231.73,1556.25,1675.48
ORD102034,2024-12-02,20241202,CUST1030,PRD129,2,372.05,14.46,729.64,457.1,272.54
ORD103680,2024-12-02,20241202,CUST1130,PRD102,1,34011.42,3401.16,30610.26,13531.84,17078.42
ORD103155,2024-12-02,20241202,CUST1108,PRD108,2,1410.45,288.8,2532.1,1526.04,1006.06
ORD101004,2024-12-02,20241202,CUST1202,PRD112,1,2391.88,0.51,2391.37,1620.17,771.2
ORD100743,2024-12-03,20241203,CUST1099,PRD103,1,2340.88,154.81,2186.07,1231.16,954.91
ORD100613,2024-12-03,20241203,CUST1204,PRD122,3,1341.58,10.44,4014.3,2529.12,1485.18
ORD100274,2024-12-03,20241203,CUST1193,PRD101,4,2720.52,1262.56,9619.52,8124.76,1494.76
ORD102524,2024-12-03,20241203,CUST1114,PRD101,3,2720.52,17.27,8144.29,6093.57,2050.72
ORD102023,2024-12-03,20241203,CUST1193,PRD124,1,1557.69,219.79,1337.9,935.48,402.42
ORD100123,2024-12-03,20241203,CUST1079,PRD122,3,1341.58,82.48,3942.26,2529.12,1413.14
ORD100344,2024-12-03,20241203,CUST1065,PRD122,1,1341.58,138.2,1203.38,843.04,360.34
ORD103697,2024-12-03,20241203,CUST1104,PRD131,5,878.01,486.29,3903.76,2160.05,1743.71
ORD102932,2024-12-03,20241203,CUST1172,PRD131,1,878.01,109.09,768.92,432.01,336.91
ORD103346,2024-12-04,20241204,CUST1098,PRD101,1,2720.52,105.73,2614.79,2031.19,583.6
ORD104873,2024-12-04,20241204,CUST1183,PRD122,5,1341.58,1001.59,5706.31,4215.2,1491.11
ORD102845,2024-12-04,20241204,CUST1156,PRD131,3,878.01,285.98,2348.05,1296.03,1052.02
ORD100733,2024-12-04,20241204,CUST1217,PRD113,3,2682.38,273.0,7774.14,4710.72,3063.42
ORD105123,2024-12-04,20241204,CUST1088,PRD130,4,555.04,280.84,1939.32,1298.8,640.52
ORD102155,2024-12-04,20241204,CUST1176,PRD131,1,878.01,47.23,830.78,432.01,398.77
ORD103307,2024-12-04,20241204,CUST1014,PRD103,2,2340.88,593.72,4088.04,2462.32,1625.72
ORD102764,2024-12-04,20241204,CUST1193,PRD113,3,2682.38,67.64,7979.5,4710.72,3268.78
ORD104090,2024-12-04,20241204,CUST1209,PRD108,5,1410.45,17.44,7034.81,3815.1,3219.71
ORD101831,2024-12-05,20241205,CUST1222,PRD109,5,740.34,222.49,3479.21,2757.0,722.21
ORD100460,2024-12-05,20241205,CUST1242,PRD116,5,6250.5,3943.7,27308.8,22061.35,5247.45
ORD100411,2024-12-05,20241205,CUST1046,PRD116,1,6250.5,430.23,5820.27,4412.27,1408.0
ORD104464,2024-12-05,20241205,CUST1131,PRD122,3,1341.58,600.22,3424.52,2529.12,895.4
ORD100507,2024-12-05,20241205,CUST1152,PRD127,5,2448.22,718.28,11522.82,6697.15,4825.67
ORD100067,2024-12-05,20241205,CUST1013,PRD127,3,2448.22,122.44,7222.22,4018.29,3203.93
ORD102986,2024-12-05,20241205,CUST1237,PRD122,3,1341.58,408.76,3615.98,2529.12,1086.86
ORD104899,2024-12-05,20241205,CUST1060,PRD131,1,878.01,118.71,759.3,432.01,327.29
ORD101549,2024-12-05,20241205,CUST1209,PRD116,1,6250.5,797.36,5453.14,4412.27,1040.87
ORD100172,2024-12-05,20241205,CUST1237,PRD125,4,831.8,25.85,3301.35,2429.04,872.31
ORD101249,2024-12-05,20241205,CUST1107,PRD124,1,1557.69,199.89,1357.8,935.48,422.32
ORD103747,2024-12-05,20241205,CUST1203,PRD122,2,1341.58,364.83,2318.33,1686.08,632.25
ORD103871,2024-12-06,20241206,CUST1136,PRD122,4,1341.58,332.9,5033.42,3372.16,1661.26
ORD103761,2024-12-06,20241206,CUST1036,PRD125,4,831.8,231.42,3095.78,2429.04,666.74
ORD103297,2024-12-06,20241206,CUST1190,PRD101,1,2720.52,52.77,2667.75,2031.19,636.56
ORD100666,2024-12-06,20241206,CUST1094,PRD113,1,2682.38,127.01,2555.37,1570.24,985.13
ORD103843,2024-12-06,20241206,CUST1125,PRD130,3,555.04,221.83,1443.29,974.1,469.19
ORD103980,2024-12-06,20241206,CUST1055,PRD127,1,2448.22,330.62,2117.6,1339.43,778.17
ORD101068,2024-12-07,20241207,CUST1164,PRD127,4,2448.22,684.55,9108.33,5357.72,3750.61
ORD102035,2024-12-07,20241207,CUST1201,PRD122,3,1341.58,558.99,3465.75,2529.12,936.63
ORD101485,2024-12-07,20241207,CUST1128,PRD116,4,6250.5,1890.15,23111.85,17649.08,5462.77
ORD103602,2024-12-07,20241207,CUST1081,PRD131,3,878.01,333.11,2300.92,1296.03,1004.89
ORD102174,2024-12-07,20241207,CUST1042,PRD131,1,878.01,67.11,810.9,432.01,378.89
ORD103041,2024-12-07,20241207,CUST1114,PRD113,5,2682.38,1964.41,11447.49,7851.2,3596.29
ORD105120,2024-12-07,20241207,CUST1145,PRD101,1,2720.52,120.8,2599.72,2031.19,568.53
ORD105098,2024-12-07,20241207,CUST1075,PRD109,1,740.34,9.11,731.23,551.4,179.83
ORD102294,2024-12-07,20241207,CUST1027,PRD131,2,878.01,206.11,1549.91,864.02,685.89
ORD102298,2024-12-08,20241208,CUST1107,PRD116,1,6250.5,911.04,5339.46,4412.27,927.19
ORD100564,2024-12-08,20241208,CUST1120,PRD110,4,1138.64,7.63,4546.93,2075.0,2471.93
ORD103103,2024-12-08,20241208,CUST1048,PRD124,3,1557.69,647.71,4025.36,2806.44,1218.92
ORD102633,2024-12-08,20241208,CUST1060,PRD131,3,878.01,199.57,2434.46,1296.03,1138.43
ORD104934,2024-12-08,20241208,CUST1193,PRD105,1,1128.05,20.33,1107.72,829.75,277.97
ORD101244,2024-12-08,20241208,CUST1123,PRD124,3,1557.69,352.92,4320.15,2806.44,1513.71
ORD101576,2024-12-08,20241208,CUST1161,PRD101,2,2720.52,94.14,5346.9,4062.38,1284.52
ORD103519,2024-12-08,20241208,CUST1028,PRD116,4,6250.5,1436.85,23565.15,17649.08,5916.07
ORD103546,2024-12-08,20241208,CUST1095,PRD124,2,1557.69,172.1,2943.28,1870.96,1072.32
ORD102579,2024-12-08,20241208,CUST1247,PRD116,2,6250.5,717.15,11783.85,8824.54,2959.31
ORD100078,2024-12-08,20241208,CUST1008,PRD103,4,2340.88,891.61,8471.91,4924.64,3547.27
ORD100968,2024-12-08,20241208,CUST1072,PRD129,3,372.05,10.29,1105.86,685.65,420.21
ORD104405,2024-12-08,20241208,CUST1050,PRD122,4,1341.58,203.34,5162.98,3372.16,1790.82
ORD101114,2024-12-08,20241208,CUST1172,PRD109,4,740.34,394.76,2566.6,2205.6,361.0
ORD103651,2024-12-08,20241208,CUST1151,PRD131,2,878.01,51.93,1704.09,864.02,840.07
ORD100582,2024-12-09,20241209,CUST1151,PRD131,5,878.01,322.92,4067.13,2160.05,1907.08
ORD100498,2024-12-09,20241209,CUST1067,PRD130,5,555.04,65.43,2709.77,1623.5,1086.27
ORD105081,2024-12-09,20241209,CUST1193,PRD129,2,372.05,5.15,738.95,457.1,281.85
ORD102490,2024-12-09,20241209,CUST1131,PRD124,5,1557.69,870.26,6918.19,4677.4,2240.79
ORD103396,2024-12-09,20241209,CUST1152,PRD130,3,555.04,31.67,1633.45,974.1,659.35
ORD104616,2024-12-09,20241209,CUST1038,PRD127,4,2448.22,801.17,8991.71,5357.72,3633.99
ORD105033,2024-12-09,20241209,CUST1047,PRD103,5,2340.88,1506.36,10198.04,6155.8,4042.24
ORD101099,2024-12-10,20241210,CUST1023,PRD103,1,2340.88,251.0,2089.88,1231.16,858.72
ORD103487,2024-12-10,20241210,CUST1136,PRD105,5,1128.05,537.42,5102.83,4148.75,954.08
ORD104533,2024-12-10,20241210,CUST1074,PRD116,4,6250.5,2737.66,22264.34,17649.08,4615.26
ORD100910,2024-12-10,20241210,CUST1190,PRD125,4,831.8,182.78,3144.42,2429.04,715.38
ORD103049,2024-12-10,20241210,CUST1071,PRD124,5,1557.69,486.75,7301.7,4677.4,2624.3
ORD104119,2024-12-10,20241210,CUST1085,PRD125,2,831.8,229.98,1433.62,1214.52,219.1
ORD104387,2024-12-10,20241210,CUST1078,PRD101,2,2720.52,47.7,5393.34,4062.38,1330.96
ORD102238,2024-12-10,20241210,CUST1197,PRD108,5,1410.45,820.78,6231.47,3815.1,2416.37
ORD102400,2024-12-10,20241210,CUST1159,PRD131,1,878.01,22.67,855.34,432.01,423.33
ORD103055,2024-12-11,20241211,CUST1209,PRD113,3,2682.38,1035.35,7011.79,4710.72,2301.07
ORD104303,2024-12-11,20241211,CUST1174,PRD103,4,2340.88,1366.67,7996.85,4924.64,3072.21
ORD100449,2024-12-11,20241211,CUST1240,PRD101,5,2720.52,1829.45,11773.15,10155.95,1617.2
ORD104019,2024-12-11,20241211,CUST1137,PRD124,3,1557.69,253.58,4419.49,2806.44,1613.05
ORD100127,2024-12-11,20241211,CUST1198,PRD101,1,2720.52,369.6,2350.92,2031.19,319.73
ORD101553,2024-12-11,20241211,CUST1058,PRD120,3,11941.0,4939.33,30883.67,20903.22,9980.45
ORD101817,2024-12-11,20241211,CUST1233,PRD131,1,878.01,103.68,774.33,432.01,342.32
ORD103591,2024-12-11,20241211,CUST1085,PRD130,3,555.04,123.13,1541.99,974.1,567.89
ORD104685,2024-12-11,20241211,CUST1040,PRD116,1,6250.5,410.83,5839.67,4412.27,1427.4
ORD101353,2024-12-12,20241212,CUST1159,PRD116,4,6250.5,3119.77,21882.23,17649.08,4233.15
ORD103637,2024-12-12,20241212,CUST1126,PRD110,1,1138.64,109.12,1029.52,518.75,510.77
ORD104075,2024-12-12,20241212,CUST1029,PRD122,2,1341.58,204.9,2478.26,1686.08,792.18
ORD105175,2024-12-12,20241212,CUST1041,PRD131,5,878.01,65.69,4324.36,2160.05,2164.31
ORD104509,2024-12-12,20241212,CUST1147,PRD125,1,831.8,57.4,774.4,607.26,167.14
ORD103169,2024-12-12,20241212,CUST1170,PRD130,2,555.04,9.18,1100.9,649.4,451.5
ORD101388,2024-12-12,20241212,CUST1214,PRD108,2,1410.45,277.25,2543.65,1526.04,1017.61
ORD100505,2024-12-12,20241212,CUST1040,PRD105,4,1128.05,56.74,4455.46,3319.0,1136.46
ORD100503,2024-12-12,20241212,CUST1180,PRD105,1,1128.05,134.19,993.86,829.75,164.11
ORD104619,2024-12-13,20241213,CUST1007,PRD115,5,2955.79,690.77,14088.18,7745.9,6342.28
ORD101974,2024-12-13,20241213,CUST1106,PRD111,3,1653.05,631.65,4327.5,3647.46,680.04
ORD100972,2024-12-13,20241213,CUST1217,PRD131,3,878.01,130.02,2504.01,1296.03,1207.98
ORD105028,2024-12-13,20241213,CUST1139,PRD131,2,878.01,2.57,1753.45,864.02,889.43
ORD103795,2024-12-13,20241213,CUST1178,PRD110,3,1138.64,95.77,3320.15,1556.25,1763.9
ORD104838,2024-12-13,20241213,CUST1209,PRD131,4,878.01,420.63,3091.41,1728.04,1363.37
ORD102873,2024-12-13,20241213,CUST1157,PRD105,4,1128.05,447.66,4064.54,3319.0,745.54
ORD103472,2024-12-13,20241213,CUST1214,PRD110,1,1138.64,111.11,1027.53,518.75,508.78
ORD104108,2024-12-13,20241213,CUST1202,PRD126,4,2373.84,20.12,9475.24,6603.4,2871.84
ORD101760,2024-12-13,20241213,CUST1240,PRD122,3,1341.58,548.02,3476.72,2529.12,947.6
ORD104867,2024-12-13,20241213,CUST1234,PRD125,2,831.8,105.02,1558.58,1214.52,344.06
ORD101860,2024-12-13,20241213,CUST1061,PRD105,5,1128.05,828.02,4812.23,4148.75,663.48
ORD103218,2024-12-13,20241213,CUST1013,PRD105,5,1128.05,170.41,5469.84,4148.75,1321.09
ORD102860,2024-12-14,20241214,CUST1131,PRD124,3,1557.69,276.95,4396.12,2806.44,1589.68
ORD104043,2024-12-14,20241214,CUST1074,PRD105,5,1128.05,26.38,5613.87,4148.75,1465.12
ORD101430,2024-12-14,20241214,CUST1137,PRD130,4,555.04,212.47,2007.69,1298.8,708.89
ORD101736,2024-12-14,20241214,CUST1015,PRD103,1,2340.88,169.35,2171.53,1231.16,940.37
ORD100500,2024-12-14,20241214,CUST1174,PRD101,4,2720.52,118.37,10763.71,8124.76,2638.95
ORD101113,2024-12-14,20241214,CUST1076,PRD104,2,8667.94,577.56,16758.32,6201.06,10557.26
ORD104734,2024-12-14,20241214,CUST1007,PRD131,4,878.01,185.01,3327.03,1728.04,1598.99
ORD104912,2024-12-14,20241214,CUST1060,PRD103,4,2340.88,393.91,8969.61,4924.64,4044.97
ORD100315,2024-12-14,20241214,CUST1169,PRD113,1,2682.38,60.04,2622.34,1570.24,1052.1
ORD103274,2024-12-14,20241214,CUST1013,PRD124,5,1557.69,394.91,7393.54,4677.4,2716.14
ORD100779,2024-12-15,20241215,CUST1196,PRD101,2,2720.52,56.49,5384.55,4062.38,1322.17
ORD101843,2024-12-15,20241215,CUST1100,PRD131,2,878.01,138.06,1617.96,864.02,753.94
ORD104278,2024-12-15,20241215,CUST1189,PRD105,2,1128.05,277.38,1978.72,1659.5,319.22
ORD100954,2024-12-15,20241215,CUST1215,PRD131,3,878.01,58.33,2575.7,1296.03,1279.67
ORD103896,2024-12-15,20241215,CUST1053,PRD101,4,2720.52,703.76,10178.32,8124.76,2053.56
ORD101038,2024-12-15,20241215,CUST1045,PRD131,3,878.01,174.05,2459.98,1296.03,1163.95
ORD102270,2024-12-15,20241215,CUST1012,PRD124,4,1557.69,137.31,6093.45,3741.92,2351.53
ORD102508,2024-12-15,20241215,CUST1193,PRD114,4,993.09,29.67,3942.69,3086.16,856.53
ORD104105,2024-12-16,20241216,CUST1150,PRD113,2,2682.38,738.69,4626.07,3140.48,1485.59
ORD104535,2024-12-16,20241216,CUST1248,PRD127,5,2448.22,1831.59,10409.51,6697.15,3712.36
ORD101367,2024-12-16,20241216,CUST1167,PRD115,1,2955.79,325.98,2629.81,1549.18,1080.63
ORD101971,2024-12-16,20241216,CUST1190,PRD116,4,6250.5,227.73,24774.27,17649.08,7125.19
ORD102120,2024-12-16,20241216,CUST1108,PRD108,1,1410.45,10.6,1399.85,763.02,636.83
ORD101222,2024-12-16,20241216,CUST1100,PRD110,5,1138.64,283.49,5409.71,2593.75,2815.96
ORD102652,2024-12-17,20241217,CUST1241,PRD113,4,2682.38,330.51,10399.01,6280.96,4118.05
ORD100264,2024-12-17,20241217,CUST1129,PRD130,5,555.04,358.34,2416.86,1623.5,793.36
ORD101052,2024-12-17,20241217,CUST1181,PRD122,3,1341.58,291.34,3733.4,2529.12,1204.28
ORD101806,2024-12-17,20241217,CUST1056,PRD122,2,1341.58,270.65,2412.51,1686.08,726.43
ORD104211,2024-12-17,20241217,CUST1120,PRD116,1,6250.5,495.22,5755.28,4412.27,1343.01
ORD104902,2024-12-17,20241217,CUST1019,PRD112,3,2391.88,968.45,6207.19,4860.51,1346.68
ORD104249,2024-12-18,20241218,CUST1142,PRD108,1,1410.45,52.58,1357.87,763.02,594.85
ORD101744,2024-12-18,20241218,CUST1101,PRD131,1,878.01,122.95,755.06,432.01,323.05
ORD100048,2024-12-18,20241218,CUST1000,PRD109,4,740.34,67.12,2894.24,2205.6,688.64
ORD102656,2024-12-18,20241218,CUST1209,PRD122,1,1341.58,128.84,1212.74,843.04,369.7
ORD100706,2024-12-18,20241218,CUST1225,PRD124,1,1557.69,13.95,1543.74,935.48,608.26
ORD103434,2024-12-18,20241218,CUST1236,PRD125,5,831.8,120.45,4038.55,3036.3,1002.25
ORD102246,2024-12-18,20241218,CUST1150,PRD123,3,1667.88,516.8,4486.84,3659.82,827.02
ORD103864,2024-12-18,20241218,CUST1181,PRD122,3,1341.58,110.91,3913.83,2529.12,1384.71
ORD101571,2024-12-18,20241218,CUST1194,PRD130,5,555.04,267.04,2508.16,1623.5,884.66
ORD104161,2024-12-19,20241219,CUST1166,PRD122,3,1341.58,568.04,3456.7,2529.12,927.58
ORD104397,2024-12-19,20241219,CUST1232,PRD103,5,2340.88,1244.25,10460.15,6155.8,4304.35
ORD102184,2024-12-19,20241219,CUST1133,PRD122,5,1341.58,385.19,6322.71,4215.2,2107.51
ORD104606,2024-12-19,20241219,CUST1063,PRD126,2,2373.84,57.34,4690.34,3301.7,1388.64
ORD104571,2024-12-19,20241219,CUST1059,PRD112,5,2391.88,1266.2,10693.2,8100.85,2592.35
ORD104067,2024-12-19,20241219,CUST1196,PRD130,1,555.04,18.13,536.91,324.7,212.21
ORD104801,2024-12-19,20241219,CUST1055,PRD101,2,2720.52,597.82,4843.22,4062.38,780.84
ORD105138,2024-12-19,20241219,CUST1017,PRD122,5,1341.58,245.82,6462.08,4215.2,2246.88
ORD100848,2024-12-19,20241219,CUST1190,PRD126,4,2373.84,1002.35,8493.01,6603.4,1889.61
ORD103985,2024-12-19,20241219,CUST1179,PRD131,3,878.01,182.18,2451.85,1296.03,1155.82
ORD104131,2024-12-20,20241220,CUST1176,PRD110,5,1138.64,380.25,5312.95,2593.75,2719.2
ORD104505,2024-12-20,20241220,CUST1098,PRD127,3,2448.22,624.26,6720.4,4018.29,2702.11
ORD104504,2024-12-20,20241220,CUST1237,PRD130,2,555.04,73.58,1036.5,649.4,387.1
ORD100467,2024-12-21,20241221,CUST1180,PRD125,1,831.8,45.38,786.42,607.26,179.16
ORD100952,2024-12-21,20241221,CUST1191,PRD101,1,2720.52,345.17,2375.35,2031.19,344.16
ORD104097,2024-12-21,20241221,CUST1233,PRD103,4,2340.88,527.68,8835.84,4924.64,3911.2
ORD102402,2024-12-21,20241221,CUST1098,PRD124,4,1557.69,20.7,6210.06,3741.92,2468.14
ORD103927,2024-12-21,20241221,CUST1065,PRD106,1,1484.26,181.33,1302.93,919.56,383.37
ORD103075,2024-12-21,20241221,CUST1075,PRD101,5,2720.52,759.34,12843.26,10155.95,2687.31
ORD104774,2024-12-22,20241222,CUST1000,PRD113,5,2682.38,1128.24,12283.66,7851.2,4432.46
ORD102601,2024-12-22,20241222,CUST1149,PRD110,2,1138.64,253.7,2023.58,1037.5,986.08
ORD103689,2024-12-22,20241222,CUST1217,PRD130,1,555.04,63.08,491.96,324.7,167.26
ORD102288,2024-12-22,20241222,CUST1033,PRD103,4,2340.88,163.52,9200.0,4924.64,4275.36
ORD102361,2024-12-22,20241222,CUST1144,PRD130,3,555.04,67.94,1597.18,974.1,623.08
ORD105189,2024-12-23,20241223,CUST1007,PRD116,5,6250.5,2384.72,28867.78,22061.35,6806.43
ORD101881,2024-12-23,20241223,CUST1037,PRD113,2,2682.38,601.76,4763.0,3140.48,1622.52
ORD104026,2024-12-23,20241223,CUST1044,PRD131,5,878.01,122.77,4267.28,2160.05,2107.23
ORD103618,2024-12-23,20241223,CUST1017,PRD110,5,1138.64,495.2,5198.0,2593.75,2604.25
ORD102066,2024-12-23,20241223,CUST1212,PRD116,1,6250.5,782.61,5467.89,4412.27,1055.62
ORD102496,2024-12-23,20241223,CUST1053,PRD117,2,3086.39,539.09,5633.69,4175.02,1458.67
ORD100037,2024-12-24,20241224,CUST1109,PRD124,2,1557.69,259.39,2855.99,1870.96,985.03
ORD102928,2024-12-24,20241224,CUST1009,PRD109,1,740.34,66.01,674.33,551.4,122.93
ORD102236,2024-12-24,20241224,CUST1224,PRD131,2,878.01,146.77,1609.25,864.02,745.23
ORD100244,2024-12-24,20241224,CUST1027,PRD124,4,1557.69,151.93,6078.83,3741.92,2336.91
ORD101003,2024-12-24,20241224,CUST1197,PRD105,5,1128.05,475.1,5165.15,4148.75,1016.4
ORD100751,2024-12-25,20241225,CUST1149,PRD110,4,1138.64,654.58,3899.98,2075.0,1824.98
ORD101616,2024-12-25,20241225,CUST1038,PRD125,5,831.8,39.78,4119.22,3036.3,1082.92
ORD104948,2024-12-25,20241225,CUST1026,PRD104,5,8667.94,2836.66,40503.04,15502.65,25000.39
ORD104975,2024-12-25,20241225,CUST1049,PRD131,2,878.01,190.56,1565.46,864.02,701.44
ORD104096,2024-12-25,20241225,CUST1132,PRD125,3,831.8,325.56,2169.84,1821.78,348.06
ORD100364,2024-12-25,20241225,CUST1034,PRD131,5,878.01,578.06,3811.99,2160.05,1651.94
ORD101561,2024-12-25,20241225,CUST1090,PRD101,2,2720.52,651.24,4789.8,4062.38,727.42
ORD103910,2024-12-25,20241225,CUST1132,PRD122,1,1341.58,164.4,1177.18,843.04,334.14
ORD103034,2024-12-25,20241225,CUST1187,PRD122,2,1341.58,355.58,2327.58,1686.08,641.5
ORD101116,2024-12-25,20241225,CUST1134,PRD109,1,740.34,25.59,714.75,551.4,163.35
ORD103255,2024-12-25,20241225,CUST1084,PRD131,3,878.01,185.02,2449.01,1296.03,1152.98
ORD104937,2024-12-25,20241225,CUST1096,PRD101,1,2720.52,390.93,2329.59,2031.19,298.4
ORD103402,2024-12-26,20241226,CUST1025,PRD122,4,1341.58,720.03,4646.29,3372.16,1274.13
ORD101575,2024-12-26,20241226,CUST1075,PRD127,4,2448.22,664.26,9128.62,5357.72,3770.9
ORD102945,2024-12-26,20241226,CUST1177,PRD130,4,555.04,82.12,2138.04,1298.8,839.24
ORD100575,2024-12-26,20241226,CUST1020,PRD131,2,878.01,193.31,1562.71,864.02,698.69
ORD102131,2024-12-26,20241226,CUST1201,PRD131,5,878.01,4.57,4385.48,2160.05,2225.43
ORD102046,2024-12-27,20241227,CUST1221,PRD109,5,740.34,371.13,3330.57,2757.0,573.57
ORD103316,2024-12-27,20241227,CUST1081,PRD125,3,831.8,328.2,2167.2,1821.78,345.42
ORD101733,2024-12-27,20241227,CUST1012,PRD127,3,2448.22,920.95,6423.71,4018.29,2405.42
ORD102951,2024-12-27,20241227,CUST1108,PRD110,3,1138.64,60.62,3355.3,1556.25,1799.05
ORD102371,2024-12-27,20241227,CUST1079,PRD130,2,555.04,150.84,959.24,649.4,309.84
ORD101115,2024-12-27,20241227,CUST1199,PRD120,1,11941.0,1656.53,10284.47,6967.74,3316.73
ORD100969,2024-12-27,20241227,CUST1005,PRD131,2,878.01,70.01,1686.01,864.02,821.99
ORD104459,2024-12-28,20241228,CUST1172,PRD101,5,2720.52,149.23,13453.37,10155.95,3297.42
ORD103085,2024-12-28,20241228,CUST1126,PRD116,1,6250.5,395.66,5854.84,4412.27,1442.57
ORD100664,2024-12-28,20241228,CUST1180,PRD101,5,2720.52,1613.56,11989.04,10155.95,1833.09
ORD101387,2024-12-28,20241228,CUST1181,PRD124,3,1557.69,121.95,4551.12,2806.44,1744.68
ORD104205,2024-12-28,20241228,CUST1061,PRD124,1,1557.69,44.26,1513.43,935.48,577.95
ORD103696,2024-12-28,20241228,CUST1013,PRD131,4,878.01,4.81,3507.23,1728.04,1779.19
ORD102428,2024-12-28,20241228,CUST1196,PRD103,4,2340.88,860.18,8503.34,4924.64,3578.7
ORD102978,2024-12-28,20241228,CUST1040,PRD131,4,878.01,164.54,3347.5,1728.04,1619.46
ORD102915,2024-12-28,20241228,CUST1187,PRD115,5,2955.79,293.52,14485.43,7745.9,6739.53
ORD101092,2024-12-29,20241229,CUST1090,PRD130,4,555.04,38.73,2181.43,1298.8,882.63
ORD100942,2024-12-29,20241229,CUST1124,PRD110,4,1138.64,141.03,4413.53,2075.0,2338.53
ORD102191,2024-12-29,20241229,CUST1249,PRD122,5,1341.58,339.93,6367.97,4215.2,2152.77
ORD104285,2024-12-29,20241229,CUST1167,PRD103,3,2340.88,960.62,6062.02,3693.48,2368.54
ORD105213,2024-12-29,20241229,CUST1081,PRD125,1,831.8,85.05,746.75,607.26,139.49
ORD103173,2024-12-29,20241229,CUST1166,PRD131,5,878.01,599.68,3790.37,2160.05,1630.32
ORD102752,2024-12-29,20241229,CUST1144,PRD120,3,11941.0,4251.79,31571.21,20903.22,10667.99
ORD100114,2024-12-29,20241229,CUST1176,PRD125,2,831.8,200.25,1463.35,1214.52,248.83
ORD100686,2024-12-29,20241229,CUST1039,PRD101,1,2720.52,83.27,2637.25,2031.19,606.06
ORD103576,2024-12-29,20241229,CUST1062,PRD107,4,14757.66,3095.92,55934.72,42093.52,13841.2
ORD103048,2024-12-29,20241229,CUST1197,PRD103,3,2340.88,555.02,6467.62,3693.48,2774.14
ORD104103,2024-12-29,20241229,CUST1077,PRD110,3,1138.64,130.17,3285.75,1556.25,1729.5
ORD102746,2024-12-30,20241230,CUST1237,PRD125,5,831.8,239.85,3919.15,3036.3,882.85
ORD102834,2024-12-30,20241230,CUST1163,PRD122,3,1341.58,139.69,3885.05,2529.12,1355.93
ORD104431,2024-12-30,20241230,CUST1100,PRD101,3,2720.52,17.99,8143.57,6093.57,2050.0
ORD100574,2024-12-30,20241230,CUST1056,PRD111,5,1653.05,1143.99,7121.26,6079.1,1042.16
ORD102449,2024-12-30,20241230,CUST1007,PRD103,2,2340.88,395.23,4286.53,2462.32,1824.21
ORD104552,2024-12-30,20241230,CUST1008,PRD117,1,3086.39,338.55,2747.84,2087.51,660.33
ORD104315,2024-12-30,20241230,CUST1164,PRD131,4,878.01,123.21,3388.83,1728.04,1660.79
ORD102647,2024-12-30,20241230,CUST1124,PRD112,5,2391.88,211.84,11747.56,8100.85,3646.71
ORD101555,2024-12-30,20241230,CUST1130,PRD109,3,740.34,51.95,2169.07,1654.2,514.87
ORD104938,2024-12-31,20241231,CUST1099,PRD131,3,878.01,163.96,2470.07,1296.03,1174.04
ORD100624,2024-12-31,20241231,CUST1004,PRD103,2,2340.88,275.59,4406.17,2462.32,1943.85
ORD104047,2024-12-31,20241231,CUST1014,PRD108,3,1410.45,232.35,3999.0,2289.06,1709.94
ORD102498,2024-12-31,20241231,CUST1149,PRD125,5,831.8,508.7,3650.3,3036.3,614.0
ORD101613,2024-12-31,20241231,CUST1091,PRD103,3,2340.88,144.34,6878.3,3693.48,3184.82
ORD102596,2024-12-31,20241231,CUST1029,PRD104,3,8667.94,1929.99,24073.83,9301.59,14772.24
ORD104637,2024-12-31,20241231,CUST1233,PRD109,4,740.34,54.51,2906.85,2205.6,701.25
ORD101809,2025-01-01,20250101,CUST1011,PRD125,3,831.8,184.99,2310.41,1821.78,488.63
ORD105778,2025-01-01,20250101,CUST1064,PRD116,4,6250.5,3320.07,21681.93,17649.08,4032.85
ORD103053,2025-01-01,20250101,CUST1118,PRD101,1,2720.52,331.93,2388.59,2031.19,357.4
ORD105732,2025-01-01,20250101,CUST1223,PRD122,3,1341.58,184.23,3840.51,2529.12,1311.39
ORD105671,2025-01-01,20250101,CUST1241,PRD101,5,2720.52,1003.8,12598.8,10155.95,2442.85
ORD105444,2025-01-01,20250101,CUST1140,PRD124,5,1557.69,972.97,6815.48,4677.4,2138.08
ORD101947,2025-01-01,20250101,CUST1081,PRD116,4,6250.5,2692.71,22309.29,17649.08,4660.21
ORD105665,2025-01-01,20250101,CUST1095,PRD109,2,740.34,28.92,1451.76,1102.8,348.96
ORD104724,2025-01-01,20250101,CUST1150,PRD110,4,1138.64,421.88,4132.68,2075.0,2057.68
ORD105573,2025-01-01,20250101,CUST1007,PRD110,5,1138.64,179.23,5513.97,2593.75,2920.22
ORD105393,2025-01-01,20250101,CUST1001,PRD122,2,1341.58,115.76,2567.4,1686.08,881.32
ORD101990,2025-01-02,20250102,CUST1143,PRD109,5,740.34,158.48,3543.22,2757.0,786.22
ORD101320,2025-01-02,20250102,CUST1224,PRD125,4,831.8,26.67,3300.53,2429.04,871.49
ORD105826,2025-01-02,20250102,CUST1010,PRD131,1,878.01,113.76,764.25,432.01,332.24
ORD105994,2025-01-02,20250102,CUST1169,PRD103,2,2340.88,314.38,4367.38,2462.32,1905.06
ORD104402,2025-01-02,20250102,CUST1226,PRD131,4,878.01,378.09,3133.95,1728.04,1405.91
ORD105768,2025-01-02,20250102,CUST1191,PRD113,2,2682.38,397.82,4966.94,3140.48,1826.46
ORD105244,2025-01-02,20250102,CUST1061,PRD115,3,2955.79,1236.18,7631.19,4647.54,2983.65
ORD103119,2025-01-02,20250102,CUST1236,PRD122,2,1341.58,72.72,2610.44,1686.08,924.36
ORD102171,2025-01-02,20250102,CUST1194,PRD113,4,2682.38,303.1,10426.42,6280.96,4145.46
ORD102176,2025-01-02,20250102,CUST1173,PRD122,3,1341.58,438.81,3585.93,2529.12,1056.81
ORD104186,2025-01-02,20250102,CUST1054,PRD125,1,831.8,84.51,747.29,607.26,140.03
ORD101105,2025-01-03,20250103,CUST1090,PRD124,2,1557.69,282.52,2832.86,1870.96,961.9
ORD100407,2025-01-03,20250103,CUST1148,PRD131,4,878.01,164.43,3347.61,1728.04,1619.57
ORD104560,2025-01-03,20250103,CUST1186,PRD101,1,2720.52,381.56,2338.96,2031.19,307.77
ORD102113,2025-01-03,20250103,CUST1153,PRD110,1,1138.64,10.73,1127.91,518.75,609.16
ORD106010,2025-01-03,20250103,CUST1058,PRD124,3,1557.69,680.4,3992.67,2806.44,1186.23
ORD103703,2025-01-03,20250103,CUST1196,PRD113,3,2682.38,233.55,7813.59,4710.72,3102.87
ORD101996,2025-01-03,20250103,CUST1153,PRD115,5,2955.79,1682.16,13096.79,7745.9,5350.89
ORD105624,2025-01-03,20250103,CUST1152,PRD109,4,740.34,248.69,2712.67,2205.6,507.07
ORD102569,2025-01-03,20250103,CUST1010,PRD124,1,1557.69,148.33,1409.36,935.48,473.88
ORD104693,2025-01-03,20250103,CUST1140,PRD131,5,878.01,15.21,4374.84,2160.05,2214.79
ORD101983,2025-01-03,20250103,CUST1111,PRD124,5,1557.69,63.89,7724.56,4677.4,3047.16
ORD105163,2025-01-04,20250104,CUST1046,PRD108,3,1410.45,523.34,3708.01,2289.06,1418.95
ORD105217,2025-01-04,20250104,CUST1188,PRD110,4,1138.64,468.27,4086.29,2075.0,2011.29
ORD105499,2025-01-04,20250104,CUST1117,PRD101,5,2720.52,1325.73,12276.87,10155.95,2120.92
ORD103831,2025-01-04,20250104,CUST1004,PRD126,4,2373.84,562.09,8933.27,6603.4,2329.87
ORD105764,2025-01-04,20250104,CUST1141,PRD113,1,2682.38,282.99,2399.39,1570.24,829.15
ORD105636,2025-01-04,20250104,CUST1145,PRD122,1,1341.58,32.46,1309.12,843.04,466.08
ORD101662,2025-01-04,20250104,CUST1189,PRD127,2,2448.22,611.46,4284.98,2678.86,1606.12
ORD105572,2025-01-04,20250104,CUST1045,PRD110,3,1138.64,205.93,3209.99,1556.25,1653.74
ORD103554,2025-01-04,20250104,CUST1157,PRD124,3,1557.69,449.96,4223.11,2806.44,1416.67
ORD105274,2025-01-04,20250104,CUST1180,PRD116,5,6250.5,1048.94,30203.56,22061.35,8142.21
ORD101322,2025-01-04,20250104,CUST1107,PRD122,1,1341.58,3.24,1338.34,843.04,495.3
ORD104494,2025-01-04,20250104,CUST1166,PRD122,3,1341.58,118.94,3905.8,2529.12,1376.68
ORD104294,2025-01-04,20250104,CUST1126,PRD122,1,1341.58,12.58,1329.0,843.04,485.96
ORD100705,2025-01-04,20250104,CUST1081,PRD122,5,1341.58,103.55,6604.35,4215.2,2389.15
ORD102713,2025-01-04,20250104,CUST1225,PRD130,5,555.04,169.68,2605.52,1623.5,982.02
ORD105596,2025-01-05,20250105,CUST1103,PRD130,4,555.04,195.62,2024.54,1298.8,725.74
ORD103905,2025-01-05,20250105,CUST1075,PRD130,5,555.04,298.63,2476.57,1623.5,853.07
ORD105306,2025-01-05,20250105,CUST1137,PRD105,4,1128.05,303.15,4209.05,3319.0,890.05
ORD100899,2025-01-05,20250105,CUST1060,PRD127,2,2448.22,680.06,4216.38,2678.86,1537.52
ORD104659,2025-01-05,20250105,CUST1165,PRD131,5,878.01,74.28,4315.77,2160.05,2155.72
ORD105063,2025-01-05,20250105,CUST1109,PRD122,4,1341.58,434.44,4931.88,3372.16,1559.72
ORD102024,2025-01-05,20250105,CUST1203,PRD120,2,11941.0,946.84,22935.16,13935.48,8999.68
ORD104239,2025-01-05,20250105,CUST1018,PRD125,2,831.8,134.39,1529.21,1214.52,314.69
ORD100732,2025-01-05,20250105,CUST1105,PRD103,2,2340.88,389.97,4291.79,2462.32,1829.47
ORD102028,2025-01-05,20250105,CUST1180,PRD103,3,2340.88,388.93,6633.71,3693.48,2940.23
ORD104157,2025-01-05,20250105,CUST1224,PRD131,1,878.01,52.85,825.16,432.01,393.15
ORD100325,2025-01-05,20250105,CUST1066,PRD125,2,831.8,35.03,1628.57,1214.52,414.05
ORD105424,2025-01-06,20250106,CUST1134,PRD125,1,831.8,37.11,794.69,607.26,187.43
ORD102219,2025-01-06,20250106,CUST1124,PRD120,3,11941.0,3631.33,32191.67,20903.22,11288.45
ORD100946,2025-01-06,20250106,CUST1194,PRD131,5,878.01,455.9,3934.15,2160.05,1774.1
ORD103104,2025-01-06,20250106,CUST1191,PRD116,1,6250.5,750.88,5499.62,4412.27,1087.35
ORD105053,2025-01-06,20250106,CUST1169,PRD131,3,878.01,214.55,2419.48,1296.03,1123.45
ORD106102,2025-01-06,20250106,CUST1199,PRD105,5,1128.05,456.78,5183.47,4148.75,1034.72
ORD105643,2025-01-06,20250106,CUST1010,PRD126,2,2373.84,482.5,4265.18,3301.7,963.48
ORD105272,2025-01-06,20250106,CUST1026,PRD116,4,6250.5,2107.8,22894.2,17649.08,5245.12
ORD103184,2025-01-06,20250106,CUST1204,PRD130,3,555.04,133.01,1532.11,974.1,558.01
ORD106151,2025-01-06,20250106,CUST1203,PRD125,2,831.8,99.99,1563.61,1214.52,349.09
ORD102339,2025-01-06,20250106,CUST1170,PRD127,4,2448.22,765.94,9026.94,5357.72,3669.22
ORD105456,2025-01-06,20250106,CUST1029,PRD125,1,831.8,87.22,744.58,607.26,137.32
ORD106028,2025-01-07,20250107,CUST1096,PRD110,5,1138.64,580.61,5112.59,2593.75,2518.84
ORD105583,2025-01-07,20250107,CUST1112,PRD101,2,2720.52,337.85,5103.19,4062.38,1040.81
ORD100163,2025-01-07,20250107,CUST1070,PRD124,1,1557.69,197.24,1360.45,935.48,424.97
ORD101789,2025-01-07,20250107,CUST1111,PRD122,2,1341.58,119.92,2563.24,1686.08,877.16
ORD100378,2025-01-07,20250107,CUST1113,PRD122,2,1341.58,276.3,2406.86,1686.08,720.78
ORD101819,2025-01-07,20250107,CUST1034,PRD126,4,2373.84,606.35,8889.01,6603.4,2285.61
ORD105209,2025-01-07,20250107,CUST1238,PRD116,3,6250.5,713.39,18038.11,13236.81,4801.3
ORD105769,2025-01-07,20250107,CUST1147,PRD131,4,878.01,470.69,3041.35,1728.04,1313.31
ORD102815,2025-01-07,20250107,CUST1001,PRD113,5,2682.38,704.08,12707.82,7851.2,4856.62
ORD105239,2025-01-07,20250107,CUST1128,PRD110,1,1138.64,85.68,1052.96,518.75,534.21
ORD103076,2025-01-08,20250108,CUST1046,PRD106,2,1484.26,407.28,2561.24,1839.12,722.12
ORD104301,2025-01-08,20250108,CUST1079,PRD125,2,831.8,174.6,1489.0,1214.52,274.48
ORD104555,2025-01-08,20250108,CUST1028,PRD125,1,831.8,122.76,709.04,607.26,101.78
ORD106086,2025-01-08,20250108,CUST1015,PRD117,3,3086.39,734.23,8524.94,6262.53,2262.41
ORD106108,2025-01-08,20250108,CUST1013,PRD120,2,11941.0,8.59,23873.41,13935.48,9937.93
ORD105174,2025-01-08,20250108,CUST1047,PRD125,5,831.8,221.6,3937.4,3036.3,901.1
ORD104893,2025-01-08,20250108,CUST1054,PRD116,5,6250.5,3917.51,27334.99,22061.35,5273.64
ORD101865,2025-01-08,20250108,CUST1248,PRD125,2,831.8,213.24,1450.36,1214.52,235.84
ORD105335,2025-01-08,20250108,CUST1056,PRD101,4,2720.52,116.89,10765.19,8124.76,2640.43
ORD105367,2025-01-08,20250108,CUST1138,PRD131,1,878.01,27.17,850.84,432.01,418.83
ORD105446,2025-01-09,20250109,CUST1031,PRD131,4,878.01,136.66,3375.38,1728.04,1647.34
ORD102220,2025-01-09,20250109,CUST1246,PRD131,3,878.01,252.05,2381.98,1296.03,1085.95
ORD103127,2025-01-09,20250109,CUST1202,PRD113,5,2682.38,1116.42,12295.48,7851.2,4444.28
ORD104922,2025-01-09,20250109,CUST1170,PRD123,4,1667.88,363.14,6308.38,4879.76,1428.62
ORD105134,2025-01-09,20250109,CUST1211,PRD101,5,2720.52,1803.35,11799.25,10155.95,1643.3
ORD104022,2025-01-09,20250109,CUST1000,PRD101,3,2720.52,684.57,7476.99,6093.57,1383.42
ORD105869,2025-01-09,20250109,CUST1074,PRD122,3,1341.58,561.5,3463.24,2529.12,934.12
ORD100953,2025-01-09,20250109,CUST1178,PRD124,5,1557.69,555.35,7233.1,4677.4,2555.7
ORD101968,2025-01-09,20250109,CUST1084,PRD105,4,1128.05,135.94,4376.26,3319.0,1057.26
ORD100755,2025-01-09,20250109,CUST1232,PRD101,2,2720.52,699.71,4741.33,4062.38,678.95
ORD103213,2025-01-10,20250110,CUST1141,PRD116,5,6250.5,531.98,30720.52,22061.35,8659.17
ORD102801,2025-01-10,20250110,CUST1025,PRD127,4,2448.22,1257.21,8535.67,5357.72,3177.95
ORD101263,2025-01-10,20250110,CUST1041,PRD122,5,1341.58,461.19,6246.71,4215.2,2031.51
ORD106079,2025-01-10,20250110,CUST1011,PRD127,3,2448.22,96.92,7247.74,4018.29,3229.45
ORD105964,2025-01-10,20250110,CUST1123,PRD116,4,6250.5,1903.23,23098.77,17649.08,5449.69
ORD104558,2025-01-10,20250110,CUST1115,PRD113,1,2682.38,196.15,2486.23,1570.24,915.99
ORD100818,2025-01-10,20250110,CUST1017,PRD104,1,8667.94,369.81,8298.13,3100.53,5197.6
ORD101579,2025-01-10,20250110,CUST1013,PRD123,4,1667.88,957.28,5714.24,4879.76,834.48
ORD103994,2025-01-10,20250110,CUST1099,PRD107,5,14757.66,8023.23,65765.07,52616.9,13148.17
ORD101926,2025-01-11,20250111,CUST1203,PRD109,1,740.34,65.71,674.63,551.4,123.23
ORD106037,2025-01-11,20250111,CUST1032,PRD112,1,2391.88,221.63,2170.25,1620.17,550.08
ORD103476,2025-01-11,20250111,CUST1097,PRD101,4,2720.52,1596.13,9285.95,8124.76,1161.19
ORD105058,2025-01-11,20250111,CUST1068,PRD131,1,878.01,96.99,781.02,432.01,349.01
ORD104841,2025-01-11,20250111,CUST1238,PRD122,3,1341.58,189.72,3835.02,2529.12,1305.9
ORD101572,2025-01-11,20250111,CUST1165,PRD108,5,1410.45,888.7,6163.55,3815.1,2348.45
ORD101570,2025-01-11,20250111,CUST1029,PRD123,5,1667.88,147.53,8191.87,6099.7,2092.17
ORD102855,2025-01-12,20250112,CUST1119,PRD105,4,1128.05,307.3,4204.9,3319.0,885.9
ORD103126,2025-01-12,20250112,CUST1083,PRD124,2,1557.69,40.47,3074.91,1870.96,1203.95
ORD100877,2025-01-12,20250112,CUST1151,PRD130,5,555.04,275.11,2500.09,1623.5,876.59
ORD102472,2025-01-12,20250112,CUST1101,PRD131,3,878.01,44.33,2589.7,1296.03,1293.67
ORD104681,2025-01-12,20250112,CUST1245,PRD124,1,1557.69,36.19,1521.5,935.48,586.02
ORD100336,2025-01-12,20250112,CUST1204,PRD131,1,878.01,31.74,846.27,432.01,414.26
ORD105139,2025-01-12,20250112,CUST1217,PRD122,1,1341.58,74.9,1266.68,843.04,423.64
ORD103449,2025-01-12,20250112,CUST1019,PRD122,2,1341.58,129.91,2553.25,1686.08,867.17
ORD101363,2025-01-12,20250112,CUST1127,PRD130,2,555.04,161.15,948.93,649.4,299.53
ORD105441,2025-01-13,20250113,CUST1214,PRD122,2,1341.58,216.1,2467.06,1686.08,780.98
ORD103142,2025-01-13,20250113,CUST1117,PRD109,3,740.34,42.9,2178.12,1654.2,523.92
ORD103991,2025-01-13,20250113,CUST1082,PRD109,1,740.34,39.69,700.65,551.4,149.25
ORD100035,2025-01-13,20250113,CUST1243,PRD101,5,2720.52,718.5,12884.1,10155.95,2728.15
ORD104644,2025-01-13,20250113,CUST1109,PRD103,5,2340.88,1571.7,10132.7,6155.8,3976.9
ORD105234,2025-01-13,20250113,CUST1028,PRD131,5,878.01,95.37,4294.68,2160.05,2134.63
ORD101787,2025-01-13,20250113,CUST1059,PRD122,5,1341.58,376.74,6331.16,4215.2,2115.96
ORD103522,2025-01-13,20250113,CUST1248,PRD128,4,577.0,33.85,2274.15,1547.68,726.47
ORD104252,2025-01-13,20250113,CUST1093,PRD130,3,555.04,78.13,1586.99,974.1,612.89
ORD105343,2025-01-13,20250113,CUST1232,PRD131,4,878.01,399.94,3112.1,1728.04,1384.06
ORD105350,2025-01-14,20250114,CUST1106,PRD130,1,555.04,66.98,488.06,324.7,163.36
ORD104547,2025-01-14,20250114,CUST1166,PRD106,2,1484.26,254.19,2714.33,1839.12,875.21
ORD102819,2025-01-14,20250114,CUST1066,PRD124,2,1557.69,461.62,2653.76,1870.96,782.8
ORD106019,2025-01-14,20250114,CUST1024,PRD131,2,878.01,77.35,1678.67,864.02,814.65
ORD102702,2025-01-14,20250114,CUST1086,PRD103,3,2340.88,714.09,6308.55,3693.48,2615.07
ORD102146,2025-01-14,20250114,CUST1211,PRD131,3,878.01,216.67,2417.36,1296.03,1121.33
ORD101703,2025-01-14,20250114,CUST1001,PRD109,3,740.34,152.87,2068.15,1654.2,413.95
ORD100222,2025-01-14,20250114,CUST1163,PRD130,1,555.04,1.18,553.86,324.7,229.16
ORD105775,2025-01-14,20250114,CUST1068,PRD125,3,831.8,159.3,2336.1,1821.78,514.32
ORD105536,2025-01-14,20250114,CUST1032,PRD122,3,1341.58,151.2,3873.54,2529.12,1344.42
ORD105840,2025-01-14,20250114,CUST1227,PRD125,3,831.8,237.66,2257.74,1821.78,435.96
ORD100944,2025-01-14,20250114,CUST1083,PRD131,5,878.01,305.15,4084.9,2160.05,1924.85
ORD104466,2025-01-14,20250114,CUST1122,PRD130,3,555.04,185.35,1479.77,974.1,505.67
ORD105183,2025-01-14,20250114,CUST1102,PRD113,3,2682.38,1137.19,6909.95,4710.72,2199.23
ORD102071,2025-01-14,20250114,CUST1146,PRD119,1,1360.87,132.24,1228.63,809.06,419.57
ORD101869,2025-01-15,20250115,CUST1068,PRD122,2,1341.58,125.96,2557.2,1686.08,871.12
ORD105755,2025-01-15,20250115,CUST1066,PRD103,1,2340.88,178.35,2162.53,1231.16,931.37
ORD105843,2025-01-15,20250115,CUST1246,PRD131,2,878.01,76.16,1679.86,864.02,815.84
ORD102983,2025-01-15,20250115,CUST1223,PRD116,2,6250.5,405.89,12095.11,8824.54,3270.57
ORD104177,2025-01-15,20250115,CUST1029,PRD127,3,2448.22,437.94,6906.72,4018.29,2888.43
ORD100731,2025-01-15,20250115,CUST1046,PRD122,2,1341.58,239.83,2443.33,1686.08,757.25
ORD104486,2025-01-15,20250115,CUST1106,PRD131,1,878.01,29.61,848.4,432.01,416.39
ORD103276,2025-01-16,20250116,CUST1030,PRD125,3,831.8,73.22,2422.18,1821.78,600.4
ORD106031,2025-01-16,20250116,CUST1030,PRD105,3,1128.05,223.24,3160.91,2489.25,671.66
ORD101754,2025-01-16,20250116,CUST1019,PRD111,3,1653.05,347.29,4611.86,3647.46,964.4
ORD104259,2025-01-16,20250116,CUST1058,PRD130,5,555.04,410.09,2365.11,1623.5,741.61
ORD100479,2025-01-16,20250116,CUST1226,PRD124,5,1557.69,518.73,7269.72,4677.4,2592.32
ORD101477,2025-01-16,20250116,CUST1104,PRD108,2,1410.45,171.75,2649.15,1526.04,1123.11
ORD102739,2025-01-16,20250116,CUST1221,PRD116,5,6250.5,1027.61,30224.89,22061.35,8163.54
ORD100787,2025-01-16,20250116,CUST1013,PRD116,2,6250.5,883.55,11617.45,8824.54,2792.91
ORD102925,2025-01-16,20250116,CUST1215,PRD130,4,555.04,214.98,2005.18,1298.8,706.38
ORD102522,2025-01-16,20250116,CUST1222,PRD113,3,2682.38,777.94,7269.2,4710.72,2558.48
ORD102320,2025-01-16,20250116,CUST1113,PRD124,2,1557.69,211.79,2903.59,1870.96,1032.63
ORD100745,2025-01-16,20250116,CUST1051,PRD131,1,878.01,116.23,761.78,432.01,329.77
ORD100518,2025-01-16,20250116,CUST1155,PRD123,2,1667.88,291.17,3044.59,2439.88,604.71
ORD102408,2025-01-16,20250116,CUST1019,PRD131,2,878.01,212.51,1543.51,864.02,679.49
ORD105368,2025-01-17,20250117,CUST1087,PRD109,4,740.34,415.33,2546.03,2205.6,340.43
ORD103318,2025-01-17,20250117,CUST1109,PRD131,5,878.01,117.95,4272.1,2160.05,2112.05
ORD105712,2025-01-17,20250117,CUST1056,PRD116,3,6250.5,2129.91,16621.59,13236.81,3384.78
ORD101288,2025-01-17,20250117,CUST1033,PRD124,1,1557.69,52.16,1505.53,935.48,570.05
ORD105118,2025-01-17,20250117,CUST1182,PRD124,3,1557.69,255.84,4417.23,2806.44,1610.79
ORD101816,2025-01-17,20250117,CUST1026,PRD101,5,2720.52,547.37,13055.23,10155.95,2899.28
ORD105648,2025-01-17,20250117,CUST1114,PRD124,5,1557.69,129.56,7658.89,4677.4,2981.49
ORD105141,2025-01-17,20250117,CUST1204,PRD110,5,1138.64,551.62,5141.58,2593.75,2547.83
ORD105900,2025-01-17,20250117,CUST1053,PRD131,4,878.01,366.76,3145.28,1728.04,1417.24
ORD105781,2025-01-17,20250117,CUST1084,PRD128,2,577.0,105.88,1048.12,773.84,274.28
ORD103359,2025-01-17,20250117,CUST1035,PRD127,5,2448.22,1308.47,10932.63,6697.15,4235.48
ORD104284,2025-01-17,20250117,CUST1020,PRD125,1,831.8,96.66,735.14,607.26,127.88
ORD105622,2025-01-17,20250117,CUST1145,PRD105,5,1128.05,439.89,5200.36,4148.75,1051.61
ORD103188,2025-01-18,20250118,CUST1129,PRD124,3,1557.69,353.96,4319.11,2806.44,1512.67
ORD103356,2025-01-18,20250118,CUST1221,PRD115,5,2955.79,893.98,13884.97,7745.9,6139.07
ORD103943,2025-01-18,20250118,CUST1075,PRD103,2,2340.88,194.21,4487.55,2462.32,2025.23
ORD105836,2025-01-18,20250118,CUST1164,PRD105,3,1128.05,95.81,3288.34,2489.25,799.09
ORD102351,2025-01-18,20250118,CUST1246,PRD123,5,1667.88,490.94,7848.46,6099.7,1748.76
ORD104954,2025-01-18,20250118,CUST1216,PRD131,3,878.01,320.33,2313.7,1296.03,1017.67
ORD100528,2025-01-18,20250118,CUST1048,PRD115,1,2955.79,255.18,2700.61,1549.18,1151.43
ORD101404,2025-01-18,20250118,CUST1107,PRD110,3,1138.64,460.63,2955.29,1556.25,1399.04
ORD104171,2025-01-18,20250118,CUST1156,PRD109,3,740.34,205.72,2015.3,1654.2,361.1
ORD105710,2025-01-18,20250118,CUST1041,PRD131,1,878.01,80.02,797.99,432.01,365.98
ORD105589,2025-01-19,20250119,CUST1036,PRD125,3,831.8,122.58,2372.82,1821.78,551.04
ORD105741,2025-01-19,20250119,CUST1204,PRD110,3,1138.64,448.67,2967.25,1556.25,1411.0
ORD102198,2025-01-19,20250119,CUST1075,PRD122,1,1341.58,159.7,1181.88,843.04,338.84
ORD103186,2025-01-19,20250119,CUST1154,PRD124,5,1557.69,666.72,7121.73,4677.4,2444.33
ORD100634,2025-01-19,20250119,CUST1042,PRD130,1,555.04,41.69,513.35,324.7,188.65
ORD104199,2025-01-19,20250119,CUST1154,PRD116,2,6250.5,1627.45,10873.55,8824.54,2049.01
ORD100557,2025-01-19,20250119,CUST1140,PRD122,3,1341.58,79.81,3944.93,2529.12,1415.81
ORD102802,2025-01-19,20250119,CUST1129,PRD113,3,2682.38,648.07,7399.07,4710.72,2688.35
ORD103120,2025-01-19,20250119,CUST1180,PRD131,2,878.01,250.74,1505.28,864.02,641.26
ORD100130,2025-01-19,20250119,CUST1143,PRD108,1,1410.45,36.65,1373.8,763.02,610.78
ORD101673,2025-01-20,20250120,CUST1087,PRD105,1,1128.05,77.92,1050.13,829.75,220.38
ORD106089,2025-01-20,20250120,CUST1139,PRD101,2,2720.52,683.97,4757.07,4062.38,694.69
ORD103246,2025-01-20,20250120,CUST1127,PRD116,5,6250.5,101.84,31150.66,22061.35,9089.31
ORD104235,2025-01-20,20250120,CUST1070,PRD131,4,878.01,469.45,3042.59,1728.04,1314.55
ORD105169,2025-01-20,20250120,CUST1168,PRD103,1,2340.88,37.35,2303.53,1231.16,1072.37
ORD103216,2025-01-20,20250120,CUST1097,PRD131,4,878.01,102.75,3409.29,1728.04,1681.25
ORD101310,2025-01-20,20250120,CUST1144,PRD105,5,1128.05,772.91,4867.34,4148.75,718.59
ORD101632,2025-01-20,20250120,CUST1019,PRD130,5,555.04,394.11,2381.09,1623.5,757.59
ORD106136,2025-01-20,20250120,CUST1111,PRD131,1,878.01,44.35,833.66,432.01,401.65
ORD102585,2025-01-20,20250120,CUST1075,PRD122,3,1341.58,50.41,3974.33,2529.12,1445.21
ORD104485,2025-01-20,20250120,CUST1249,PRD103,5,2340.88,1292.54,10411.86,6155.8,4256.06
ORD102944,2025-01-20,20250120,CUST1012,PRD110,4,1138.64,56.32,4498.24,2075.0,2423.24
ORD102678,2025-01-20,20250120,CUST1225,PRD116,1,6250.5,628.82,5621.68,4412.27,1209.41
ORD101466,2025-01-20,20250120,CUST1042,PRD131,3,878.01,216.54,2417.49,1296.03,1121.46
ORD102606,2025-01-20,20250120,CUST1162,PRD110,2,1138.64,184.7,2092.58,1037.5,1055.08
ORD104281,2025-01-20,20250120,CUST1054,PRD101,4,2720.52,545.28,10336.8,8124.76,2212.04
ORD102068,2025-01-20,20250120,CUST1080,PRD126,1,2373.84,135.25,2238.59,1650.85,587.74
ORD104959,2025-01-20,20250120,CUST1010,PRD116,2,6250.5,325.26,12175.74,8824.54,3351.2
ORD101563,2025-01-21,20250121,CUST1133,PRD116,2,6250.5,1134.36,11366.64,8824.54,2542.1
ORD105761,2025-01-21,20250121,CUST1049,PRD122,1,1341.58,34.72,1306.86,843.04,463.82
ORD105061,2025-01-21,20250121,CUST1087,PRD101,1,2720.52,117.8,2602.72,2031.19,571.53
ORD104324,2025-01-21,20250121,CUST1247,PRD122,2,1341.58,288.4,2394.76,1686.08,708.68
ORD101641,2025-01-21,20250121,CUST1208,PRD131,2,878.01,130.78,1625.24,864.02,761.22
ORD104437,2025-01-21,20250121,CUST1182,PRD125,1,831.8,23.63,808.17,607.26,200.91
ORD103388,2025-01-21,20250121,CUST1036,PRD131,1,878.01,51.32,826.69,432.01,394.68
ORD101028,2025-01-21,20250121,CUST1131,PRD125,5,831.8,162.56,3996.44,3036.3,960.14
ORD105638,2025-01-21,20250121,CUST1088,PRD130,2,555.04,150.83,959.25,649.4,309.85
ORD103622,2025-01-21,20250121,CUST1085,PRD127,5,2448.22,537.43,11703.67,6697.15,5006.52
ORD100070,2025-01-21,20250121,CUST1095,PRD124,4,1557.69,315.47,5915.29,3741.92,2173.37
ORD105963,2025-01-22,20250122,CUST1242,PRD131,1,878.01,49.94,828.07,432.01,396.06
ORD100462,2025-01-22,20250122,CUST1223,PRD111,4,1653.05,956.52,5655.68,4863.28,792.4
ORD105160,2025-01-22,20250122,CUST1227,PRD131,1,878.01,33.46,844.55,432.01,412.54
ORD106081,2025-01-22,20250122,CUST1234,PRD125,2,831.8,207.98,1455.62,1214.52,241.1
ORD103157,2025-01-22,20250122,CUST1138,PRD120,3,11941.0,1710.27,34112.73,20903.22,13209.51
ORD102008,2025-01-22,20250122,CUST1038,PRD131,4,878.01,320.4,3191.64,1728.04,1463.6
ORD105925,2025-01-22,20250122,CUST1144,PRD127,3,2448.22,863.13,6481.53,4018.29,2463.24
ORD106005,2025-01-22,20250122,CUST1097,PRD101,3,2720.52,588.86,7572.7,6093.57,1479.13
ORD100039,2025-01-22,20250122,CUST1116,PRD128,3,577.0,121.97,1609.03,1160.76,448.27
ORD101920,2025-01-22,20250122,CUST1042,PRD122,4,1341.58,70.55,5295.77,3372.16,1923.61
ORD105780,2025-01-22,20250122,CUST1108,PRD106,4,1484.26,752.67,5184.37,3678.24,1506.13
ORD100943,2025-01-23,20250123,CUST1049,PRD122,3,1341.58,482.01,3542.73,2529.12,1013.61
ORD100071,2025-01-23,20250123,CUST1000,PRD125,3,831.8,353.77,2141.63,1821.78,319.85
ORD102115,2025-01-23,20250123,CUST1170,PRD130,2,555.04,25.3,1084.78,649.4,435.38
ORD100148,2025-01-23,20250123,CUST1243,PRD122,1,1341.58,13.78,1327.8,843.04,484.76
ORD101428,2025-01-23,20250123,CUST1225,PRD124,5,1557.69,649.89,7138.56,4677.4,2461.16
ORD105932,2025-01-23,20250123,CUST1009,PRD125,2,831.8,30.83,1632.77,1214.52,418.25
ORD105206,2025-01-23,20250123,CUST1099,PRD101,4,2720.52,1040.86,9841.22,8124.76,1716.46
ORD103723,2025-01-23,20250123,CUST1081,PRD113,1,2682.38,145.52,2536.86,1570.24,966.62
ORD104125,2025-01-23,20250123,CUST1189,PRD131,5,878.01,628.24,3761.81,2160.05,1601.76
ORD100097,2025-01-23,20250123,CUST1140,PRD108,2,1410.45,84.5,2736.4,1526.04,1210.36
ORD100022,2025-01-23,20250123,CUST1020,PRD131,5,878.01,441.62,3948.43,2160.05,1788.38
ORD101676,2025-01-24,20250124,CUST1205,PRD131,4,878.01,285.0,3227.04,1728.04,1499.0
ORD101783,2025-01-24,20250124,CUST1244,PRD131,5,878.01,625.95,3764.1,2160.05,1604.05
ORD105800,2025-01-24,20250124,CUST1235,PRD101,4,2720.52,1410.85,9471.23,8124.76,1346.47
ORD105509,2025-01-24,20250124,CUST1172,PRD115,1,2955.79,413.19,2542.6,1549.18,993.42
ORD102760,2025-01-24,20250124,CUST1157,PRD131,5,878.01,397.31,3992.74,2160.05,1832.69
ORD103450,2025-01-24,20250124,CUST1044,PRD109,5,740.34,328.36,3373.34,2757.0,616.34
ORD105389,2025-01-24,20250124,CUST1188,PRD116,1,6250.5,150.34,6100.16,4412.27,1687.89
ORD105299,2025-01-24,20250124,CUST1200,PRD127,4,2448.22,716.64,9076.24,5357.72,3718.52
ORD102073,2025-01-24,20250124,CUST1183,PRD125,4,831.8,413.74,2913.46,2429.04,484.42
ORD104069,2025-01-24,20250124,CUST1081,PRD131,1,878.01,125.72,752.29,432.01,320.28
ORD101005,2025-01-24,20250124,CUST1236,PRD122,4,1341.58,280.32,5086.0,3372.16,1713.84
ORD100632,2025-01-24,20250124,CUST1008,PRD116,2,6250.5,15.93,12485.07,8824.54,3660.53
ORD103179,2025-01-24,20250124,CUST1138,PRD116,4,6250.5,970.5,24031.5,17649.08,6382.42
ORD103096,2025-01-24,20250124,CUST1211,PRD127,1,2448.22,87.17,2361.05,1339.43,1021.62
ORD102591,2025-01-25,20250125,CUST1195,PRD103,1,2340.88,340.85,2000.03,1231.16,768.87
ORD103250,2025-01-25,20250125,CUST1156,PRD131,5,878.01,627.85,3762.2,2160.05,1602.15
ORD100021,2025-01-25,20250125,CUST1167,PRD116,4,6250.5,3314.16,21687.84,17649.08,4038.76
ORD105259,2025-01-25,20250125,CUST1209,PRD124,4,1557.69,350.62,5880.14,3741.92,2138.22
ORD104694,2025-01-25,20250125,CUST1037,PRD111,5,1653.05,166.72,8098.53,6079.1,2019.43
ORD103610,2025-01-25,20250125,CUST1013,PRD125,3,831.8,160.37,2335.03,1821.78,513.25
ORD105868,2025-01-25,20250125,CUST1028,PRD131,3,878.01,209.18,2424.85,1296.03,1128.82
ORD103164,2025-01-25,20250125,CUST1234,PRD115,1,2955.79,140.81,2814.98,1549.18,1265.8
ORD102311,2025-01-25,20250125,CUST1028,PRD122,5,1341.58,510.23,6197.67,4215.2,1982.47
ORD100777,2025-01-25,20250125,CUST1092,PRD103,1,2340.88,1.06,2339.82,1231.16,1108.66
ORD106113,2025-01-25,20250125,CUST1173,PRD125,2,831.8,134.91,1528.69,1214.52,314.17
ORD100375,2025-01-25,20250125,CUST1095,PRD131,4,878.01,158.23,3353.81,1728.04,1625.77
ORD104553,2025-01-26,20250126,CUST1240,PRD124,5,1557.69,565.66,7222.79,4677.4,2545.39
ORD104729,2025-01-26,20250126,CUST1034,PRD127,5,2448.22,1709.04,10532.06,6697.15,3834.91
ORD105470,2025-01-26,20250126,CUST1001,PRD122,2,1341.58,94.65,2588.51,1686.08,902.43
ORD100803,2025-01-26,20250126,CUST1139,PRD105,3,1128.05,15.53,3368.62,2489.25,879.37
ORD103343,2025-01-26,20250126,CUST1045,PRD131,4,878.01,425.97,3086.07,1728.04,1358.03
ORD103935,2025-01-27,20250127,CUST1162,PRD125,3,831.8,139.99,2355.41,1821.78,533.63
ORD105584,2025-01-27,20250127,CUST1002,PRD125,1,831.8,76.96,754.84,607.26,147.58
ORD103022,2025-01-27,20250127,CUST1166,PRD103,2,2340.88,32.21,4649.55,2462.32,2187.23
ORD100894,2025-01-27,20250127,CUST1181,PRD125,4,831.8,188.24,3138.96,2429.04,709.92
ORD103389,2025-01-27,20250127,CUST1243,PRD131,2,878.01,164.38,1591.64,864.02,727.62
ORD100688,2025-01-27,20250127,CUST1078,PRD110,5,1138.64,171.94,5521.26,2593.75,2927.51
ORD105199,2025-01-27,20250127,CUST1124,PRD103,2,2340.88,574.6,4107.16,2462.32,1644.84
ORD100041,2025-01-27,20250127,CUST1151,PRD113,1,2682.38,317.79,2364.59,1570.24,794.35
ORD102672,2025-01-27,20250127,CUST1248,PRD131,3,878.01,288.75,2345.28,1296.03,1049.25
ORD105817,2025-01-27,20250127,CUST1001,PRD127,1,2448.22,190.23,2257.99,1339.43,918.56
ORD102599,2025-01-27,20250127,CUST1026,PRD120,4,11941.0,4881.84,42882.16,27870.96,15011.2
ORD104812,2025-01-28,20250128,CUST1008,PRD122,3,1341.58,437.1,3587.64,2529.12,1058.52
ORD104302,2025-01-28,20250128,CUST1075,PRD124,5,1557.69,710.59,7077.86,4677.4,2400.46
ORD105015,2025-01-28,20250128,CUST1168,PRD127,1,2448.22,202.45,2245.77,1339.43,906.34
ORD105798,2025-01-28,20250128,CUST1051,PRD109,2,740.34,53.26,1427.42,1102.8,324.62
ORD101295,2025-01-28,20250128,CUST1100,PRD124,1,1557.69,80.6,1477.09,935.48,541.61
ORD100396,2025-01-28,20250128,CUST1107,PRD127,5,2448.22,524.5,11716.6,6697.15,5019.45
ORD100408,2025-01-28,20250128,CUST1051,PRD122,2,1341.58,88.1,2595.06,1686.08,908.98
ORD101255,2025-01-28,20250128,CUST1032,PRD131,5,878.01,644.49,3745.56,2160.05,1585.51
ORD102328,2025-01-28,20250128,CUST1208,PRD130,3,555.04,144.29,1520.83,974.1,546.73
ORD101402,2025-01-28,20250128,CUST1112,PRD113,1,2682.38,94.48,2587.9,1570.24,1017.66
ORD101591,2025-01-28,20250128,CUST1212,PRD131,4,878.01,271.57,3240.47,1728.04,1512.43
ORD103508,2025-01-28,20250128,CUST1005,PRD123,1,1667.88,101.39,1566.49,1219.94,346.55
ORD100228,2025-01-29,20250129,CUST1226,PRD101,2,2720.52,491.83,4949.21,4062.38,886.83
ORD105275,2025-01-29,20250129,CUST1100,PRD131,5,878.01,605.1,3784.95,2160.05,1624.9
ORD105365,2025-01-29,20250129,CUST1072,PRD131,5,878.01,273.23,4116.82,2160.05,1956.77
ORD103825,2025-01-29,20250129,CUST1154,PRD131,5,878.01,291.02,4099.03,2160.05,1938.98
ORD103745,2025-01-29,20250129,CUST1221,PRD110,2,1138.64,254.35,2022.93,1037.5,985.43
ORD101087,2025-01-29,20250129,CUST1009,PRD124,4,1557.69,783.35,5447.41,3741.92,1705.49
ORD102651,2025-01-29,20250129,CUST1070,PRD131,3,878.01,6.48,2627.55,1296.03,1331.52
ORD106072,2025-01-29,20250129,CUST1099,PRD131,3,878.01,208.42,2425.61,1296.03,1129.58
ORD103972,2025-01-29,20250129,CUST1190,PRD131,2,878.01,242.5,1513.52,864.02,649.5
ORD102593,2025-01-29,20250129,CUST1240,PRD110,5,1138.64,62.39,5630.81,2593.75,3037.06
ORD104300,2025-01-29,20250129,CUST1020,PRD111,4,1653.05,587.56,6024.64,4863.28,1161.36
ORD103234,2025-01-29,20250129,CUST1005,PRD110,4,1138.64,300.24,4254.32,2075.0,2179.32
ORD103229,2025-01-29,20250129,CUST1087,PRD122,5,1341.58,472.62,6235.28,4215.2,2020.08
ORD105657,2025-01-29,20250129,CUST1228,PRD131,3,878.01,8.19,2625.84,1296.03,1329.81
ORD104720,2025-01-29,20250129,CUST1026,PRD111,3,1653.05,129.02,4830.13,3647.46,1182.67
ORD101291,2025-01-30,20250130,CUST1057,PRD109,5,740.34,328.31,3373.39,2757.0,616.39
ORD101897,2025-01-30,20250130,CUST1183,PRD131,5,878.01,509.41,3880.64,2160.05,1720.59
ORD100828,2025-01-30,20250130,CUST1239,PRD103,4,2340.88,1233.0,8130.52,4924.64,3205.88
ORD105973,2025-01-30,20250130,CUST1206,PRD124,5,1557.69,845.64,6942.81,4677.4,2265.41
ORD101554,2025-01-30,20250130,CUST1216,PRD131,2,878.01,257.4,1498.62,864.02,634.6
ORD103886,2025-01-30,20250130,CUST1058,PRD110,5,1138.64,259.14,5434.06,2593.75,2840.31
ORD100920,2025-01-30,20250130,CUST1008,PRD129,4,372.05,156.74,1331.46,914.2,417.26
ORD104527,2025-01-30,20250130,CUST1197,PRD131,5,878.01,326.05,4064.0,2160.05,1903.95
ORD100208,2025-01-31,20250131,CUST1137,PRD113,4,2682.38,1363.29,9366.23,6280.96,3085.27
ORD103537,2025-01-31,20250131,CUST1229,PRD125,4,831.8,43.62,3283.58,2429.04,854.54
ORD101849,2025-01-31,20250131,CUST1231,PRD122,4,1341.58,696.71,4669.61,3372.16,1297.45
ORD101889,2025-01-31,20250131,CUST1146,PRD131,1,878.01,21.35,856.66,432.01,424.65
ORD104482,2025-02-01,20250201,CUST1081,PRD124,2,1557.69,89.0,3026.38,1870.96,1155.42
ORD102300,2025-02-01,20250201,CUST1051,PRD131,2,878.01,70.27,1685.75,864.02,821.73
ORD101749,2025-02-01,20250201,CUST1062,PRD109,5,740.34,172.35,3529.35,2757.0,772.35
ORD105637,2025-02-01,20250201,CUST1013,PRD116,4,6250.5,2301.6,22700.4,17649.08,5051.32
ORD102981,2025-02-01,20250201,CUST1175,PRD116,1,6250.5,642.2,5608.3,4412.27,1196.03
ORD104526,2025-02-01,20250201,CUST1222,PRD124,1,1557.69,52.94,1504.75,935.48,569.27
ORD104856,2025-02-01,20250201,CUST1067,PRD124,4,1557.69,641.33,5589.43,3741.92,1847.51
ORD100402,2025-02-02,20250202,CUST1233,PRD116,3,6250.5,981.72,17769.78,13236.81,4532.97
ORD105714,2025-02-02,20250202,CUST1084,PRD101,2,2720.52,610.53,4830.51,4062.38,768.13
ORD100839,2025-02-02,20250202,CUST1154,PRD126,3,2373.84,347.61,6773.91,4952.55,1821.36
ORD105696,2025-02-02,20250202,CUST1176,PRD110,2,1138.64,112.16,2165.12,1037.5,1127.62
ORD100785,2025-02-02,20250202,CUST1098,PRD124,4,1557.69,44.69,6186.07,3741.92,2444.15
ORD105152,2025-02-02,20250202,CUST1187,PRD109,4,740.34,148.32,2813.04,2205.6,607.44
ORD101820,2025-02-02,20250202,CUST1087,PRD113,2,2682.38,129.81,5234.95,3140.48,2094.47
ORD100226,2025-02-02,20250202,CUST1238,PRD131,5,878.01,322.44,4067.61,2160.05,1907.56
ORD105019,2025-02-02,20250202,CUST1000,PRD124,4,1557.69,675.39,5555.37,3741.92,1813.45
ORD105475,2025-02-03,20250203,CUST1211,PRD125,3,831.8,19.1,2476.3,1821.78,654.52
ORD101957,2025-02-03,20250203,CUST1195,PRD131,5,878.01,24.88,4365.17,2160.05,2205.12
ORD103306,2025-02-03,20250203,CUST1127,PRD131,4,878.01,315.92,3196.12,1728.04,1468.08
ORD100209,2025-02-03,20250203,CUST1103,PRD125,5,831.8,278.71,3880.29,3036.3,843.99
ORD105170,2025-02-03,20250203,CUST1105,PRD125,3,831.8,89.18,2406.22,1821.78,584.44
ORD105369,2025-02-03,20250203,CUST1112,PRD108,4,1410.45,360.08,5281.72,3052.08,2229.64
ORD105653,2025-02-03,20250203,CUST1113,PRD112,1,2391.88,301.75,2090.13,1620.17,469.96
ORD104126,2025-02-03,20250203,CUST1053,PRD116,2,6250.5,830.62,11670.38,8824.54,2845.84
ORD103750,2025-02-03,20250203,CUST1237,PRD131,2,878.01,62.51,1693.51,864.02,829.49
ORD105588,2025-02-03,20250203,CUST1206,PRD127,2,2448.22,181.75,4714.69,2678.86,2035.83
ORD101412,2025-02-04,20250204,CUST1026,PRD113,5,2682.38,1131.46,12280.44,7851.2,4429.24
ORD105465,2025-02-04,20250204,CUST1160,PRD131,2,878.01,256.99,1499.03,864.02,635.01
ORD105017,2025-02-04,20250204,CUST1051,PRD116,3,6250.5,1996.47,16755.03,13236.81,3518.22
ORD105286,2025-02-04,20250204,CUST1018,PRD116,5,6250.5,1867.17,29385.33,22061.35,7323.98
ORD105553,2025-02-04,20250204,CUST1169,PRD130,4,555.04,150.22,2069.94,1298.8,771.14
ORD103397,2025-02-04,20250204,CUST1245,PRD131,5,878.01,408.24,3981.81,2160.05,1821.76
ORD106155,2025-02-04,20250204,CUST1216,PRD113,1,2682.38,239.22,2443.16,1570.24,872.92
ORD102491,2025-02-04,20250204,CUST1237,PRD120,2,11941.0,1890.09,21991.91,13935.48,8056.43
ORD101985,2025-02-04,20250204,CUST1092,PRD113,5,2682.38,1662.41,11749.49,7851.2,3898.29
ORD101715,2025-02-04,20250204,CUST1181,PRD113,4,2682.38,608.54,10120.98,6280.96,3840.02
ORD103579,2025-02-05,20250205,CUST1139,PRD110,1,1138.64,4.19,1134.45,518.75,615.7
ORD103589,2025-02-05,20250205,CUST1064,PRD125,1,831.8,84.9,746.9,607.26,139.64
ORD102780,2025-02-05,20250205,CUST1122,PRD113,1,2682.38,95.05,2587.33,1570.24,1017.09
ORD105855,2025-02-06,20250206,CUST1035,PRD130,1,555.04,12.32,542.72,324.7,218.02
ORD104148,2025-02-06,20250206,CUST1215,PRD101,5,2720.52,1386.23,12216.37,10155.95,2060.42
ORD102182,2025-02-06,20250206,CUST1247,PRD131,5,878.01,202.92,4187.13,2160.05,2027.08
ORD105736,2025-02-06,20250206,CUST1154,PRD131,1,878.01,100.37,777.64,432.01,345.63
ORD102266,2025-02-06,20250206,CUST1201,PRD113,4,2682.38,1514.49,9215.03,6280.96,2934.07
ORD100457,2025-02-06,20250206,CUST1110,PRD127,5,2448.22,1430.7,10810.4,6697.15,4113.25
ORD105753,2025-02-07,20250207,CUST1073,PRD124,5,1557.69,1101.73,6686.72,4677.4,2009.32
ORD105374,2025-02-07,20250207,CUST1190,PRD113,5,2682.38,1889.26,11522.64,7851.2,3671.44
ORD101120,2025-02-07,20250207,CUST1128,PRD103,4,2340.88,1224.18,8139.34,4924.64,3214.7
ORD103152,2025-02-07,20250207,CUST1112,PRD120,4,11941.0,4472.04,43291.96,27870.96,15421.0
ORD100326,2025-02-07,20250207,CUST1233,PRD109,2,740.34,210.3,1270.38,1102.8,167.58
ORD105526,2025-02-07,20250207,CUST1057,PRD109,1,740.34,8.81,731.53,551.4,180.13
ORD105179,2025-02-07,20250207,CUST1213,PRD131,4,878.01,181.54,3330.5,1728.04,1602.46
ORD105875,2025-02-07,20250207,CUST1189,PRD113,2,2682.38,585.55,4779.21,3140.48,1638.73
ORD105801,2025-02-07,20250207,CUST1222,PRD109,1,740.34,58.78,681.56,551.4,130.16
ORD101683,2025-02-08,20250208,CUST1130,PRD125,5,831.8,298.24,3860.76,3036.3,824.46
ORD103926,2025-02-08,20250208,CUST1058,PRD103,1,2340.88,79.82,2261.06,1231.16,1029.9
ORD105606,2025-02-08,20250208,CUST1225,PRD127,4,2448.22,858.3,8934.58,5357.72,3576.86
ORD105482,2025-02-08,20250208,CUST1037,PRD103,2,2340.88,457.46,4224.3,2462.32,1761.98
ORD105300,2025-02-08,20250208,CUST1006,PRD122,3,1341.58,153.17,3871.57,2529.12,1342.45
ORD102047,2025-02-08,20250208,CUST1150,PRD125,4,831.8,3.7,3323.5,2429.04,894.46
ORD105431,2025-02-08,20250208,CUST1043,PRD103,5,2340.88,1035.89,10668.51,6155.8,4512.71
ORD106115,2025-02-09,20250209,CUST1071,PRD105,3,1128.05,344.41,3039.74,2489.25,550.49
ORD103464,2025-02-09,20250209,CUST1206,PRD113,1,2682.38,215.27,2467.11,1570.24,896.87
ORD101519,2025-02-09,20250209,CUST1207,PRD123,3,1667.88,670.83,4332.81,3659.82,672.99
ORD103149,2025-02-09,20250209,CUST1052,PRD115,3,2955.79,1100.02,7767.35,4647.54,3119.81
ORD105089,2025-02-09,20250209,CUST1098,PRD124,5,1557.69,492.13,7296.32,4677.4,2618.92
ORD104064,2025-02-09,20250209,CUST1136,PRD109,1,740.34,103.34,637.0,551.4,85.6
ORD105672,2025-02-09,20250209,CUST1247,PRD113,2,2682.38,134.85,5229.91,3140.48,2089.43
ORD102572,2025-02-09,20250209,CUST1049,PRD112,5,2391.88,810.36,11149.04,8100.85,3048.19
ORD100615,2025-02-09,20250209,CUST1085,PRD130,2,555.04,59.65,1050.43,649.4,401.03
ORD105865,2025-02-10,20250210,CUST1052,PRD131,4,878.01,401.79,3110.25,1728.04,1382.21
ORD100132,2025-02-10,20250210,CUST1191,PRD113,2,2682.38,178.08,5186.68,3140.48,2046.2
ORD105294,2025-02-10,20250210,CUST1095,PRD103,2,2340.88,389.34,4292.42,2462.32,1830.1
ORD105410,2025-02-10,20250210,CUST1024,PRD131,4,878.01,267.42,3244.62,1728.04,1516.58
ORD102355,2025-02-10,20250210,CUST1233,PRD131,5,878.01,400.18,3989.87,2160.05,1829.82
ORD103125,2025-02-10,20250210,CUST1049,PRD110,2,1138.64,89.61,2187.67,1037.5,1150.17
ORD102586,2025-02-10,20250210,CUST1203,PRD113,4,2682.38,781.26,9948.26,6280.96,3667.3
ORD102465,2025-02-10,20250210,CUST1070,PRD108,4,1410.45,265.22,5376.58,3052.08,2324.5
ORD106088,2025-02-10,20250210,CUST1103,PRD106,2,1484.26,201.05,2767.47,1839.12,928.35
ORD104251,2025-02-11,20250211,CUST1054,PRD108,3,1410.45,605.74,3625.61,2289.06,1336.55
ORD103367,2025-02-11,20250211,CUST1029,PRD130,2,555.04,91.0,1019.08,649.4,369.68
ORD105845,2025-02-11,20250211,CUST1199,PRD125,5,831.8,480.75,3678.25,3036.3,641.95
ORD102870,2025-02-11,20250211,CUST1214,PRD105,1,1128.05,129.7,998.35,829.75,168.6
ORD105269,2025-02-11,20250211,CUST1126,PRD109,1,740.34,76.24,664.1,551.4,112.7
ORD105723,2025-02-11,20250211,CUST1035,PRD122,4,1341.58,410.56,4955.76,3372.16,1583.6
ORD101147,2025-02-11,20250211,CUST1017,PRD124,2,1557.69,323.65,2791.73,1870.96,920.77
ORD105531,2025-02-12,20250212,CUST1072,PRD124,5,1557.69,789.94,6998.51,4677.4,2321.11
ORD104371,2025-02-12,20250212,CUST1080,PRD115,1,2955.79,36.74,2919.05,1549.18,1369.87
ORD105867,2025-02-12,20250212,CUST1215,PRD131,4,878.01,463.81,3048.23,1728.04,1320.19
ORD103275,2025-02-12,20250212,CUST1158,PRD110,3,1138.64,184.42,3231.5,1556.25,1675.25
ORD105597,2025-02-12,20250212,CUST1083,PRD105,5,1128.05,87.86,5552.39,4148.75,1403.64
ORD105197,2025-02-13,20250213,CUST1209,PRD131,2,878.01,172.92,1583.1,864.02,719.08
ORD105726,2025-02-13,20250213,CUST1195,PRD120,2,11941.0,2291.29,21590.71,13935.48,7655.23
ORD104209,2025-02-13,20250213,CUST1231,PRD105,3,1128.05,44.12,3340.03,2489.25,850.78
ORD104669,2025-02-13,20250213,CUST1219,PRD120,3,11941.0,3415.37,32407.63,20903.22,11504.41
ORD101531,2025-02-13,20250213,CUST1230,PRD105,5,1128.05,215.66,5424.59,4148.75,1275.84
ORD105261,2025-02-13,20250213,CUST1208,PRD125,2,831.8,95.55,1568.05,1214.52,353.53
ORD105958,2025-02-14,20250214,CUST1107,PRD131,4,878.01,225.3,3286.74,1728.04,1558.7
ORD102334,2025-02-14,20250214,CUST1225,PRD103,5,2340.88,1588.38,10116.02,6155.8,3960.22
ORD100475,2025-02-14,20250214,CUST1138,PRD116,1,6250.5,197.18,6053.32,4412.27,1641.05
ORD104254,2025-02-14,20250214,CUST1117,PRD127,5,2448.22,854.72,11386.38,6697.15,4689.23
ORD101018,2025-02-15,20250215,CUST1241,PRD109,5,740.34,212.11,3489.59,2757.0,732.59
ORD105922,2025-02-15,20250215,CUST1075,PRD122,3,1341.58,89.53,3935.21,2529.12,1406.09
ORD103424,2025-02-15,20250215,CUST1017,PRD131,2,878.01,111.55,1644.47,864.02,780.45
ORD103834,2025-02-15,20250215,CUST1090,PRD131,5,878.01,540.37,3849.68,2160.05,1689.63
ORD104422,2025-02-15,20250215,CUST1119,PRD131,2,878.01,110.71,1645.31,864.02,781.29
ORD101385,2025-02-15,20250215,CUST1229,PRD123,1,1667.88,53.87,1614.01,1219.94,394.07
ORD104972,2025-02-15,20250215,CUST1069,PRD111,4,1653.05,327.69,6284.51,4863.28,1421.23
ORD104334,2025-02-15,20250215,CUST1062,PRD115,1,2955.79,147.76,2808.03,1549.18,1258.85
ORD104853,2025-02-15,20250215,CUST1071,PRD103,3,2340.88,497.78,6524.86,3693.48,2831.38
ORD103481,2025-02-15,20250215,CUST1179,PRD131,2,878.01,139.46,1616.56,864.02,752.54
ORD102019,2025-02-15,20250215,CUST1160,PRD122,3,1341.58,152.31,3872.43,2529.12,1343.31
ORD104172,2025-02-15,20250215,CUST1121,PRD131,5,878.01,229.24,4160.81,2160.05,2000.76
ORD106059,2025-02-15,20250215,CUST1166,PRD113,4,2682.38,1383.44,9346.08,6280.96,3065.12
ORD105600,2025-02-15,20250215,CUST1097,PRD131,3,878.01,71.01,2563.02,1296.03,1266.99
ORD105302,2025-02-15,20250215,CUST1141,PRD131,5,878.01,406.79,3983.26,2160.05,1823.21
ORD100657,2025-02-15,20250215,CUST1119,PRD103,1,2340.88,106.7,2234.18,1231.16,1003.02
ORD105092,2025-02-16,20250216,CUST1059,PRD131,4,878.01,188.67,3323.37,1728.04,1595.33
ORD105590,2025-02-16,20250216,CUST1000,PRD131,4,878.01,213.72,3298.32,1728.04,1570.28
ORD104212,2025-02-16,20250216,CUST1064,PRD124,2,1557.69,169.22,2946.16,1870.96,1075.2
ORD104208,2025-02-16,20250216,CUST1001,PRD116,3,6250.5,2076.61,16674.89,13236.81,3438.08
ORD105897,2025-02-16,20250216,CUST1044,PRD125,5,831.8,236.49,3922.51,3036.3,886.21
ORD100708,2025-02-16,20250216,CUST1046,PRD103,3,2340.88,336.31,6686.33,3693.48,2992.85
ORD104997,2025-02-16,20250216,CUST1029,PRD107,1,14757.66,1149.71,13607.95,10523.38,3084.57
ORD102045,2025-02-16,20250216,CUST1177,PRD110,5,1138.64,80.4,5612.8,2593.75,3019.05
ORD103933,2025-02-17,20250217,CUST1111,PRD123,4,1667.88,437.95,6233.57,4879.76,1353.81
ORD105577,2025-02-17,20250217,CUST1201,PRD127,4,2448.22,1035.41,8757.47,5357.72,3399.75
ORD104572,2025-02-17,20250217,CUST1233,PRD110,2,1138.64,109.44,2167.84,1037.5,1130.34
ORD105511,2025-02-17,20250217,CUST1096,PRD122,1,1341.58,116.7,1224.88,843.04,381.84
ORD103021,2025-02-17,20250217,CUST1156,PRD101,2,2720.52,7.83,5433.21,4062.38,1370.83
ORD103031,2025-02-17,20250217,CUST1238,PRD125,3,831.8,262.85,2232.55,1821.78,410.77
ORD105394,2025-02-17,20250217,CUST1179,PRD127,4,2448.22,1430.24,8362.64,5357.72,3004.92
ORD106153,2025-02-17,20250217,CUST1231,PRD113,3,2682.38,67.03,7980.11,4710.72,3269.39
ORD104034,2025-02-17,20250217,CUST1002,PRD105,5,1128.05,667.07,4973.18,4148.75,824.43
ORD100678,2025-02-17,20250217,CUST1129,PRD109,4,740.34,386.69,2574.67,2205.6,369.07
ORD102181,2025-02-17,20250217,CUST1117,PRD113,4,2682.38,779.81,9949.71,6280.96,3668.75
ORD105508,2025-02-18,20250218,CUST1005,PRD131,1,878.01,75.55,802.46,432.01,370.45
ORD105962,2025-02-18,20250218,CUST1211,PRD106,4,1484.26,647.45,5289.59,3678.24,1611.35
ORD100806,2025-02-18,20250218,CUST1233,PRD105,3,1128.05,104.78,3279.37,2489.25,790.12
ORD104621,2025-02-18,20250218,CUST1219,PRD101,2,2720.52,245.05,5195.99,4062.38,1133.61
ORD103044,2025-02-18,20250218,CUST1179,PRD125,2,831.8,63.78,1599.82,1214.52,385.3
ORD100455,2025-02-18,20250218,CUST1010,PRD131,1,878.01,35.38,842.63,432.01,410.62
ORD101777,2025-02-18,20250218,CUST1130,PRD101,4,2720.52,971.53,9910.55,8124.76,1785.79
ORD105894,2025-02-19,20250219,CUST1184,PRD131,2,878.01,56.63,1699.39,864.02,835.37
ORD100611,2025-02-19,20250219,CUST1114,PRD122,5,1341.58,350.81,6357.09,4215.2,2141.89
ORD104994,2025-02-19,20250219,CUST1238,PRD125,4,831.8,323.56,3003.64,2429.04,574.6
ORD100669,2025-02-19,20250219,CUST1231,PRD116,5,6250.5,766.86,30485.64,22061.35,8424.29
ORD105258,2025-02-19,20250219,CUST1174,PRD103,3,2340.88,40.53,6982.11,3693.48,3288.63
ORD105955,2025-02-19,20250219,CUST1082,PRD113,2,2682.38,579.16,4785.6,3140.48,1645.12
ORD101119,2025-02-19,20250219,CUST1129,PRD131,3,878.01,149.16,2484.87,1296.03,1188.84
ORD105977,2025-02-19,20250219,CUST1160,PRD122,3,1341.58,44.66,3980.08,2529.12,1450.96
ORD100890,2025-02-19,20250219,CUST1105,PRD113,5,2682.38,418.81,12993.09,7851.2,5141.89
ORD105663,2025-02-19,20250219,CUST1069,PRD131,3,878.01,67.82,2566.21,1296.03,1270.18
ORD100859,2025-02-19,20250219,CUST1236,PRD103,5,2340.88,306.54,11397.86,6155.8,5242.06
ORD103444,2025-02-19,20250219,CUST1020,PRD123,1,1667.88,242.48,1425.4,1219.94,205.46
ORD102466,2025-02-19,20250219,CUST1242,PRD126,4,2373.84,219.87,9275.49,6603.4,2672.09
ORD101595,2025-02-20,20250220,CUST1089,PRD101,2,2720.52,545.53,4895.51,4062.38,833.13
ORD100368,2025-02-20,20250220,CUST1015,PRD131,4,878.01,251.49,3260.55,1728.04,1532.51
ORD103411,2025-02-20,20250220,CUST1173,PRD115,1,2955.79,373.37,2582.42,1549.18,1033.24
ORD105630,2025-02-20,20250220,CUST1166,PRD125,4,831.8,235.88,3091.32,2429.04,662.28
ORD105540,2025-02-20,20250220,CUST1125,PRD122,5,1341.58,515.4,6192.5,4215.2,1977.3
ORD105330,2025-02-21,20250221,CUST1036,PRD125,4,831.8,328.79,2998.41,2429.04,569.37
ORD102966,2025-02-21,20250221,CUST1002,PRD107,3,14757.66,5573.26,38699.72,31570.14,7129.58
ORD104763,2025-02-21,20250221,CUST1165,PRD113,4,2682.38,863.18,9866.34,6280.96,3585.38
ORD103639,2025-02-21,20250221,CUST1119,PRD106,1,1484.26,86.25,1398.01,919.56,478.45
ORD104450,2025-02-21,20250221,CUST1182,PRD127,5,2448.22,558.32,11682.78,6697.15,4985.63
ORD101199,2025-02-21,20250221,CUST1107,PRD131,5,878.01,405.36,3984.69,2160.05,1824.64
ORD106120,2025-02-22,20250222,CUST1052,PRD108,2,1410.45,13.45,2807.45,1526.04,1281.41
ORD101198,2025-02-22,20250222,CUST1029,PRD131,2,878.01,59.47,1696.55,864.02,832.53
ORD102503,2025-02-22,20250222,CUST1165,PRD127,2,2448.22,255.52,4640.92,2678.86,1962.06
ORD105268,2025-02-22,20250222,CUST1243,PRD122,2,1341.58,226.94,2456.22,1686.08,770.14
ORD100017,2025-02-23,20250223,CUST1151,PRD131,2,878.01,245.44,1510.58,864.02,646.56
ORD105664,2025-02-23,20250223,CUST1058,PRD113,4,2682.38,385.8,10343.72,6280.96,4062.76
ORD105682,2025-02-23,20250223,CUST1057,PRD110,4,1138.64,393.6,4160.96,2075.0,2085.96
ORD102447,2025-02-23,20250223,CUST1149,PRD109,3,740.34,243.98,1977.04,1654.2,322.84
ORD104809,2025-02-23,20250223,CUST1019,PRD105,2,1128.05,137.5,2118.6,1659.5,459.1
ORD103542,2025-02-23,20250223,CUST1222,PRD122,4,1341.58,701.64,4664.68,3372.16,1292.52
ORD104748,2025-02-24,20250224,CUST1025,PRD122,3,1341.58,379.18,3645.56,2529.12,1116.44
ORD105681,2025-02-24,20250224,CUST1013,PRD125,3,831.8,104.34,2391.06,1821.78,569.28
ORD103920,2025-02-24,20250224,CUST1231,PRD125,2,831.8,186.26,1477.34,1214.52,262.82
ORD102996,2025-02-24,20250224,CUST1069,PRD124,4,1557.69,585.81,5644.95,3741.92,1903.03
ORD101769,2025-02-24,20250224,CUST1069,PRD131,4,878.01,514.85,2997.19,1728.04,1269.15
ORD105528,2025-02-24,20250224,CUST1248,PRD109,4,740.34,240.05,2721.31,2205.6,515.71
ORD103039,2025-02-24,20250224,CUST1199,PRD122,2,1341.58,362.44,2320.72,1686.08,634.64
ORD101663,2025-02-24,20250224,CUST1182,PRD101,2,2720.52,238.83,5202.21,4062.38,1139.83
ORD104650,2025-02-24,20250224,CUST1024,PRD113,3,2682.38,126.32,7920.82,4710.72,3210.1
ORD103667,2025-02-25,20250225,CUST1111,PRD110,1,1138.64,142.74,995.9,518.75,477.15
ORD105649,2025-02-25,20250225,CUST1181,PRD116,2,6250.5,1823.71,10677.29,8824.54,1852.75
ORD106146,2025-02-25,20250225,CUST1237,PRD125,1,831.8,67.56,764.24,607.26,156.98
ORD103478,2025-02-26,20250226,CUST1014,PRD122,3,1341.58,303.31,3721.43,2529.12,1192.31
ORD105128,2025-02-26,20250226,CUST1015,PRD122,2,1341.58,23.4,2659.76,1686.08,973.68
ORD105895,2025-02-26,20250226,CUST1033,PRD130,2,555.04,112.21,997.87,649.4,348.47
ORD101442,2025-02-26,20250226,CUST1055,PRD103,5,2340.88,725.85,10978.55,6155.8,4822.75
ORD102193,2025-02-26,20250226,CUST1199,PRD122,1,1341.58,126.14,1215.44,843.04,372.4
ORD103230,2025-02-26,20250226,CUST1112,PRD123,4,1667.88,197.28,6474.24,4879.76,1594.48
ORD105354,2025-02-27,20250227,CUST1156,PRD122,4,1341.58,26.96,5339.36,3372.16,1967.2
ORD104158,2025-02-27,20250227,CUST1163,PRD122,5,1341.58,605.77,6102.13,4215.2,1886.93
ORD103779,2025-02-27,20250227,CUST1123,PRD101,5,2720.52,641.93,12960.67,10155.95,2804.72
ORD103245,2025-02-27,20250227,CUST1243,PRD120,4,11941.0,2676.61,45087.39,27870.96,17216.43
ORD104095,2025-02-27,20250227,CUST1178,PRD101,2,2720.52,202.42,5238.62,4062.38,1176.24
ORD104888,2025-02-27,20250227,CUST1177,PRD123,2,1667.88,470.85,2864.91,2439.88,425.03
ORD104862,2025-02-27,20250227,CUST1072,PRD125,5,831.8,550.37,3608.63,3036.3,572.33
ORD100699,2025-02-27,20250227,CUST1138,PRD131,3,878.01,229.16,2404.87,1296.03,1108.84
ORD100742,2025-02-28,20250228,CUST1119,PRD113,4,2682.38,1444.27,9285.25,6280.96,3004.29
ORD101467,2025-02-28,20250228,CUST1192,PRD127,4,2448.22,456.19,9336.69,5357.72,3978.97
ORD102451,2025-02-28,20250228,CUST1052,PRD127,5,2448.22,1599.59,10641.51,6697.15,3944.36
ORD101112,2025-02-28,20250228,CUST1240,PRD130,1,555.04,16.48,538.56,324.7,213.86
ORD101654,2025-03-01,20250301,CUST1206,PRD127,3,2448.22,587.81,6756.85,4018.29,2738.56
ORD103051,2025-03-01,20250301,CUST1147,PRD131,4,878.01,334.02,3178.02,1728.04,1449.98
ORD105592,2025-03-01,20250301,CUST1133,PRD131,3,878.01,336.71,2297.32,1296.03,1001.29
ORD103066,2025-03-01,20250301,CUST1180,PRD120,2,11941.0,57.68,23824.32,13935.48,9888.84
ORD105370,2025-03-01,20250301,CUST1172,PRD109,1,740.34,17.39,722.95,551.4,171.55
ORD101626,2025-03-01,20250301,CUST1192,PRD130,2,555.04,85.07,1025.01,649.4,375.61
ORD100764,2025-03-01,20250301,CUST1007,PRD122,3,1341.58,254.89,3769.85,2529.12,1240.73
ORD105520,2025-03-01,20250301,CUST1046,PRD101,1,2720.52,340.02,2380.5,2031.19,349.31
ORD105106,2025-03-01,20250301,CUST1211,PRD103,4,2340.88,858.57,8504.95,4924.64,3580.31
ORD101696,2025-03-01,20250301,CUST1118,PRD105,4,1128.05,214.51,4297.69,3319.0,978.69
ORD105339,2025-03-01,20250301,CUST1004,PRD131,3,878.01,106.32,2527.71,1296.03,1231.68
ORD101055,2025-03-01,20250301,CUST1218,PRD101,4,2720.52,178.28,10703.8,8124.76,2579.04
ORD100213,2025-03-01,20250301,CUST1023,PRD113,1,2682.38,105.48,2576.9,1570.24,1006.66
ORD105398,2025-03-01,20250301,CUST1186,PRD101,3,2720.52,251.64,7909.92,6093.57,1816.35
ORD101323,2025-03-01,20250301,CUST1071,PRD103,1,2340.88,288.23,2052.65,1231.16,821.49
ORD103063,2025-03-02,20250302,CUST1121,PRD124,1,1557.69,177.55,1380.14,935.48,444.66
ORD105338,2025-03-02,20250302,CUST1216,PRD104,4,8667.94,2091.14,32580.62,12402.12,20178.5
ORD105479,2025-03-02,20250302,CUST1111,PRD131,5,878.01,151.61,4238.44,2160.05,2078.39
ORD102658,2025-03-02,20250302,CUST1227,PRD101,3,2720.52,480.97,7680.59,6093.57,1587.02
ORD102963,2025-03-03,20250303,CUST1051,PRD122,2,1341.58,247.55,2435.61,1686.08,749.53
ORD102660,2025-03-03,20250303,CUST1205,PRD125,3,831.8,201.68,2293.72,1821.78,471.94
ORD102253,2025-03-03,20250303,CUST1199,PRD101,1,2720.52,266.17,2454.35,2031.19,423.16
ORD104220,2025-03-03,20250303,CUST1128,PRD110,1,1138.64,125.25,1013.39,518.75,494.64
ORD105492,2025-03-03,20250303,CUST1099,PRD110,1,1138.64,5.59,1133.05,518.75,614.3
ORD105521,2025-03-03,20250303,CUST1131,PRD116,1,6250.5,309.08,5941.42,4412.27,1529.15
ORD105384,2025-03-04,20250304,CUST1195,PRD131,4,878.01,207.68,3304.36,1728.04,1576.32
ORD100506,2025-03-04,20250304,CUST1119,PRD109,5,740.34,421.65,3280.05,2757.0,523.05
ORD102383,2025-03-04,20250304,CUST1187,PRD125,5,831.8,308.25,3850.75,3036.3,814.45
ORD105207,2025-03-04,20250304,CUST1205,PRD126,1,2373.84,24.48,2349.36,1650.85,698.51
ORD105557,2025-03-04,20250304,CUST1006,PRD124,2,1557.69,67.58,3047.8,1870.96,1176.84
ORD105395,2025-03-04,20250304,CUST1036,PRD131,1,878.01,53.7,824.31,432.01,392.3
ORD102807,2025-03-04,20250304,CUST1134,PRD131,4,878.01,348.51,3163.53,1728.04,1435.49
ORD102632,2025-03-04,20250304,CUST1148,PRD129,4,372.05,165.11,1323.09,914.2,408.89
ORD100275,2025-03-04,20250304,CUST1169,PRD109,2,740.34,44.03,1436.65,1102.8,333.85
ORD104225,2025-03-04,20250304,CUST1057,PRD109,1,740.34,82.53,657.81,551.4,106.41
ORD103331,2025-03-05,20250305,CUST1127,PRD125,2,831.8,220.7,1442.9,1214.52,228.38
ORD102316,2025-03-05,20250305,CUST1038,PRD131,2,878.01,184.08,1571.94,864.02,707.92
ORD105454,2025-03-05,20250305,CUST1128,PRD125,1,831.8,75.03,756.77,607.26,149.51
ORD103328,2025-03-05,20250305,CUST1176,PRD111,3,1653.05,204.67,4754.48,3647.46,1107.02
ORD105498,2025-03-05,20250305,CUST1203,PRD125,5,831.8,327.95,3831.05,3036.3,794.75
ORD105527,2025-03-05,20250305,CUST1197,PRD125,5,831.8,339.6,3819.4,3036.3,783.1
ORD102233,2025-03-05,20250305,CUST1159,PRD122,5,1341.58,796.9,5911.0,4215.2,1695.8
ORD100403,2025-03-05,20250305,CUST1195,PRD127,4,2448.22,427.1,9365.78,5357.72,4008.06
ORD103194,2025-03-05,20250305,CUST1247,PRD122,2,1341.58,223.37,2459.79,1686.08,773.71
ORD105853,2025-03-05,20250305,CUST1074,PRD124,2,1557.69,373.92,2741.46,1870.96,870.5
ORD100592,2025-03-06,20250306,CUST1035,PRD131,4,878.01,437.17,3074.87,1728.04,1346.83
ORD105397,2025-03-06,20250306,CUST1125,PRD131,2,878.01,138.06,1617.96,864.02,753.94
ORD105981,2025-03-06,20250306,CUST1121,PRD127,1,2448.22,128.34,2319.88,1339.43,980.45
ORD104433,2025-03-06,20250306,CUST1082,PRD125,1,831.8,76.4,755.4,607.26,148.14
ORD101581,2025-03-06,20250306,CUST1063,PRD101,1,2720.52,41.78,2678.74,2031.19,647.55
ORD100162,2025-03-06,20250306,CUST1017,PRD110,4,1138.64,562.62,3991.94,2075.0,1916.94
ORD104597,2025-03-06,20250306,CUST1053,PRD101,5,2720.52,1959.73,11642.87,10155.95,1486.92
ORD104837,2025-03-06,20250306,CUST1248,PRD109,5,740.34,91.79,3609.91,2757.0,852.91
ORD100311,2025-03-06,20250306,CUST1056,PRD124,5,1557.69,180.18,7608.27,4677.4,2930.87
ORD102977,2025-03-06,20250306,CUST1172,PRD130,5,555.04,343.94,2431.26,1623.5,807.76
ORD105818,2025-03-06,20250306,CUST1074,PRD125,4,831.8,361.05,2966.15,2429.04,537.11
ORD104686,2025-03-06,20250306,CUST1084,PRD101,2,2720.52,599.17,4841.87,4062.38,779.49
ORD100941,2025-03-06,20250306,CUST1191,PRD131,4,878.01,173.93,3338.11,1728.04,1610.07
ORD105961,2025-03-07,20250307,CUST1241,PRD101,5,2720.52,689.27,12913.33,10155.95,2757.38
ORD102349,2025-03-07,20250307,CUST1241,PRD130,3,555.04,197.32,1467.8,974.1,493.7
ORD105771,2025-03-07,20250307,CUST1083,PRD131,4,878.01,256.62,3255.42,1728.04,1527.38
ORD103961,2025-03-07,20250307,CUST1062,PRD123,4,1667.88,818.67,5852.85,4879.76,973.09
ORD105729,2025-03-07,20250307,CUST1149,PRD110,2,1138.64,327.42,1949.86,1037.5,912.36
ORD101841,2025-03-07,20250307,CUST1123,PRD130,4,555.04,234.75,1985.41,1298.8,686.61
ORD103609,2025-03-07,20250307,CUST1113,PRD125,3,831.8,283.88,2211.52,1821.78,389.74
ORD104192,2025-03-07,20250307,CUST1060,PRD126,1,2373.84,94.4,2279.44,1650.85,628.59
ORD105280,2025-03-07,20250307,CUST1156,PRD125,1,831.8,122.48,709.32,607.26,102.06
ORD102693,2025-03-08,20250308,CUST1244,PRD116,4,6250.5,544.52,24457.48,17649.08,6808.4
ORD102685,2025-03-08,20250308,CUST1155,PRD122,2,1341.58,379.58,2303.58,1686.08,617.5
ORD102274,2025-03-08,20250308,CUST1211,PRD103,4,2340.88,235.45,9128.07,4924.64,4203.43
ORD104519,2025-03-08,20250308,CUST1055,PRD120,5,11941.0,1852.56,57852.44,34838.7,23013.74
ORD103534,2025-03-08,20250308,CUST1138,PRD125,1,831.8,9.44,822.36,607.26,215.1
ORD103196,2025-03-08,20250308,CUST1043,PRD122,5,1341.58,930.9,5777.0,4215.2,1561.8
ORD102556,2025-03-08,20250308,CUST1211,PRD122,3,1341.58,34.87,3989.87,2529.12,1460.75
ORD105360,2025-03-08,20250308,CUST1089,PRD105,2,1128.05,179.96,2076.14,1659.5,416.64
ORD104799,2025-03-09,20250309,CUST1073,PRD113,3,2682.38,676.32,7370.82,4710.72,2660.1
ORD103636,2025-03-09,20250309,CUST1016,PRD122,4,1341.58,465.4,4900.92,3372.16,1528.76
ORD103440,2025-03-09,20250309,CUST1074,PRD101,4,2720.52,1376.93,9505.15,8124.76,1380.39
ORD105914,2025-03-09,20250309,CUST1242,PRD112,5,2391.88,1152.72,10806.68,8100.85,2705.83
ORD103154,2025-03-09,20250309,CUST1048,PRD122,3,1341.58,71.61,3953.13,2529.12,1424.01
ORD100960,2025-03-09,20250309,CUST1130,PRD124,2,1557.69,322.71,2792.67,1870.96,921.71
ORD101832,2025-03-09,20250309,CUST1127,PRD109,1,740.34,25.62,714.72,551.4,163.32
ORD101922,2025-03-09,20250309,CUST1200,PRD129,1,372.05,52.12,319.93,228.55,91.38
ORD105923,2025-03-09,20250309,CUST1002,PRD110,4,1138.64,420.7,4133.86,2075.0,2058.86
ORD101717,2025-03-10,20250310,CUST1089,PRD101,2,2720.52,634.29,4806.75,4062.38,744.37
ORD100696,2025-03-10,20250310,CUST1161,PRD110,4,1138.64,361.63,4192.93,2075.0,2117.93
ORD103477,2025-03-10,20250310,CUST1145,PRD123,3,1667.88,646.59,4357.05,3659.82,697.23
ORD104779,2025-03-10,20250310,CUST1182,PRD110,2,1138.64,115.82,2161.46,1037.5,1123.96
ORD103601,2025-03-10,20250310,CUST1002,PRD122,1,1341.58,178.27,1163.31,843.04,320.27
ORD105892,2025-03-10,20250310,CUST1183,PRD110,1,1138.64,84.39,1054.25,518.75,535.5
ORD106012,2025-03-10,20250310,CUST1184,PRD108,4,1410.45,182.7,5459.1,3052.08,2407.02
ORD106001,2025-03-10,20250310,CUST1080,PRD101,1,2720.52,331.53,2388.99,2031.19,357.8
ORD104058,2025-03-10,20250310,CUST1125,PRD124,5,1557.69,1139.76,6648.69,4677.4,1971.29
ORD104348,2025-03-10,20250310,CUST1039,PRD108,2,1410.45,63.1,2757.8,1526.04,1231.76
ORD105281,2025-03-11,20250311,CUST1009,PRD101,3,2720.52,1182.88,6978.68,6093.57,885.11
ORD104349,2025-03-11,20250311,CUST1061,PRD127,5,2448.22,145.21,12095.89,6697.15,5398.74
ORD105690,2025-03-11,20250311,CUST1003,PRD104,2,8667.94,1879.96,15455.92,6201.06,9254.86
ORD102562,2025-03-11,20250311,CUST1067,PRD131,5,878.01,58.29,4331.76,2160.05,2171.71
ORD104491,2025-03-11,20250311,CUST1088,PRD103,1,2340.88,73.61,2267.27,1231.16,1036.11
ORD103841,2025-03-11,20250311,CUST1200,PRD101,3,2720.52,226.73,7934.83,6093.57,1841.26
ORD105917,2025-03-11,20250311,CUST1209,PRD116,5,6250.5,3758.11,27494.39,22061.35,5433.04
ORD103792,2025-03-11,20250311,CUST1219,PRD120,3,11941.0,2679.37,33143.63,20903.22,12240.41
ORD103279,2025-03-12,20250312,CUST1108,PRD131,2,878.01,64.72,1691.3,864.02,827.28
ORD103706,2025-03-12,20250312,CUST1190,PRD113,2,2682.38,625.15,4739.61,3140.48,1599.13
ORD101358,2025-03-12,20250312,CUST1249,PRD116,3,6250.5,1537.16,17214.34,13236.81,3977.53
ORD105255,2025-03-12,20250312,CUST1163,PRD127,4,2448.22,376.85,9416.03,5357.72,4058.31
ORD102574,2025-03-12,20250312,CUST1065,PRD120,4,11941.0,3084.66,44679.34,27870.96,16808.38
ORD106068,2025-03-12,20250312,CUST1194,PRD103,5,2340.88,626.61,11077.79,6155.8,4921.99
ORD100639,2025-03-12,20250312,CUST1004,PRD131,5,878.01,292.54,4097.51,2160.05,1937.46
ORD106122,2025-03-12,20250312,CUST1184,PRD124,1,1557.69,10.87,1546.82,935.48,611.34
ORD105998,2025-03-12,20250312,CUST1122,PRD108,2,1410.45,212.85,2608.05,1526.04,1082.01
ORD102214,2025-03-13,20250313,CUST1030,PRD125,5,831.8,276.92,3882.08,3036.3,845.78
ORD102757,2025-03-13,20250313,CUST1087,PRD131,5,878.01,271.06,4118.99,2160.05,1958.94
ORD103857,2025-03-13,20250313,CUST1065,PRD101,2,2720.52,125.5,5315.54,4062.38,1253.16
ORD100490,2025-03-13,20250313,CUST1111,PRD110,5,1138.64,201.36,5491.84,2593.75,2898.09
ORD100996,2025-03-13,20250313,CUST1061,PRD101,2,2720.52,538.65,4902.39,4062.38,840.01
ORD104585,2025-03-13,20250313,CUST1230,PRD124,2,1557.69,460.27,2655.11,1870.96,784.15
ORD101007,2025-03-13,20250313,CUST1065,PRD131,1,878.01,72.08,805.93,432.01,373.92
ORD104682,2025-03-13,20250313,CUST1085,PRD124,2,1557.69,15.44,3099.94,1870.96,1228.98
ORD102344,2025-03-13,20250313,CUST1166,PRD122,4,1341.58,465.11,4901.21,3372.16,1529.05
ORD100965,2025-03-13,20250313,CUST1191,PRD113,1,2682.38,266.85,2415.53,1570.24,845.29
ORD106135,2025-03-13,20250313,CUST1063,PRD124,1,1557.69,87.16,1470.53,935.48,535.05
ORD102411,2025-03-13,20250313,CUST1053,PRD122,4,1341.58,71.81,5294.51,3372.16,1922.35
ORD105912,2025-03-14,20250314,CUST1075,PRD131,3,878.01,301.69,2332.34,1296.03,1036.31
ORD104789,2025-03-14,20250314,CUST1044,PRD125,1,831.8,75.89,755.91,607.26,148.65
ORD105233,2025-03-14,20250314,CUST1149,PRD131,1,878.01,3.09,874.92,432.01,442.91
ORD102109,2025-03-14,20250314,CUST1170,PRD108,2,1410.45,234.63,2586.27,1526.04,1060.23
ORD104120,2025-03-14,20250314,CUST1072,PRD113,5,2682.38,1688.95,11722.95,7851.2,3871.75
ORD105241,2025-03-14,20250314,CUST1032,PRD108,4,1410.45,371.61,5270.19,3052.08,2218.11
ORD100126,2025-03-14,20250314,CUST1063,PRD105,4,1128.05,44.85,4467.35,3319.0,1148.35
ORD101729,2025-03-14,20250314,CUST1195,PRD109,3,740.34,257.76,1963.26,1654.2,309.06
ORD103882,2025-03-15,20250315,CUST1038,PRD116,3,6250.5,1494.05,17257.45,13236.81,4020.64
ORD105348,2025-03-15,20250315,CUST1109,PRD131,5,878.01,168.09,4221.96,2160.05,2061.91
ORD106154,2025-03-15,20250315,CUST1037,PRD130,2,555.04,65.38,1044.7,649.4,395.3
ORD101940,2025-03-15,20250315,CUST1224,PRD125,3,831.8,141.26,2354.14,1821.78,532.36
ORD100465,2025-03-15,20250315,CUST1225,PRD125,3,831.8,42.01,2453.39,1821.78,631.61
ORD104649,2025-03-16,20250316,CUST1145,PRD101,5,2720.52,1080.04,12522.56,10155.95,2366.61
ORD102895,2025-03-16,20250316,CUST1047,PRD127,3,2448.22,247.11,7097.55,4018.29,3079.26
ORD105831,2025-03-16,20250316,CUST1017,PRD125,3,831.8,347.45,2147.95,1821.78,326.17
ORD103209,2025-03-16,20250316,CUST1062,PRD131,3,878.01,190.09,2443.94,1296.03,1147.91
ORD104468,2025-03-16,20250316,CUST1142,PRD125,1,831.8,46.91,784.89,607.26,177.63
ORD105945,2025-03-16,20250316,CUST1107,PRD131,3,878.01,303.82,2330.21,1296.03,1034.18
ORD105425,2025-03-16,20250316,CUST1224,PRD116,1,6250.5,614.29,5636.21,4412.27,1223.94
ORD103648,2025-03-16,20250316,CUST1125,PRD105,3,1128.05,306.79,3077.36,2489.25,588.11
ORD101297,2025-03-16,20250316,CUST1229,PRD125,4,831.8,166.26,3160.94,2429.04,731.9
ORD101565,2025-03-16,20250316,CUST1141,PRD110,1,1138.64,166.21,972.43,518.75,453.68
ORD102537,2025-03-16,20250316,CUST1126,PRD108,3,1410.45,175.83,4055.52,2289.06,1766.46
ORD102857,2025-03-17,20250317,CUST1151,PRD125,3,831.8,247.25,2248.15,1821.78,426.37
ORD101762,2025-03-17,20250317,CUST1232,PRD101,2,2720.52,59.88,5381.16,4062.38,1318.78
ORD102104,2025-03-17,20250317,CUST1224,PRD127,2,2448.22,654.94,4241.5,2678.86,1562.64
ORD103469,2025-03-17,20250317,CUST1142,PRD105,1,1128.05,168.7,959.35,829.75,129.6
ORD103889,2025-03-17,20250317,CUST1208,PRD130,1,555.04,12.79,542.25,324.7,217.55
ORD104149,2025-03-17,20250317,CUST1240,PRD130,5,555.04,238.11,2537.09,1623.5,913.59
ORD103584,2025-03-17,20250317,CUST1134,PRD108,4,1410.45,766.27,4875.53,3052.08,1823.45
ORD105070,2025-03-17,20250317,CUST1111,PRD113,2,2682.38,145.02,5219.74,3140.48,2079.26
ORD105758,2025-03-17,20250317,CUST1163,PRD124,3,1557.69,390.75,4282.32,2806.44,1475.88
ORD105633,2025-03-17,20250317,CUST1057,PRD124,4,1557.69,160.01,6070.75,3741.92,2328.83
ORD104783,2025-03-18,20250318,CUST1119,PRD130,1,555.04,26.42,528.62,324.7,203.92
ORD105614,2025-03-18,20250318,CUST1097,PRD122,3,1341.58,248.26,3776.48,2529.12,1247.36
ORD106152,2025-03-18,20250318,CUST1066,PRD130,2,555.04,4.7,1105.38,649.4,455.98
ORD102078,2025-03-18,20250318,CUST1006,PRD131,4,878.01,82.0,3430.04,1728.04,1702.0
ORD100293,2025-03-18,20250318,CUST1023,PRD131,4,878.01,183.26,3328.78,1728.04,1600.74
ORD105401,2025-03-18,20250318,CUST1120,PRD116,1,6250.5,750.85,5499.65,4412.27,1087.38
ORD101386,2025-03-18,20250318,CUST1108,PRD131,2,878.01,39.43,1716.59,864.02,852.57
ORD105257,2025-03-19,20250319,CUST1204,PRD131,4,878.01,473.33,3038.71,1728.04,1310.67
ORD105708,2025-03-19,20250319,CUST1090,PRD113,4,2682.38,1229.88,9499.64,6280.96,3218.68
ORD105212,2025-03-19,20250319,CUST1246,PRD131,5,878.01,576.94,3813.11,2160.05,1653.06
ORD101704,2025-03-19,20250319,CUST1121,PRD108,3,1410.45,242.92,3988.43,2289.06,1699.37
ORD101374,2025-03-19,20250319,CUST1093,PRD116,5,6250.5,1499.41,29753.09,22061.35,7691.74
ORD101141,2025-03-19,20250319,CUST1235,PRD108,1,1410.45,176.45,1234.0,763.02,470.98
ORD102674,2025-03-19,20250319,CUST1072,PRD131,3,878.01,368.27,2265.76,1296.03,969.73
ORD102059,2025-03-19,20250319,CUST1119,PRD124,2,1557.69,430.55,2684.83,1870.96,813.87
ORD103037,2025-03-19,20250319,CUST1248,PRD111,5,1653.05,75.44,8189.81,6079.1,2110.71
ORD105959,2025-03-19,20250319,CUST1151,PRD110,1,1138.64,143.24,995.4,518.75,476.65
ORD100269,2025-03-19,20250319,CUST1062,PRD103,4,2340.88,179.36,9184.16,4924.64,4259.52
ORD103571,2025-03-19,20250319,CUST1143,PRD113,3,2682.38,434.76,7612.38,4710.72,2901.66
ORD103693,2025-03-19,20250319,CUST1236,PRD113,1,2682.38,351.69,2330.69,1570.24,760.45
ORD105345,2025-03-20,20250320,CUST1230,PRD125,3,831.8,334.58,2160.82,1821.78,339.04
ORD101191,2025-03-20,20250320,CUST1180,PRD113,1,2682.38,103.45,2578.93,1570.24,1008.69
ORD105392,2025-03-20,20250320,CUST1102,PRD109,4,740.34,68.43,2892.93,2205.6,687.33
ORD104516,2025-03-20,20250320,CUST1049,PRD131,3,878.01,250.19,2383.84,1296.03,1087.81
ORD100065,2025-03-20,20250320,CUST1236,PRD124,4,1557.69,388.3,5842.46,3741.92,2100.54
ORD102728,2025-03-20,20250320,CUST1094,PRD120,1,11941.0,1772.83,10168.17,6967.74,3200.43
ORD101781,2025-03-20,20250320,CUST1174,PRD124,3,1557.69,439.43,4233.64,2806.44,1427.2
ORD103258,2025-03-20,20250320,CUST1216,PRD123,2,1667.88,404.31,2931.45,2439.88,491.57
ORD103923,2025-03-20,20250320,CUST1052,PRD123,2,1667.88,258.12,3077.64,2439.88,637.76
ORD104851,2025-03-20,20250320,CUST1034,PRD115,4,2955.79,859.89,10963.27,6196.72,4766.55
ORD104479,2025-03-21,20250321,CUST1158,PRD116,4,6250.5,3470.24,21531.76,17649.08,3882.68
ORD104438,2025-03-21,20250321,CUST1145,PRD110,4,1138.64,147.71,4406.85,2075.0,2331.85
ORD103288,2025-03-21,20250321,CUST1126,PRD125,1,831.8,40.1,791.7,607.26,184.44
ORD104487,2025-03-21,20250321,CUST1050,PRD123,1,1667.88,46.4,1621.48,1219.94,401.54
ORD100214,2025-03-21,20250321,CUST1101,PRD113,2,2682.38,95.67,5269.09,3140.48,2128.61
ORD105992,2025-03-21,20250321,CUST1090,PRD122,3,1341.58,134.54,3890.2,2529.12,1361.08
ORD103735,2025-03-21,20250321,CUST1088,PRD124,3,1557.69,27.39,4645.68,2806.44,1839.24
ORD101365,2025-03-21,20250321,CUST1111,PRD122,3,1341.58,183.36,3841.38,2529.12,1312.26
ORD106074,2025-03-21,20250321,CUST1208,PRD127,3,2448.22,1014.28,6330.38,4018.29,2312.09
ORD103256,2025-03-21,20250321,CUST1079,PRD131,5,878.01,355.63,4034.42,2160.05,1874.37
ORD101752,2025-03-22,20250322,CUST1125,PRD130,1,555.04,41.01,514.03,324.7,189.33
ORD105480,2025-03-22,20250322,CUST1240,PRD124,2,1557.69,432.54,2682.84,1870.96,811.88
ORD103733,2025-03-22,20250322,CUST1038,PRD113,2,2682.38,621.67,4743.09,3140.48,1602.61
ORD105692,2025-03-22,20250322,CUST1101,PRD122,4,1341.58,622.83,4743.49,3372.16,1371.33
ORD100533,2025-03-22,20250322,CUST1018,PRD122,4,1341.58,31.6,5334.72,3372.16,1962.56
ORD104453,2025-03-22,20250322,CUST1213,PRD103,5,2340.88,847.19,10857.21,6155.8,4701.41
ORD105722,2025-03-22,20250322,CUST1108,PRD116,2,6250.5,309.4,12191.6,8824.54,3367.06
ORD104462,2025-03-22,20250322,CUST1196,PRD116,3,6250.5,2288.97,16462.53,13236.81,3225.72
ORD103583,2025-03-22,20250322,CUST1141,PRD124,1,1557.69,164.54,1393.15,935.48,457.67
ORD104752,2025-03-22,20250322,CUST1146,PRD110,2,1138.64,90.91,2186.37,1037.5,1148.87
ORD103414,2025-03-22,20250322,CUST1041,PRD122,4,1341.58,91.11,5275.21,3372.16,1903.05
ORD100233,2025-03-22,20250322,CUST1182,PRD105,2,1128.05,239.04,2017.06,1659.5,357.56
ORD101523,2025-03-22,20250322,CUST1035,PRD124,4,1557.69,383.37,5847.39,3741.92,2105.47
ORD100964,2025-03-22,20250322,CUST1094,PRD124,4,1557.69,426.77,5803.99,3741.92,2062.07
ORD103320,2025-03-22,20250322,CUST1042,PRD101,3,2720.52,251.54,7910.02,6093.57,1816.45
ORD105586,2025-03-23,20250323,CUST1102,PRD131,4,878.01,175.43,3336.61,1728.04,1608.57
ORD103445,2025-03-23,20250323,CUST1160,PRD124,3,1557.69,187.51,4485.56,2806.44,1679.12
ORD102272,2025-03-23,20250323,CUST1106,PRD131,4,878.01,523.69,2988.35,1728.04,1260.31
ORD104241,2025-03-23,20250323,CUST1110,PRD131,1,878.01,101.85,776.16,432.01,344.15
ORD100865,2025-03-23,20250323,CUST1236,PRD131,1,878.01,85.82,792.19,432.01,360.18
ORD103563,2025-03-23,20250323,CUST1035,PRD131,1,878.01,13.51,864.5,432.01,432.49
ORD105882,2025-03-23,20250323,CUST1195,PRD124,2,1557.69,191.49,2923.89,1870.96,1052.93
ORD105988,2025-03-23,20250323,CUST1056,PRD123,4,1667.88,411.22,6260.3,4879.76,1380.54
ORD102573,2025-03-23,20250323,CUST1150,PRD116,3,6250.5,492.27,18259.23,13236.81,5022.42
ORD101803,2025-03-24,20250324,CUST1143,PRD125,1,831.8,70.59,761.21,607.26,153.95
ORD105506,2025-03-24,20250324,CUST1008,PRD130,5,555.04,355.22,2419.98,1623.5,796.48
ORD102076,2025-03-24,20250324,CUST1070,PRD122,4,1341.58,530.85,4835.47,3372.16,1463.31
ORD100128,2025-03-24,20250324,CUST1058,PRD125,1,831.8,21.27,810.53,607.26,203.27
ORD103566,2025-03-24,20250324,CUST1028,PRD110,5,1138.64,314.66,5378.54,2593.75,2784.79
ORD105357,2025-03-24,20250324,CUST1048,PRD131,3,878.01,206.38,2427.65,1296.03,1131.62
ORD102933,2025-03-24,20250324,CUST1100,PRD122,2,1341.58,275.16,2408.0,1686.08,721.92
ORD101100,2025-03-24,20250324,CUST1236,PRD103,4,2340.88,215.09,9148.43,4924.64,4223.79
ORD105027,2025-03-24,20250324,CUST1241,PRD109,1,740.34,56.66,683.68,551.4,132.28
ORD102429,2025-03-25,20250325,CUST1125,PRD110,2,1138.64,80.01,2197.27,1037.5,1159.77
ORD104784,2025-03-25,20250325,CUST1139,PRD122,5,1341.58,541.11,6166.79,4215.2,1951.59
ORD104645,2025-03-25,20250325,CUST1232,PRD130,1,555.04,32.86,522.18,324.7,197.48
ORD102850,2025-03-25,20250325,CUST1052,PRD112,3,2391.88,574.57,6601.07,4860.51,1740.56
ORD101903,2025-03-25,20250325,CUST1082,PRD113,1,2682.38,36.26,2646.12,1570.24,1075.88
ORD101805,2025-03-25,20250325,CUST1045,PRD130,1,555.04,66.34,488.7,324.7,164.0
ORD101148,2025-03-25,20250325,CUST1084,PRD101,4,2720.52,502.63,10379.45,8124.76,2254.69
ORD103694,2025-03-25,20250325,CUST1006,PRD130,1,555.04,23.51,531.53,324.7,206.83
ORD103043,2025-03-25,20250325,CUST1135,PRD130,5,555.04,120.09,2655.11,1623.5,1031.61
ORD105226,2025-03-25,20250325,CUST1051,PRD131,1,878.01,112.51,765.5,432.01,333.49
ORD101282,2025-03-25,20250325,CUST1112,PRD113,3,2682.38,510.04,7537.1,4710.72,2826.38
ORD102987,2025-03-25,20250325,CUST1127,PRD113,3,2682.38,986.51,7060.63,4710.72,2349.91
ORD105747,2025-03-26,20250326,CUST1073,PRD131,4,878.01,95.94,3416.1,1728.04,1688.06
ORD106051,2025-03-26,20250326,CUST1225,PRD131,1,878.01,128.97,749.04,432.01,317.03
ORD105542,2025-03-26,20250326,CUST1088,PRD122,2,1341.58,69.96,2613.2,1686.08,927.12
ORD105593,2025-03-26,20250326,CUST1183,PRD113,1,2682.38,247.42,2434.96,1570.24,864.72
ORD102829,2025-03-26,20250326,CUST1012,PRD120,1,11941.0,1240.39,10700.61,6967.74,3732.87
ORD105905,2025-03-26,20250326,CUST1100,PRD103,5,2340.88,1701.63,10002.77,6155.8,3846.97
ORD100652,2025-03-26,20250326,CUST1177,PRD131,3,878.01,107.73,2526.3,1296.03,1230.27
ORD105877,2025-03-26,20250326,CUST1228,PRD124,5,1557.69,531.16,7257.29,4677.4,2579.89
ORD104128,2025-03-26,20250326,CUST1183,PRD131,3,878.01,79.06,2554.97,1296.03,1258.94
ORD100922,2025-03-26,20250326,CUST1012,PRD130,5,555.04,145.85,2629.35,1623.5,1005.85
ORD104990,2025-03-26,20250326,CUST1181,PRD124,4,1557.69,791.5,5439.26,3741.92,1697.34
ORD102849,2025-03-27,20250327,CUST1235,PRD122,5,1341.58,37.66,6670.24,4215.2,2455.04
ORD100009,2025-03-27,20250327,CUST1189,PRD125,4,831.8,107.89,3219.31,2429.04,790.27
ORD102413,2025-03-27,20250327,CUST1208,PRD101,4,2720.52,1166.85,9715.23,8124.76,1590.47
ORD103412,2025-03-27,20250327,CUST1183,PRD116,4,6250.5,686.44,24315.56,17649.08,6666.48
ORD105828,2025-03-27,20250327,CUST1049,PRD125,2,831.8,14.33,1649.27,1214.52,434.75
ORD104430,2025-03-27,20250327,CUST1194,PRD113,1,2682.38,231.46,2450.92,1570.24,880.68
ORD103662,2025-03-27,20250327,CUST1061,PRD130,2,555.04,151.75,958.33,649.4,308.93
ORD106084,2025-03-27,20250327,CUST1221,PRD125,2,831.8,114.47,1549.13,1214.52,334.61
ORD100447,2025-03-27,20250327,CUST1155,PRD125,3,831.8,308.46,2186.94,1821.78,365.16
ORD103698,2025-03-27,20250327,CUST1226,PRD109,4,740.34,305.43,2655.93,2205.6,450.33
ORD100902,2025-03-27,20250327,CUST1171,PRD110,1,1138.64,125.34,1013.3,518.75,494.55
ORD104305,2025-03-27,20250327,CUST1118,PRD131,5,878.01,316.9,4073.15,2160.05,1913.1
ORD105996,2025-03-28,20250328,CUST1018,PRD101,1,2720.52,94.19,2626.33,2031.19,595.14
ORD101842,2025-03-28,20250328,CUST1011,PRD110,3,1138.64,435.47,2980.45,1556.25,1424.2
ORD104940,2025-03-28,20250328,CUST1199,PRD125,5,831.8,22.14,4136.86,3036.3,1100.56
ORD103767,2025-03-28,20250328,CUST1093,PRD131,3,878.01,196.24,2437.79,1296.03,1141.76
ORD100739,2025-03-28,20250328,CUST1193,PRD116,2,6250.5,1168.3,11332.7,8824.54,2508.16
ORD100831,2025-03-28,20250328,CUST1044,PRD122,1,1341.58,41.31,1300.27,843.04,457.23
ORD103599,2025-03-28,20250328,CUST1009,PRD131,5,878.01,330.06,4059.99,2160.05,1899.94
ORD101294,2025-03-28,20250328,CUST1104,PRD105,5,1128.05,56.95,5583.3,4148.75,1434.55
ORD105885,2025-03-28,20250328,CUST1229,PRD101,4,2720.52,860.52,10021.56,8124.76,1896.8
ORD100547,2025-03-28,20250328,CUST1168,PRD131,3,878.01,326.34,2307.69,1296.03,1011.66
ORD104963,2025-03-29,20250329,CUST1247,PRD124,2,1557.69,51.48,3063.9,1870.96,1192.94
ORD105030,2025-03-29,20250329,CUST1231,PRD112,2,2391.88,265.97,4517.79,3240.34,1277.45
ORD101761,2025-03-29,20250329,CUST1197,PRD125,2,831.8,11.14,1652.46,1214.52,437.94
ORD101557,2025-03-29,20250329,CUST1080,PRD131,5,878.01,408.78,3981.27,2160.05,1821.22
ORD104092,2025-03-29,20250329,CUST1172,PRD113,5,2682.38,527.74,12884.16,7851.2,5032.96
ORD104308,2025-03-29,20250329,CUST1067,PRD122,4,1341.58,464.55,4901.77,3372.16,1529.61
ORD105145,2025-03-29,20250329,CUST1029,PRD122,4,1341.58,607.69,4758.63,3372.16,1386.47
ORD102799,2025-03-29,20250329,CUST1177,PRD125,4,831.8,269.16,3058.04,2429.04,629.0
ORD105096,2025-03-29,20250329,CUST1229,PRD127,1,2448.22,206.5,2241.72,1339.43,902.29
ORD101313,2025-03-29,20250329,CUST1138,PRD122,1,1341.58,109.84,1231.74,843.04,388.7
ORD105238,2025-03-29,20250329,CUST1016,PRD131,3,878.01,40.38,2593.65,1296.03,1297.62
ORD104395,2025-03-29,20250329,CUST1001,PRD131,2,878.01,40.72,1715.3,864.02,851.28
ORD102877,2025-03-29,20250329,CUST1130,PRD130,1,555.04,58.23,496.81,324.7,172.11
ORD104660,2025-03-30,20250330,CUST1078,PRD131,2,878.01,184.23,1571.79,864.02,707.77
ORD105691,2025-03-30,20250330,CUST1125,PRD101,3,2720.52,375.15,7786.41,6093.57,1692.84
ORD105263,2025-03-30,20250330,CUST1209,PRD124,5,1557.69,118.51,7669.94,4677.4,2992.54
ORD105870,2025-03-30,20250330,CUST1024,PRD103,5,2340.88,1355.12,10349.28,6155.8,4193.48
ORD102663,2025-03-30,20250330,CUST1220,PRD124,5,1557.69,528.33,7260.12,4677.4,2582.72
ORD103373,2025-03-30,20250330,CUST1065,PRD105,5,1128.05,96.39,5543.86,4148.75,1395.11
ORD101521,2025-03-30,20250330,CUST1008,PRD123,1,1667.88,183.89,1483.99,1219.94,264.05
ORD105720,2025-03-30,20250330,CUST1158,PRD101,3,2720.52,110.76,8050.8,6093.57,1957.23
ORD103423,2025-03-31,20250331,CUST1179,PRD131,1,878.01,101.87,776.14,432.01,344.13
ORD105944,2025-03-31,20250331,CUST1198,PRD131,3,878.01,147.58,2486.45,1296.03,1190.42
ORD104790,2025-03-31,20250331,CUST1163,PRD110,5,1138.64,621.94,5071.26,2593.75,2477.51
ORD101097,2025-03-31,20250331,CUST1217,PRD116,2,6250.5,1146.44,11354.56,8824.54,2530.02
ORD106090,2025-03-31,20250331,CUST1157,PRD125,3,831.8,241.06,2254.34,1821.78,432.56
ORD100089,2025-03-31,20250331,CUST1172,PRD109,1,740.34,110.2,630.14,551.4,78.74
ORD104556,2025-03-31,20250331,CUST1029,PRD131,3,878.01,321.19,2312.84,1296.03,1016.81
ORD103336,2025-03-31,20250331,CUST1139,PRD113,3,2682.38,235.61,7811.53,4710.72,3100.81
ORD101525,2025-03-31,20250331,CUST1105,PRD113,3,2682.38,785.98,7261.16,4710.72,2550.44
ORD102670,2025-04-01,20250401,CUST1106,PRD116,4,6250.5,3690.24,21311.76,17649.08,3662.68
ORD105026,2025-04-01,20250401,CUST1158,PRD127,1,2448.22,22.88,2425.34,1339.43,1085.91
ORD103818,2025-04-01,20250401,CUST1091,PRD122,2,1341.58,275.76,2407.4,1686.08,721.32
ORD100905,2025-04-01,20250401,CUST1033,PRD125,1,831.8,87.9,743.9,607.26,136.64
ORD105857,2025-04-01,20250401,CUST1118,PRD116,2,6250.5,982.7,11518.3,8824.54,2693.76
ORD105827,2025-04-01,20250401,CUST1019,PRD116,5,6250.5,861.24,30391.26,22061.35,8329.91
ORD100834,2025-04-02,20250402,CUST1107,PRD101,3,2720.52,626.04,7535.52,6093.57,1441.95
ORD100218,2025-04-02,20250402,CUST1042,PRD122,5,1341.58,366.98,6340.92,4215.2,2125.72
ORD105814,2025-04-02,20250402,CUST1194,PRD124,3,1557.69,96.44,4576.63,2806.44,1770.19
ORD104594,2025-04-02,20250402,CUST1167,PRD131,5,878.01,589.47,3800.58,2160.05,1640.53
ORD105971,2025-04-02,20250402,CUST1132,PRD108,4,1410.45,513.77,5128.03,3052.08,2075.95
ORD105495,2025-04-02,20250402,CUST1071,PRD116,2,6250.5,563.56,11937.44,8824.54,3112.9
ORD100265,2025-04-02,20250402,CUST1100,PRD131,1,878.01,53.6,824.41,432.01,392.4
ORD100896,2025-04-02,20250402,CUST1223,PRD131,2,878.01,58.08,1697.94,864.02,833.92
ORD104595,2025-04-02,20250402,CUST1104,PRD125,1,831.8,104.1,727.7,607.26,120.44
ORD100416,2025-04-02,20250402,CUST1146,PRD112,1,2391.88,209.56,2182.32,1620.17,562.15
ORD103247,2025-04-03,20250403,CUST1148,PRD109,1,740.34,35.55,704.79,551.4,153.39
ORD103955,2025-04-03,20250403,CUST1078,PRD130,4,555.04,219.73,2000.43,1298.8,701.63
ORD100736,2025-04-03,20250403,CUST1037,PRD116,1,6250.5,416.86,5833.64,4412.27,1421.37
ORD105014,2025-04-03,20250403,CUST1231,PRD122,2,1341.58,194.02,2489.14,1686.08,803.06
ORD101712,2025-04-03,20250403,CUST1135,PRD103,3,2340.88,545.34,6477.3,3693.48,2783.82
ORD102749,2025-04-03,20250403,CUST1008,PRD131,1,878.01,63.06,814.95,432.01,382.94
ORD104512,2025-04-03,20250403,CUST1139,PRD122,4,1341.58,528.44,4837.88,3372.16,1465.72
ORD101601,2025-04-03,20250403,CUST1244,PRD113,5,2682.38,570.45,12841.45,7851.2,4990.25
ORD106098,2025-04-04,20250404,CUST1142,PRD131,3,878.01,39.98,2594.05,1296.03,1298.02
ORD104084,2025-04-04,20250404,CUST1202,PRD131,5,878.01,352.09,4037.96,2160.05,1877.91
ORD102345,2025-04-04,20250404,CUST1138,PRD105,4,1128.05,584.93,3927.27,3319.0,608.27
ORD101093,2025-04-04,20250404,CUST1130,PRD131,3,878.01,52.38,2581.65,1296.03,1285.62
ORD100998,2025-04-04,20250404,CUST1016,PRD130,4,555.04,321.67,1898.49,1298.8,599.69
ORD101142,2025-04-04,20250404,CUST1054,PRD130,3,555.04,132.03,1533.09,974.1,558.99
ORD104989,2025-04-05,20250405,CUST1003,PRD130,1,555.04,19.24,535.8,324.7,211.1
ORD101156,2025-04-05,20250405,CUST1177,PRD124,4,1557.69,99.16,6131.6,3741.92,2389.68
ORD105785,2025-04-05,20250405,CUST1112,PRD124,2,1557.69,167.41,2947.97,1870.96,1077.01
ORD105760,2025-04-05,20250405,CUST1225,PRD105,1,1128.05,163.62,964.43,829.75,134.68
ORD102982,2025-04-05,20250405,CUST1063,PRD131,1,878.01,105.39,772.62,432.01,340.61
ORD106047,2025-04-05,20250405,CUST1119,PRD131,3,878.01,275.15,2358.88,1296.03,1062.85
ORD104898,2025-04-06,20250406,CUST1157,PRD130,4,555.04,120.61,2099.55,1298.8,800.75
ORD104928,2025-04-06,20250406,CUST1225,PRD125,1,831.8,92.31,739.49,607.26,132.23
ORD100986,2025-04-06,20250406,CUST1026,PRD131,5,878.01,7.23,4382.82,2160.05,2222.77
ORD101753,2025-04-06,20250406,CUST1169,PRD124,5,1557.69,515.26,7273.19,4677.4,2595.79
ORD101471,2025-04-06,20250406,CUST1088,PRD110,5,1138.64,633.22,5059.98,2593.75,2466.23
ORD102624,2025-04-06,20250406,CUST1144,PRD131,1,878.01,100.41,777.6,432.01,345.59
ORD101269,2025-04-07,20250407,CUST1074,PRD122,4,1341.58,372.88,4993.44,3372.16,1621.28
ORD103796,2025-04-07,20250407,CUST1167,PRD122,3,1341.58,500.6,3524.14,2529.12,995.02
ORD100599,2025-04-07,20250407,CUST1145,PRD116,3,6250.5,1191.28,17560.22,13236.81,4323.41
ORD105011,2025-04-07,20250407,CUST1245,PRD124,5,1557.69,294.01,7494.44,4677.4,2817.04
ORD105380,2025-04-07,20250407,CUST1014,PRD125,3,831.8,28.46,2466.94,1821.78,645.16
ORD106044,2025-04-07,20250407,CUST1044,PRD122,1,1341.58,22.63,1318.95,843.04,475.91
ORD101925,2025-04-07,20250407,CUST1140,PRD103,5,2340.88,1187.45,10516.95,6155.8,4361.15
ORD100113,2025-04-07,20250407,CUST1136,PRD124,4,1557.69,154.04,6076.72,3741.92,2334.8
ORD105613,2025-04-07,20250407,CUST1164,PRD131,2,878.01,202.55,1553.47,864.02,689.45
ORD100308,2025-04-07,20250407,CUST1084,PRD116,5,6250.5,1347.62,29904.88,22061.35,7843.53
ORD100246,2025-04-07,20250407,CUST1127,PRD127,2,2448.22,75.19,4821.25,2678.86,2142.39
ORD106021,2025-04-08,20250408,CUST1236,PRD126,4,2373.84,256.28,9239.08,6603.4,2635.68
ORD104376,2025-04-08,20250408,CUST1158,PRD116,5,6250.5,451.67,30800.83,22061.35,8739.48
ORD105779,2025-04-08,20250408,CUST1199,PRD127,4,2448.22,84.66,9708.22,5357.72,4350.5
ORD100270,2025-04-08,20250408,CUST1118,PRD125,2,831.8,210.15,1453.45,1214.52,238.93
ORD105700,2025-04-08,20250408,CUST1116,PRD101,4,2720.52,1338.26,9543.82,8124.76,1419.06
ORD100769,2025-04-08,20250408,CUST1069,PRD120,2,11941.0,217.31,23664.69,13935.48,9729.21
ORD104073,2025-04-09,20250409,CUST1199,PRD131,5,878.01,411.4,3978.65,2160.05,1818.6
ORD101425,2025-04-09,20250409,CUST1241,PRD101,3,2720.52,674.1,7487.46,6093.57,1393.89
ORD103668,2025-04-09,20250409,CUST1168,PRD110,1,1138.64,91.02,1047.62,518.75,528.87
ORD105477,2025-04-10,20250410,CUST1164,PRD125,4,831.8,35.36,3291.84,2429.04,862.8
ORD101660,2025-04-10,20250410,CUST1109,PRD120,1,11941.0,1713.22,10227.78,6967.74,3260.04
ORD105218,2025-04-10,20250410,CUST1044,PRD122,4,1341.58,319.94,5046.38,3372.16,1674.22
ORD100092,2025-04-10,20250410,CUST1197,PRD127,1,2448.22,349.25,2098.97,1339.43,759.54
ORD101664,2025-04-10,20250410,CUST1184,PRD122,5,1341.58,175.41,6532.49,4215.2,2317.29
ORD103221,2025-04-11,20250411,CUST1011,PRD125,3,831.8,285.81,2209.59,1821.78,387.81
ORD101475,2025-04-11,20250411,CUST1181,PRD131,1,878.01,128.44,749.57,432.01,317.56
ORD100982,2025-04-11,20250411,CUST1190,PRD131,1,878.01,24.39,853.62,432.01,421.61
ORD100963,2025-04-11,20250411,CUST1035,PRD103,4,2340.88,1284.52,8079.0,4924.64,3154.36
ORD100709,2025-04-11,20250411,CUST1241,PRD125,4,831.8,216.5,3110.7,2429.04,681.66
ORD104840,2025-04-11,20250411,CUST1217,PRD130,5,555.04,120.46,2654.74,1623.5,1031.24
ORD105056,2025-04-11,20250411,CUST1248,PRD125,3,831.8,352.62,2142.78,1821.78,321.0
ORD101808,2025-04-11,20250411,CUST1100,PRD131,2,878.01,192.36,1563.66,864.02,699.64
ORD105810,2025-04-11,20250411,CUST1170,PRD131,4,878.01,214.84,3297.2,1728.04,1569.16
ORD104082,2025-04-11,20250411,CUST1151,PRD105,3,1128.05,279.97,3104.18,2489.25,614.93
ORD101351,2025-04-11,20250411,CUST1175,PRD124,2,1557.69,351.54,2763.84,1870.96,892.88
ORD105939,2025-04-11,20250411,CUST1205,PRD131,4,878.01,400.98,3111.06,1728.04,1383.02
ORD100100,2025-04-12,20250412,CUST1131,PRD108,4,1410.45,278.08,5363.72,3052.08,2311.64
ORD103848,2025-04-12,20250412,CUST1067,PRD110,2,1138.64,331.43,1945.85,1037.5,908.35
ORD103261,2025-04-12,20250412,CUST1073,PRD131,3,878.01,119.55,2514.48,1296.03,1218.45
ORD105773,2025-04-12,20250412,CUST1066,PRD109,1,740.34,71.46,668.88,551.4,117.48
ORD103600,2025-04-12,20250412,CUST1102,PRD122,5,1341.58,955.78,5752.12,4215.2,1536.92
ORD100483,2025-04-12,20250412,CUST1081,PRD130,1,555.04,66.67,488.37,324.7,163.67
ORD101634,2025-04-12,20250412,CUST1120,PRD108,1,1410.45,147.96,1262.49,763.02,499.47
ORD101276,2025-04-12,20250412,CUST1152,PRD123,2,1667.88,374.21,2961.55,2439.88,521.67
ORD104372,2025-04-12,20250412,CUST1195,PRD131,2,878.01,38.77,1717.25,864.02,853.23
ORD102800,2025-04-12,20250412,CUST1152,PRD116,1,6250.5,141.81,6108.69,4412.27,1696.42
ORD105709,2025-04-13,20250413,CUST1156,PRD103,5,2340.88,120.29,11584.11,6155.8,5428.31
ORD102871,2025-04-13,20250413,CUST1233,PRD113,4,2682.38,231.02,10498.5,6280.96,4217.54
ORD103649,2025-04-13,20250413,CUST1175,PRD109,3,740.34,301.05,1919.97,1654.2,265.77
ORD101605,2025-04-13,20250413,CUST1243,PRD104,5,8667.94,2962.88,40376.82,15502.65,24874.17
ORD105304,2025-04-13,20250413,CUST1100,PRD130,2,555.04,70.21,1039.87,649.4,390.47
ORD105359,2025-04-13,20250413,CUST1111,PRD127,3,2448.22,274.17,7070.49,4018.29,3052.2
ORD102666,2025-04-13,20250413,CUST1178,PRD122,1,1341.58,136.71,1204.87,843.04,361.83
ORD105554,2025-04-14,20250414,CUST1045,PRD109,3,740.34,248.25,1972.77,1654.2,318.57
ORD104674,2025-04-14,20250414,CUST1145,PRD125,2,831.8,181.34,1482.26,1214.52,267.74
ORD105601,2025-04-14,20250414,CUST1140,PRD125,2,831.8,225.11,1438.49,1214.52,223.97
ORD102762,2025-04-14,20250414,CUST1080,PRD124,5,1557.69,273.18,7515.27,4677.4,2837.87
ORD105471,2025-04-14,20250414,CUST1213,PRD103,5,2340.88,332.04,11372.36,6155.8,5216.56
ORD101564,2025-04-14,20250414,CUST1055,PRD116,2,6250.5,1050.09,11450.91,8824.54,2626.37
ORD105048,2025-04-14,20250414,CUST1137,PRD125,3,831.8,259.13,2236.27,1821.78,414.49
ORD105561,2025-04-14,20250414,CUST1189,PRD125,4,831.8,232.48,3094.72,2429.04,665.68
ORD103682,2025-04-14,20250414,CUST1174,PRD122,4,1341.58,773.93,4592.39,3372.16,1220.23
ORD104060,2025-04-14,20250414,CUST1024,PRD125,3,831.8,128.25,2367.15,1821.78,545.37
ORD101121,2025-04-14,20250414,CUST1141,PRD124,3,1557.69,693.01,3980.06,2806.44,1173.62
ORD102741,2025-04-14,20250414,CUST1174,PRD106,5,1484.26,268.17,7153.13,4597.8,2555.33
ORD105386,2025-04-14,20250414,CUST1095,PRD104,4,8667.94,104.11,34567.65,12402.12,22165.53
ORD103109,2025-04-14,20250414,CUST1099,PRD125,3,831.8,36.83,2458.57,1821.78,636.79
ORD101225,2025-04-14,20250414,CUST1212,PRD122,4,1341.58,521.17,4845.15,3372.16,1472.99
ORD105108,2025-04-14,20250414,CUST1037,PRD125,4,831.8,100.28,3226.92,2429.04,797.88
ORD103313,2025-04-15,20250415,CUST1093,PRD101,1,2720.52,120.2,2600.32,2031.19,569.13
ORD102836,2025-04-15,20250415,CUST1173,PRD131,3,878.01,12.22,2621.81,1296.03,1325.78
ORD101094,2025-04-15,20250415,CUST1189,PRD124,3,1557.69,305.4,4367.67,2806.44,1561.23
ORD101847,2025-04-15,20250415,CUST1230,PRD108,4,1410.45,319.5,5322.3,3052.08,2270.22
ORD105919,2025-04-15,20250415,CUST1224,PRD109,2,740.34,46.48,1434.2,1102.8,331.4
ORD101750,2025-04-15,20250415,CUST1151,PRD125,1,831.8,91.87,739.93,607.26,132.67
ORD104454,2025-04-16,20250416,CUST1109,PRD104,1,8667.94,251.77,8416.17,3100.53,5315.64
ORD105579,2025-04-16,20250416,CUST1247,PRD110,5,1138.64,502.48,5190.72,2593.75,2596.97
ORD105655,2025-04-16,20250416,CUST1079,PRD127,3,2448.22,183.61,7161.05,4018.29,3142.76
ORD103413,2025-04-16,20250416,CUST1072,PRD101,3,2720.52,775.76,7385.8,6093.57,1292.23
ORD104695,2025-04-16,20250416,CUST1124,PRD110,5,1138.64,250.92,5442.28,2593.75,2848.53
ORD104976,2025-04-16,20250416,CUST1156,PRD131,1,878.01,77.36,800.65,432.01,368.64
ORD104871,2025-04-16,20250416,CUST1128,PRD131,2,878.01,217.11,1538.91,864.02,674.89
ORD104543,2025-04-17,20250417,CUST1206,PRD127,3,2448.22,588.35,6756.31,4018.29,2738.02
ORD105595,2025-04-17,20250417,CUST1203,PRD113,5,2682.38,588.76,12823.14,7851.2,4971.94
ORD105878,2025-04-17,20250417,CUST1211,PRD101,1,2720.52,227.95,2492.57,2031.19,461.38
ORD105324,2025-04-17,20250417,CUST1014,PRD122,3,1341.58,324.43,3700.31,2529.12,1171.19
ORD105647,2025-04-17,20250417,CUST1189,PRD112,2,2391.88,708.5,4075.26,3240.34,834.92
ORD101501,2025-04-17,20250417,CUST1052,PRD130,3,555.04,136.56,1528.56,974.1,554.46
ORD101587,2025-04-17,20250417,CUST1221,PRD101,3,2720.52,158.6,8002.96,6093.57,1909.39
ORD100493,2025-04-17,20250417,CUST1131,PRD116,2,6250.5,1199.48,11301.52,8824.54,2476.98
ORD103929,2025-04-18,20250418,CUST1188,PRD131,1,878.01,116.95,761.06,432.01,329.05
ORD103983,2025-04-18,20250418,CUST1224,PRD122,4,1341.58,205.44,5160.88,3372.16,1788.72
ORD104228,2025-04-18,20250418,CUST1100,PRD131,1,878.01,104.75,773.26,432.01,341.25
ORD102360,2025-04-18,20250418,CUST1194,PRD101,3,2720.52,356.09,7805.47,6093.57,1711.9
ORD100977,2025-04-18,20250418,CUST1195,PRD124,5,1557.69,467.39,7321.06,4677.4,2643.66
ORD100118,2025-04-18,20250418,CUST1215,PRD109,1,740.34,44.02,696.32,551.4,144.92
ORD106091,2025-04-18,20250418,CUST1038,PRD131,2,878.01,96.07,1659.95,864.02,795.93
ORD100168,2025-04-18,20250418,CUST1063,PRD127,5,2448.22,365.41,11875.69,6697.15,5178.54
ORD103437,2025-04-19,20250419,CUST1046,PRD125,5,831.8,609.86,3549.14,3036.3,512.84
ORD103511,2025-04-19,20250419,CUST1231,PRD112,5,2391.88,888.27,11071.13,8100.85,2970.28
ORD103691,2025-04-19,20250419,CUST1218,PRD103,2,2340.88,330.01,4351.75,2462.32,1889.43
ORD103942,2025-04-19,20250419,CUST1216,PRD127,5,2448.22,1286.52,10954.58,6697.15,4257.43
ORD105889,2025-04-19,20250419,CUST1220,PRD105,4,1128.05,404.16,4108.04,3319.0,789.04
ORD100418,2025-04-19,20250419,CUST1094,PRD116,5,6250.5,3932.56,27319.94,22061.35,5258.59
ORD104974,2025-04-19,20250419,CUST1029,PRD101,1,2720.52,330.73,2389.79,2031.19,358.6
ORD105566,2025-04-19,20250419,CUST1188,PRD109,4,740.34,155.79,2805.57,2205.6,599.97
ORD102738,2025-04-19,20250419,CUST1006,PRD124,3,1557.69,404.27,4268.8,2806.44,1462.36
ORD105481,2025-04-19,20250419,CUST1039,PRD110,2,1138.64,218.22,2059.06,1037.5,1021.56
ORD103212,2025-04-19,20250419,CUST1223,PRD125,2,831.8,244.5,1419.1,1214.52,204.58
ORD103315,2025-04-20,20250420,CUST1028,PRD131,2,878.01,61.05,1694.97,864.02,830.95
ORD103548,2025-04-20,20250420,CUST1076,PRD131,3,878.01,199.86,2434.17,1296.03,1138.14
ORD105872,2025-04-20,20250420,CUST1015,PRD124,4,1557.69,695.18,5535.58,3741.92,1793.66
ORD100010,2025-04-20,20250420,CUST1005,PRD126,2,2373.84,286.59,4461.09,3301.7,1159.39
ORD101511,2025-04-20,20250420,CUST1075,PRD130,3,555.04,166.6,1498.52,974.1,524.42
ORD103805,2025-04-20,20250420,CUST1158,PRD131,3,878.01,188.77,2445.26,1296.03,1149.23
ORD105824,2025-04-20,20250420,CUST1190,PRD127,1,2448.22,112.68,2335.54,1339.43,996.11
ORD100903,2025-04-21,20250421,CUST1204,PRD124,1,1557.69,129.23,1428.46,935.48,492.98
ORD101907,2025-04-21,20250421,CUST1218,PRD127,1,2448.22,366.94,2081.28,1339.43,741.85
ORD100521,2025-04-21,20250421,CUST1220,PRD110,5,1138.64,99.93,5593.27,2593.75,2999.52
ORD100765,2025-04-21,20250421,CUST1208,PRD124,1,1557.69,145.52,1412.17,935.48,476.69
ORD105594,2025-04-21,20250421,CUST1064,PRD106,5,1484.26,808.27,6613.03,4597.8,2015.23
ORD105533,2025-04-21,20250421,CUST1035,PRD112,3,2391.88,32.97,7142.67,4860.51,2282.16
ORD103716,2025-04-21,20250421,CUST1180,PRD120,4,11941.0,6430.36,41333.64,27870.96,13462.68
ORD105352,2025-04-21,20250421,CUST1070,PRD109,3,740.34,105.29,2115.73,1654.2,461.53
ORD100386,2025-04-21,20250421,CUST1224,PRD113,2,2682.38,740.29,4624.47,3140.48,1483.99
ORD105205,2025-04-21,20250421,CUST1153,PRD122,4,1341.58,662.59,4703.73,3372.16,1331.57
ORD102467,2025-04-22,20250422,CUST1094,PRD131,4,878.01,16.64,3495.4,1728.04,1767.36
ORD106041,2025-04-22,20250422,CUST1035,PRD120,2,11941.0,3529.49,20352.51,13935.48,6417.03
ORD102036,2025-04-22,20250422,CUST1019,PRD101,5,2720.52,869.99,12732.61,10155.95,2576.66
ORD100330,2025-04-22,20250422,CUST1128,PRD123,4,1667.88,168.21,6503.31,4879.76,1623.55
ORD105854,2025-04-22,20250422,CUST1079,PRD131,3,878.01,381.2,2252.83,1296.03,956.8
ORD103190,2025-04-22,20250422,CUST1088,PRD124,2,1557.69,423.24,2692.14,1870.96,821.18
ORD101232,2025-04-22,20250422,CUST1241,PRD131,1,878.01,32.32,845.69,432.01,413.68
ORD105728,2025-04-22,20250422,CUST1075,PRD111,4,1653.05,798.64,5813.56,4863.28,950.28
ORD102276,2025-04-22,20250422,CUST1090,PRD113,1,2682.38,213.05,2469.33,1570.24,899.09
ORD100924,2025-04-22,20250422,CUST1173,PRD120,4,11941.0,6678.8,41085.2,27870.96,13214.24
ORD105229,2025-04-22,20250422,CUST1187,PRD112,1,2391.88,6.18,2385.7,1620.17,765.53
ORD105924,2025-04-22,20250422,CUST1168,PRD122,1,1341.58,103.22,1238.36,843.04,395.32
ORD105049,2025-04-22,20250422,CUST1099,PRD122,5,1341.58,356.37,6351.53,4215.2,2136.33
ORD102909,2025-04-22,20250422,CUST1245,PRD113,1,2682.38,307.31,2375.07,1570.24,804.83
ORD105893,2025-04-22,20250422,CUST1196,PRD131,3,878.01,30.85,2603.18,1296.03,1307.15
ORD106114,2025-04-23,20250423,CUST1066,PRD101,5,2720.52,959.63,12642.97,10155.95,2487.02
ORD105251,2025-04-23,20250423,CUST1179,PRD130,2,555.04,24.49,1085.59,649.4,436.19
ORD102864,2025-04-23,20250423,CUST1158,PRD105,5,1128.05,219.59,5420.66,4148.75,1271.91
ORD105336,2025-04-23,20250423,CUST1004,PRD124,3,1557.69,572.79,4100.28,2806.44,1293.84
ORD100584,2025-04-23,20250423,CUST1219,PRD128,1,577.0,37.93,539.07,386.92,152.15
ORD103593,2025-04-23,20250423,CUST1122,PRD110,4,1138.64,247.44,4307.12,2075.0,2232.12
ORD105232,2025-04-23,20250423,CUST1151,PRD101,5,2720.52,1020.91,12581.69,10155.95,2425.74
ORD103558,2025-04-23,20250423,CUST1097,PRD127,5,2448.22,349.17,11891.93,6697.15,5194.78
ORD102255,2025-04-23,20250423,CUST1013,PRD125,3,831.8,44.26,2451.14,1821.78,629.36
ORD103061,2025-04-23,20250423,CUST1217,PRD124,2,1557.69,51.91,3063.47,1870.96,1192.51
ORD103530,2025-04-24,20250424,CUST1210,PRD115,1,2955.79,82.21,2873.58,1549.18,1324.4
ORD104929,2025-04-24,20250424,CUST1048,PRD129,2,372.05,3.35,740.75,457.1,283.65
ORD101690,2025-04-24,20250424,CUST1195,PRD131,4,878.01,161.29,3350.75,1728.04,1622.71
ORD106020,2025-04-24,20250424,CUST1220,PRD103,2,2340.88,175.5,4506.26,2462.32,2043.94
ORD103211,2025-04-24,20250424,CUST1187,PRD105,2,1128.05,81.89,2174.21,1659.5,514.71
ORD104642,2025-04-24,20250424,CUST1165,PRD101,2,2720.52,471.31,4969.73,4062.38,907.35
ORD103494,2025-04-24,20250424,CUST1131,PRD101,5,2720.52,1436.31,12166.29,10155.95,2010.34
ORD105405,2025-04-24,20250424,CUST1166,PRD105,1,1128.05,148.71,979.34,829.75,149.59
ORD100450,2025-04-24,20250424,CUST1074,PRD130,5,555.04,265.36,2509.84,1623.5,886.34
ORD100181,2025-04-24,20250424,CUST1058,PRD122,3,1341.58,17.49,4007.25,2529.12,1478.13
ORD105388,2025-04-24,20250424,CUST1008,PRD124,3,1557.69,463.18,4209.89,2806.44,1403.45
ORD105488,2025-04-24,20250424,CUST1184,PRD117,1,3086.39,401.45,2684.94,2087.51,597.43
ORD102279,2025-04-24,20250424,CUST1199,PRD101,3,2720.52,1157.43,7004.13,6093.57,910.56
ORD100643,2025-04-24,20250424,CUST1081,PRD131,2,878.01,242.53,1513.49,864.02,649.47
ORD103793,2025-04-24,20250424,CUST1150,PRD105,4,1128.05,70.36,4441.84,3319.0,1122.84
ORD105705,2025-04-25,20250425,CUST1168,PRD122,3,1341.58,45.14,3979.6,2529.12,1450.48
ORD106057,2025-04-25,20250425,CUST1040,PRD122,3,1341.58,253.05,3771.69,2529.12,1242.57
ORD103731,2025-04-25,20250425,CUST1230,PRD123,1,1667.88,183.49,1484.39,1219.94,264.45
ORD103608,2025-04-25,20250425,CUST1199,PRD101,3,2720.52,935.01,7226.55,6093.57,1132.98
ORD105615,2025-04-25,20250425,CUST1044,PRD127,3,2448.22,886.91,6457.75,4018.29,2439.46
ORD102662,2025-04-25,20250425,CUST1202,PRD116,3,6250.5,117.89,18633.61,13236.81,5396.8
ORD100280,2025-04-25,20250425,CUST1146,PRD127,4,2448.22,925.12,8867.76,5357.72,3510.04
ORD105582,2025-04-25,20250425,CUST1208,PRD130,2,555.04,124.52,985.56,649.4,336.16
ORD105832,2025-04-25,20250425,CUST1194,PRD120,3,11941.0,1490.16,34332.84,20903.22,13429.62
ORD101376,2025-04-26,20250426,CUST1010,PRD109,1,740.34,17.3,723.04,551.4,171.64
ORD105850,2025-04-26,20250426,CUST1112,PRD131,2,878.01,12.78,1743.24,864.02,879.22
ORD101352,2025-04-26,20250426,CUST1048,PRD103,5,2340.88,1723.66,9980.74,6155.8,3824.94
ORD103892,2025-04-26,20250426,CUST1115,PRD111,1,1653.05,70.15,1582.9,1215.82,367.08
ORD104242,2025-04-26,20250426,CUST1002,PRD113,5,2682.38,996.13,12415.77,7851.2,4564.57
ORD104701,2025-04-26,20250426,CUST1224,PRD122,4,1341.58,650.5,4715.82,3372.16,1343.66
ORD102869,2025-04-26,20250426,CUST1067,PRD125,2,831.8,76.79,1586.81,1214.52,372.29
ORD102153,2025-04-26,20250426,CUST1232,PRD112,3,2391.88,279.32,6896.32,4860.51,2035.81
ORD104297,2025-04-26,20250426,CUST1232,PRD109,1,740.34,100.16,640.18,551.4,88.78
ORD105421,2025-04-26,20250426,CUST1029,PRD105,1,1128.05,49.07,1078.98,829.75,249.23
ORD104318,2025-04-26,20250426,CUST1048,PRD124,3,1557.69,97.46,4575.61,2806.44,1769.17
ORD101725,2025-04-27,20250427,CUST1099,PRD130,4,555.04,274.62,1945.54,1298.8,646.74
ORD105447,2025-04-27,20250427,CUST1126,PRD131,3,878.01,305.26,2328.77,1296.03,1032.74
ORD100895,2025-04-27,20250427,CUST1129,PRD128,2,577.0,114.13,1039.87,773.84,266.03
ORD104946,2025-04-27,20250427,CUST1078,PRD128,1,577.0,67.31,509.69,386.92,122.77
ORD104861,2025-04-27,20250427,CUST1160,PRD110,5,1138.64,287.91,5405.29,2593.75,2811.54
ORD105186,2025-04-27,20250427,CUST1136,PRD101,3,2720.52,807.01,7354.55,6093.57,1260.98
ORD100781,2025-04-27,20250427,CUST1048,PRD116,5,6250.5,4618.89,26633.61,22061.35,4572.26
ORD100072,2025-04-27,20250427,CUST1247,PRD112,4,2391.88,1362.46,8205.06,6480.68,1724.38
ORD100150,2025-04-27,20250427,CUST1012,PRD127,2,2448.22,33.03,4863.41,2678.86,2184.55
ORD105660,2025-04-27,20250427,CUST1027,PRD131,2,878.01,158.89,1597.13,864.02,733.11
ORD105686,2025-04-27,20250427,CUST1034,PRD130,4,555.04,161.71,2058.45,1298.8,759.65
ORD100125,2025-04-27,20250427,CUST1172,PRD108,2,1410.45,309.91,2510.99,1526.04,984.95
ORD105362,2025-04-27,20250427,CUST1032,PRD125,5,831.8,258.13,3900.87,3036.3,864.57
ORD105628,2025-04-28,20250428,CUST1138,PRD122,4,1341.58,119.89,5246.43,3372.16,1874.27
ORD105611,2025-04-28,20250428,CUST1186,PRD130,1,555.04,56.33,498.71,324.7,174.01
ORD103347,2025-04-28,20250428,CUST1123,PRD122,3,1341.58,195.82,3828.92,2529.12,1299.8
ORD104933,2025-04-28,20250428,CUST1245,PRD123,1,1667.88,7.19,1660.69,1219.94,440.75
ORD104926,2025-04-28,20250428,CUST1042,PRD113,1,2682.38,283.79,2398.59,1570.24,828.35
ORD100183,2025-04-29,20250429,CUST1200,PRD131,2,878.01,170.42,1585.6,864.02,721.58
ORD100318,2025-04-29,20250429,CUST1107,PRD131,3,878.01,35.63,2598.4,1296.03,1302.37
ORD100990,2025-04-29,20250429,CUST1078,PRD122,4,1341.58,304.1,5062.22,3372.16,1690.06
ORD101811,2025-04-29,20250429,CUST1237,PRD130,2,555.04,51.06,1059.02,649.4,409.62
ORD102223,2025-04-29,20250429,CUST1103,PRD124,2,1557.69,407.97,2707.41,1870.96,836.45
ORD105137,2025-04-29,20250429,CUST1216,PRD125,2,831.8,31.64,1631.96,1214.52,417.44
ORD105568,2025-04-30,20250430,CUST1070,PRD101,5,2720.52,57.6,13545.0,10155.95,3389.05
ORD105556,2025-04-30,20250430,CUST1149,PRD113,4,2682.38,375.44,10354.08,6280.96,4073.12
ORD105587,2025-04-30,20250430,CUST1244,PRD110,2,1138.64,229.69,2047.59,1037.5,1010.09
ORD102640,2025-04-30,20250430,CUST1113,PRD124,5,1557.69,385.22,7403.23,4677.4,2725.83
ORD103503,2025-04-30,20250430,CUST1130,PRD116,1,6250.5,119.24,6131.26,4412.27,1718.99
ORD105437,2025-04-30,20250430,CUST1249,PRD124,2,1557.69,429.32,2686.06,1870.96,815.1
ORD103007,2025-04-30,20250430,CUST1081,PRD101,2,2720.52,290.87,5150.17,4062.38,1087.79
ORD100878,2025-04-30,20250430,CUST1226,PRD131,5,878.01,463.71,3926.34,2160.05,1766.29
ORD102301,2025-04-30,20250430,CUST1075,PRD127,3,2448.22,564.43,6780.23,4018.29,2761.94
ORD104074,2025-04-30,20250430,CUST1056,PRD128,4,577.0,193.81,2114.19,1547.68,566.51
ORD103067,2025-05-01,20250501,CUST1053,PRD125,5,831.8,313.08,3845.92,3036.3,809.62
ORD105913,2025-05-01,20250501,CUST1101,PRD125,2,831.8,102.04,1561.56,1214.52,347.04
ORD102512,2025-05-01,20250501,CUST1075,PRD130,4,555.04,190.0,2030.16,1298.8,731.36
ORD102937,2025-05-01,20250501,CUST1127,PRD122,3,1341.58,156.95,3867.79,2529.12,1338.67
ORD104987,2025-05-01,20250501,CUST1006,PRD127,4,2448.22,1391.69,8401.19,5357.72,3043.47
ORD103436,2025-05-02,20250502,CUST1249,PRD113,5,2682.38,324.64,13087.26,7851.2,5236.06
ORD105915,2025-05-02,20250502,CUST1131,PRD115,5,2955.79,515.31,14263.64,7745.9,6517.74
ORD102924,2025-05-02,20250502,CUST1042,PRD113,1,2682.38,295.45,2386.93,1570.24,816.69
ORD103485,2025-05-02,20250502,CUST1050,PRD120,4,11941.0,5964.48,41799.52,27870.96,13928.56
ORD100179,2025-05-02,20250502,CUST1080,PRD130,2,555.04,3.05,1107.03,649.4,457.63
ORD100594,2025-05-02,20250502,CUST1167,PRD130,3,555.04,1.6,1663.52,974.1,689.42
ORD105432,2025-05-02,20250502,CUST1096,PRD113,4,2682.38,410.87,10318.65,6280.96,4037.69
ORD102142,2025-05-03,20250503,CUST1214,PRD101,3,2720.52,559.5,7602.06,6093.57,1508.49
ORD105322,2025-05-03,20250503,CUST1206,PRD102,1,34011.42,1995.69,32015.73,13531.84,18483.89
ORD101131,2025-05-03,20250503,CUST1193,PRD109,2,740.34,24.52,1456.16,1102.8,353.36
ORD105262,2025-05-03,20250503,CUST1155,PRD103,5,2340.88,62.98,11641.42,6155.8,5485.62
ORD105808,2025-05-03,20250503,CUST1143,PRD109,4,740.34,173.67,2787.69,2205.6,582.09
ORD105290,2025-05-03,20250503,CUST1207,PRD116,2,6250.5,1813.48,10687.52,8824.54,1862.98
ORD101642,2025-05-03,20250503,CUST1179,PRD103,2,2340.88,103.12,4578.64,2462.32,2116.32
ORD104667,2025-05-03,20250503,CUST1202,PRD105,3,1128.05,198.92,3185.23,2489.25,695.98
ORD100195,2025-05-03,20250503,CUST1211,PRD124,4,1557.69,847.48,5383.28,3741.92,1641.36
ORD105247,2025-05-03,20250503,CUST1100,PRD105,1,1128.05,95.91,1032.14,829.75,202.39
ORD103131,2025-05-03,20250503,CUST1161,PRD131,3,878.01,226.34,2407.69,1296.03,1111.66
ORD105164,2025-05-03,20250503,CUST1156,PRD106,1,1484.26,165.52,1318.74,919.56,399.18
ORD105097,2025-05-04,20250504,CUST1203,PRD130,1,555.04,44.51,510.53,324.7,185.83
ORD105427,2025-05-04,20250504,CUST1183,PRD101,1,2720.52,363.5,2357.02,2031.19,325.83
ORD105320,2025-05-04,20250504,CUST1195,PRD122,1,1341.58,90.77,1250.81,843.04,407.77
ORD104818,2025-05-04,20250504,CUST1092,PRD116,3,6250.5,734.95,18016.55,13236.81,4779.74
ORD100641,2025-05-04,20250504,CUST1018,PRD108,5,1410.45,820.5,6231.75,3815.1,2416.65
ORD105830,2025-05-04,20250504,CUST1005,PRD131,1,878.01,22.3,855.71,432.01,423.7
ORD102973,2025-05-04,20250504,CUST1136,PRD103,5,2340.88,691.08,11013.32,6155.8,4857.52
ORD102187,2025-05-04,20250504,CUST1191,PRD127,1,2448.22,220.59,2227.63,1339.43,888.2
ORD101853,2025-05-05,20250505,CUST1241,PRD113,2,2682.38,201.96,5162.8,3140.48,2022.32
ORD105650,2025-05-05,20250505,CUST1137,PRD127,3,2448.22,509.18,6835.48,4018.29,2817.19
ORD102643,2025-05-05,20250505,CUST1118,PRD108,2,1410.45,121.15,2699.75,1526.04,1173.71
ORD103074,2025-05-05,20250505,CUST1061,PRD101,3,2720.52,526.05,7635.51,6093.57,1541.94
ORD105654,2025-05-05,20250505,CUST1163,PRD131,2,878.01,239.31,1516.71,864.02,652.69
ORD104705,2025-05-06,20250506,CUST1153,PRD125,3,831.8,219.91,2275.49,1821.78,453.71
ORD104188,2025-05-06,20250506,CUST1184,PRD131,2,878.01,168.84,1587.18,864.02,723.16
ORD100926,2025-05-06,20250506,CUST1243,PRD125,3,831.8,25.81,2469.59,1821.78,647.81
ORD105563,2025-05-06,20250506,CUST1153,PRD125,4,831.8,244.78,3082.42,2429.04,653.38
ORD103893,2025-05-06,20250506,CUST1194,PRD123,1,1667.88,190.39,1477.49,1219.94,257.55
ORD103673,2025-05-06,20250506,CUST1209,PRD131,4,878.01,95.24,3416.8,1728.04,1688.76
ORD105077,2025-05-06,20250506,CUST1143,PRD125,3,831.8,143.57,2351.83,1821.78,530.05
ORD105719,2025-05-06,20250506,CUST1216,PRD108,2,1410.45,418.65,2402.25,1526.04,876.21
ORD100681,2025-05-06,20250506,CUST1079,PRD131,5,878.01,164.62,4225.43,2160.05,2065.38
ORD104672,2025-05-06,20250506,CUST1051,PRD113,2,2682.38,86.71,5278.05,3140.48,2137.57
ORD100350,2025-05-06,20250506,CUST1103,PRD131,1,878.01,16.63,861.38,432.01,429.37
ORD101321,2025-05-06,20250506,CUST1223,PRD131,2,878.01,90.13,1665.89,864.02,801.87
ORD103187,2025-05-07,20250507,CUST1230,PRD131,4,878.01,497.14,3014.9,1728.04,1286.86
ORD100824,2025-05-07,20250507,CUST1066,PRD122,5,1341.58,851.18,5856.72,4215.2,1641.52
ORD103800,2025-05-07,20250507,CUST1079,PRD131,1,878.01,117.41,760.6,432.01,328.59
ORD103452,2025-05-07,20250507,CUST1081,PRD120,3,11941.0,4991.48,30831.52,20903.22,9928.3
ORD101854,2025-05-07,20250507,CUST1103,PRD105,1,1128.05,108.71,1019.34,829.75,189.59
ORD105930,2025-05-07,20250507,CUST1127,PRD131,2,878.01,108.88,1647.14,864.02,783.12
ORD105976,2025-05-07,20250507,CUST1016,PRD130,1,555.04,8.71,546.33,324.7,221.63
ORD105326,2025-05-07,20250507,CUST1156,PRD124,2,1557.69,52.51,3062.87,1870.96,1191.91
ORD103095,2025-05-07,20250507,CUST1065,PRD112,5,2391.88,1440.04,10519.36,8100.85,2418.51
ORD105415,2025-05-08,20250508,CUST1126,PRD117,2,3086.39,291.06,5881.72,4175.02,1706.7
ORD101530,2025-05-08,20250508,CUST1177,PRD130,4,555.04,83.9,2136.26,1298.8,837.46
ORD100203,2025-05-08,20250508,CUST1088,PRD109,5,740.34,442.79,3258.91,2757.0,501.91
ORD102025,2025-05-08,20250508,CUST1094,PRD103,2,2340.88,561.29,4120.47,2462.32,1658.15
ORD105718,2025-05-08,20250508,CUST1127,PRD109,2,740.34,110.12,1370.56,1102.8,267.76
ORD105297,2025-05-08,20250508,CUST1123,PRD124,4,1557.69,252.86,5977.9,3741.92,2235.98
ORD101707,2025-05-08,20250508,CUST1179,PRD122,3,1341.58,143.74,3881.0,2529.12,1351.88
ORD105991,2025-05-08,20250508,CUST1026,PRD124,3,1557.69,307.42,4365.65,2806.44,1559.21
ORD104727,2025-05-08,20250508,CUST1139,PRD131,5,878.01,261.89,4128.16,2160.05,1968.11
ORD103200,2025-05-08,20250508,CUST1058,PRD122,5,1341.58,337.8,6370.1,4215.2,2154.9
ORD103286,2025-05-08,20250508,CUST1175,PRD116,4,6250.5,1371.8,23630.2,17649.08,5981.12
ORD105371,2025-05-08,20250508,CUST1227,PRD131,3,878.01,36.78,2597.25,1296.03,1301.22
ORD100484,2025-05-09,20250509,CUST1066,PRD113,3,2682.38,915.87,7131.27,4710.72,2420.55
ORD101197,2025-05-09,20250509,CUST1084,PRD113,4,2682.38,1309.17,9420.35,6280.96,3139.39
ORD105652,2025-05-09,20250509,CUST1168,PRD130,4,555.04,141.63,2078.53,1298.8,779.73
ORD102856,2025-05-09,20250509,CUST1066,PRD127,1,2448.22,218.86,2229.36,1339.43,889.93
ORD103778,2025-05-09,20250509,CUST1191,PRD130,5,555.04,407.01,2368.19,1623.5,744.69
ORD104842,2025-05-09,20250509,CUST1040,PRD120,3,11941.0,1991.56,33831.44,20903.22,12928.22
ORD105085,2025-05-09,20250509,CUST1109,PRD108,5,1410.45,467.51,6584.74,3815.1,2769.64
ORD101334,2025-05-10,20250510,CUST1081,PRD120,4,11941.0,6678.37,41085.63,27870.96,13214.67
ORD105332,2025-05-10,20250510,CUST1138,PRD106,3,1484.26,333.95,4118.83,2758.68,1360.15
ORD105667,2025-05-10,20250510,CUST1156,PRD113,3,2682.38,991.34,7055.8,4710.72,2345.08
ORD102851,2025-05-10,20250510,CUST1219,PRD112,4,2391.88,749.1,8818.42,6480.68,2337.74
ORD105890,2025-05-10,20250510,CUST1222,PRD122,4,1341.58,240.87,5125.45,3372.16,1753.29
ORD105951,2025-05-10,20250510,CUST1157,PRD125,3,831.8,206.03,2289.37,1821.78,467.59
ORD104325,2025-05-10,20250510,CUST1246,PRD116,1,6250.5,694.47,5556.03,4412.27,1143.76
ORD102050,2025-05-10,20250510,CUST1008,PRD116,4,6250.5,925.64,24076.36,17649.08,6427.28
ORD104213,2025-05-10,20250510,CUST1036,PRD110,2,1138.64,136.27,2141.01,1037.5,1103.51
ORD100135,2025-05-10,20250510,CUST1068,PRD101,3,2720.52,634.43,7527.13,6093.57,1433.56
ORD105733,2025-05-10,20250510,CUST1170,PRD110,3,1138.64,17.51,3398.41,1556.25,1842.16
ORD103897,2025-05-10,20250510,CUST1162,PRD131,4,878.01,340.72,3171.32,1728.04,1443.28
ORD101448,2025-05-10,20250510,CUST1060,PRD130,2,555.04,153.72,956.36,649.4,306.96
ORD104361,2025-05-11,20250511,CUST1104,PRD122,5,1341.58,348.48,6359.42,4215.2,2144.22
ORD104497,2025-05-11,20250511,CUST1000,PRD131,2,878.01,99.73,1656.29,864.02,792.27
ORD102681,2025-05-11,20250511,CUST1039,PRD130,4,555.04,299.08,1921.08,1298.8,622.28
ORD105307,2025-05-11,20250511,CUST1067,PRD131,3,878.01,208.65,2425.38,1296.03,1129.35
ORD101667,2025-05-11,20250511,CUST1028,PRD125,3,831.8,308.1,2187.3,1821.78,365.52
ORD100510,2025-05-11,20250511,CUST1175,PRD124,4,1557.69,906.45,5324.31,3741.92,1582.39
ORD105341,2025-05-11,20250511,CUST1181,PRD126,2,2373.84,403.94,4343.74,3301.7,1042.04
ORD103287,2025-05-11,20250511,CUST1095,PRD112,1,2391.88,101.47,2290.41,1620.17,670.24
ORD102745,2025-05-11,20250511,CUST1006,PRD108,2,1410.45,111.6,2709.3,1526.04,1183.26
ORD103251,2025-05-11,20250511,CUST1107,PRD124,5,1557.69,192.25,7596.2,4677.4,2918.8
ORD104737,2025-05-11,20250511,CUST1192,PRD131,4,878.01,276.44,3235.6,1728.04,1507.56
ORD105762,2025-05-11,20250511,CUST1241,PRD106,3,1484.26,92.7,4360.08,2758.68,1601.4
ORD100655,2025-05-12,20250512,CUST1133,PRD128,5,577.0,59.69,2825.31,1934.6,890.71
ORD105802,2025-05-12,20250512,CUST1043,PRD101,1,2720.52,259.87,2460.65,2031.19,429.46
ORD105562,2025-05-12,20250512,CUST1023,PRD112,1,2391.88,156.55,2235.33,1620.17,615.16
ORD106040,2025-05-12,20250512,CUST1243,PRD131,1,878.01,28.12,849.89,432.01,417.88
ORD105825,2025-05-12,20250512,CUST1153,PRD101,4,2720.52,1540.32,9341.76,8124.76,1217.0
ORD102022,2025-05-12,20250512,CUST1127,PRD101,3,2720.52,281.83,7879.73,6093.57,1786.16
ORD103559,2025-05-12,20250512,CUST1035,PRD110,5,1138.64,173.43,5519.77,2593.75,2926.02
ORD105820,2025-05-12,20250512,CUST1080,PRD122,3,1341.58,509.92,3514.82,2529.12,985.7
ORD103788,2025-05-12,20250512,CUST1038,PRD124,3,1557.69,516.43,4156.64,2806.44,1350.2
ORD105429,2025-05-12,20250512,CUST1115,PRD130,5,555.04,157.35,2617.85,1623.5,994.35
ORD103683,2025-05-12,20250512,CUST1117,PRD113,2,2682.38,200.59,5164.17,3140.48,2023.69
ORD105046,2025-05-13,20250513,CUST1149,PRD110,4,1138.64,102.38,4452.18,2075.0,2377.18
ORD101163,2025-05-13,20250513,CUST1076,PRD101,3,2720.52,477.87,7683.69,6093.57,1590.12
ORD101532,2025-05-13,20250513,CUST1201,PRD127,5,2448.22,1004.82,11236.28,6697.15,4539.13
ORD106077,2025-05-13,20250513,CUST1050,PRD120,5,11941.0,8645.59,51059.41,34838.7,16220.71
ORD100083,2025-05-13,20250513,CUST1057,PRD131,1,878.01,119.06,758.95,432.01,326.94
ORD102765,2025-05-13,20250513,CUST1037,PRD130,4,555.04,125.63,2094.53,1298.8,795.73
ORD101720,2025-05-13,20250513,CUST1140,PRD131,3,878.01,190.25,2443.78,1296.03,1147.75
ORD104463,2025-05-13,20250513,CUST1180,PRD124,4,1557.69,500.09,5730.67,3741.92,1988.75
ORD105620,2025-05-13,20250513,CUST1234,PRD109,1,740.34,86.25,654.09,551.4,102.69
ORD105975,2025-05-13,20250513,CUST1024,PRD110,2,1138.64,78.43,2198.85,1037.5,1161.35
ORD103814,2025-05-14,20250514,CUST1120,PRD110,3,1138.64,5.52,3410.4,1556.25,1854.15
ORD103311,2025-05-14,20250514,CUST1056,PRD116,5,6250.5,44.31,31208.19,22061.35,9146.84
ORD102750,2025-05-14,20250514,CUST1132,PRD127,2,2448.22,635.32,4261.12,2678.86,1582.26
ORD102260,2025-05-14,20250514,CUST1124,PRD127,3,2448.22,718.99,6625.67,4018.29,2607.38
ORD105355,2025-05-14,20250514,CUST1015,PRD103,5,2340.88,98.14,11606.26,6155.8,5450.46
ORD104811,2025-05-15,20250515,CUST1114,PRD131,3,878.01,79.18,2554.85,1296.03,1258.82
ORD104255,2025-05-15,20250515,CUST1169,PRD131,2,878.01,181.22,1574.8,864.02,710.78
ORD102064,2025-05-15,20250515,CUST1188,PRD112,1,2391.88,129.09,2262.79,1620.17,642.62
ORD105309,2025-05-15,20250515,CUST1230,PRD127,1,2448.22,300.45,2147.77,1339.43,808.34
ORD105328,2025-05-15,20250515,CUST1165,PRD124,2,1557.69,333.87,2781.51,1870.96,910.55
ORD102514,2025-05-15,20250515,CUST1096,PRD101,3,2720.52,47.74,8113.82,6093.57,2020.25
ORD104786,2025-05-16,20250516,CUST1159,PRD127,4,2448.22,1191.26,8601.62,5357.72,3243.9
ORD104965,2025-05-16,20250516,CUST1142,PRD116,4,6250.5,2661.92,22340.08,17649.08,4691.0
ORD105038,2025-05-16,20250516,CUST1024,PRD109,5,740.34,164.9,3536.8,2757.0,779.8
ORD101500,2025-05-16,20250516,CUST1226,PRD131,4,878.01,73.05,3438.99,1728.04,1710.95
ORD105009,2025-05-16,20250516,CUST1051,PRD124,1,1557.69,137.48,1420.21,935.48,484.73
ORD106000,2025-05-16,20250516,CUST1043,PRD109,4,740.34,17.91,2943.45,2205.6,737.85
ORD100225,2025-05-16,20250516,CUST1113,PRD116,3,6250.5,450.76,18300.74,13236.81,5063.93
ORD101902,2025-05-16,20250516,CUST1230,PRD113,2,2682.38,191.65,5173.11,3140.48,2032.63
ORD106097,2025-05-16,20250516,CUST1203,PRD124,4,1557.69,387.95,5842.81,3741.92,2100.89
ORD105340,2025-05-17,20250517,CUST1122,PRD116,2,6250.5,1330.52,11170.48,8824.54,2345.94
ORD105276,2025-05-17,20250517,CUST1240,PRD128,5,577.0,380.81,2504.19,1934.6,569.59
ORD105564,2025-05-17,20250517,CUST1019,PRD112,4,2391.88,1080.07,8487.45,6480.68,2006.77
ORD101693,2025-05-17,20250517,CUST1195,PRD124,4,1557.69,254.52,5976.24,3741.92,2234.32
ORD103228,2025-05-17,20250517,CUST1069,PRD106,3,1484.26,236.5,4216.28,2758.68,1457.6
ORD101886,2025-05-17,20250517,CUST1241,PRD131,4,878.01,84.67,3427.37,1728.04,1699.33
ORD106045,2025-05-17,20250517,CUST1097,PRD116,2,6250.5,1654.1,10846.9,8824.54,2022.36
ORD105668,2025-05-17,20250517,CUST1032,PRD124,2,1557.69,134.36,2981.02,1870.96,1110.06
ORD105711,2025-05-17,20250517,CUST1214,PRD131,2,878.01,36.12,1719.9,864.02,855.88
ORD101497,2025-05-18,20250518,CUST1003,PRD122,3,1341.58,191.7,3833.04,2529.12,1303.92
ORD105591,2025-05-18,20250518,CUST1132,PRD125,2,831.8,153.37,1510.23,1214.52,295.71
ORD104408,2025-05-18,20250518,CUST1170,PRD131,1,878.01,72.58,805.43,432.01,373.42
ORD103819,2025-05-18,20250518,CUST1041,PRD116,2,6250.5,943.84,11557.16,8824.54,2732.62
ORD105489,2025-05-18,20250518,CUST1089,PRD111,2,1653.05,476.27,2829.83,2431.64,398.19
ORD105503,2025-05-18,20250518,CUST1119,PRD113,4,2682.38,1071.08,9658.44,6280.96,3377.48
ORD104223,2025-05-18,20250518,CUST1124,PRD101,2,2720.52,352.21,5088.83,4062.38,1026.45
ORD105860,2025-05-18,20250518,CUST1028,PRD125,5,831.8,135.44,4023.56,3036.3,987.26
ORD104955,2025-05-18,20250518,CUST1151,PRD124,5,1557.69,983.33,6805.12,4677.4,2127.72
ORD102461,2025-05-19,20250519,CUST1095,PRD101,5,2720.52,1971.89,11630.71,10155.95,1474.76
ORD104061,2025-05-19,20250519,CUST1198,PRD131,1,878.01,56.61,821.4,432.01,389.39
ORD100735,2025-05-19,20250519,CUST1181,PRD131,4,878.01,516.18,2995.86,1728.04,1267.82
ORD105221,2025-05-19,20250519,CUST1130,PRD105,4,1128.05,105.04,4407.16,3319.0,1088.16
ORD101880,2025-05-19,20250519,CUST1184,PRD115,2,2955.79,123.34,5788.24,3098.36,2689.88
ORD103883,2025-05-19,20250519,CUST1163,PRD105,5,1128.05,755.62,4884.63,4148.75,735.88
ORD101895,2025-05-19,20250519,CUST1010,PRD113,5,2682.38,892.53,12519.37,7851.2,4668.17
ORD101227,2025-05-19,20250519,CUST1144,PRD124,5,1557.69,944.39,6844.06,4677.4,2166.66
ORD103027,2025-05-19,20250519,CUST1163,PRD101,1,2720.52,165.94,2554.58,2031.19,523.39
ORD105625,2025-05-20,20250520,CUST1152,PRD124,3,1557.69,394.82,4278.25,2806.44,1471.81
ORD103827,2025-05-20,20250520,CUST1127,PRD131,3,878.01,253.46,2380.57,1296.03,1084.54
ORD102622,2025-05-20,20250520,CUST1179,PRD125,5,831.8,570.04,3588.96,3036.3,552.66
ORD103226,2025-05-20,20250520,CUST1054,PRD131,1,878.01,85.91,792.1,432.01,360.09
ORD102369,2025-05-20,20250520,CUST1059,PRD124,1,1557.69,9.69,1548.0,935.48,612.52
ORD104329,2025-05-20,20250520,CUST1178,PRD115,3,2955.79,901.72,7965.65,4647.54,3318.11
ORD102577,2025-05-20,20250520,CUST1130,PRD113,3,2682.38,1131.19,6915.95,4710.72,2205.23
ORD105602,2025-05-20,20250520,CUST1222,PRD128,5,577.0,180.54,2704.46,1934.6,769.86
ORD104369,2025-05-20,20250520,CUST1226,PRD131,2,878.01,220.89,1535.13,864.02,671.11
ORD104277,2025-05-20,20250520,CUST1104,PRD122,2,1341.58,311.09,2372.07,1686.08,685.99
ORD105353,2025-05-20,20250520,CUST1188,PRD108,5,1410.45,697.23,6355.02,3815.1,2539.92
ORD100556,2025-05-20,20250520,CUST1174,PRD116,3,6250.5,2509.75,16241.75,13236.81,3004.94
ORD101846,2025-05-21,20250521,CUST1240,PRD115,5,2955.79,174.96,14603.99,7745.9,6858.09
ORD101529,2025-05-21,20250521,CUST1084,PRD113,5,2682.38,1434.3,11977.6,7851.2,4126.4
ORD104162,2025-05-21,20250521,CUST1109,PRD123,3,1667.88,202.11,4801.53,3659.82,1141.71
ORD105171,2025-05-21,20250521,CUST1113,PRD125,4,831.8,112.89,3214.31,2429.04,785.27
ORD102841,2025-05-21,20250521,CUST1166,PRD116,2,6250.5,296.99,12204.01,8824.54,3379.47
ORD103269,2025-05-21,20250521,CUST1171,PRD101,4,2720.52,1474.61,9407.47,8124.76,1282.71
ORD101763,2025-05-22,20250522,CUST1228,PRD120,1,11941.0,1672.63,10268.37,6967.74,3300.63
ORD102387,2025-05-22,20250522,CUST1040,PRD110,4,1138.64,358.67,4195.89,2075.0,2120.89
ORD104226,2025-05-22,20250522,CUST1050,PRD131,3,878.01,128.21,2505.82,1296.03,1209.79
ORD102540,2025-05-22,20250522,CUST1074,PRD112,5,2391.88,1269.46,10689.94,8100.85,2589.09
ORD105458,2025-05-22,20250522,CUST1232,PRD124,3,1557.69,126.47,4546.6,2806.44,1740.16
ORD105331,2025-05-22,20250522,CUST1184,PRD124,1,1557.69,190.55,1367.14,935.48,431.66
ORD104651,2025-05-22,20250522,CUST1098,PRD130,4,555.04,195.62,2024.54,1298.8,725.74
ORD106004,2025-05-22,20250522,CUST1029,PRD101,1,2720.52,342.34,2378.18,2031.19,346.99
ORD103057,2025-05-22,20250522,CUST1096,PRD104,4,8667.94,1585.6,33086.16,12402.12,20684.04
ORD105838,2025-05-22,20250522,CUST1147,PRD120,1,11941.0,1646.79,10294.21,6967.74,3326.47
ORD105997,2025-05-23,20250523,CUST1010,PRD124,3,1557.69,41.46,4631.61,2806.44,1825.17
ORD104039,2025-05-23,20250523,CUST1224,PRD131,5,878.01,79.05,4311.0,2160.05,2150.95
ORD103975,2025-05-23,20250523,CUST1122,PRD125,3,831.8,64.37,2431.03,1821.78,609.25
ORD106032,2025-05-23,20250523,CUST1247,PRD110,2,1138.64,127.96,2149.32,1037.5,1111.82
ORD102636,2025-05-24,20250524,CUST1011,PRD101,4,2720.52,417.1,10464.98,8124.76,2340.22
ORD102879,2025-05-24,20250524,CUST1206,PRD108,4,1410.45,714.74,4927.06,3052.08,1874.98
ORD102305,2025-05-24,20250524,CUST1232,PRD115,5,2955.79,1660.46,13118.49,7745.9,5372.59
ORD105541,2025-05-24,20250524,CUST1234,PRD120,3,11941.0,1263.66,34559.34,20903.22,13656.12
ORD102471,2025-05-24,20250524,CUST1024,PRD130,5,555.04,22.5,2752.7,1623.5,1129.2
ORD103475,2025-05-24,20250524,CUST1236,PRD127,4,2448.22,544.95,9247.93,5357.72,3890.21
ORD105735,2025-05-24,20250524,CUST1055,PRD101,2,2720.52,200.94,5240.1,4062.38,1177.72
ORD104185,2025-05-25,20250525,CUST1144,PRD108,2,1410.45,98.98,2721.92,1526.04,1195.88
ORD105476,2025-05-25,20250525,CUST1100,PRD127,1,2448.22,199.7,2248.52,1339.43,909.09
ORD106138,2025-05-25,20250525,CUST1148,PRD122,4,1341.58,561.28,4805.04,3372.16,1432.88
ORD105356,2025-05-25,20250525,CUST1121,PRD113,1,2682.38,306.66,2375.72,1570.24,805.48
ORD103621,2025-05-25,20250525,CUST1124,PRD124,5,1557.69,363.37,7425.08,4677.4,2747.68
ORD104266,2025-05-25,20250525,CUST1166,PRD109,4,740.34,49.32,2912.04,2205.6,706.44
ORD103185,2025-05-25,20250525,CUST1094,PRD125,4,831.8,53.49,3273.71,2429.04,844.67
ORD105323,2025-05-25,20250525,CUST1034,PRD122,1,1341.58,5.82,1335.76,843.04,492.72
ORD102327,2025-05-25,20250525,CUST1055,PRD111,1,1653.05,88.32,1564.73,1215.82,348.91
ORD103902,2025-05-25,20250525,CUST1059,PRD124,5,1557.69,293.7,7494.75,4677.4,2817.35
ORD100267,2025-05-26,20250526,CUST1130,PRD112,1,2391.88,161.65,2230.23,1620.17,610.06
ORD104423,2025-05-26,20250526,CUST1095,PRD131,5,878.01,293.34,4096.71,2160.05,1936.66
ORD101187,2025-05-26,20250526,CUST1045,PRD127,3,2448.22,974.16,6370.5,4018.29,2352.21
ORD105979,2025-05-26,20250526,CUST1007,PRD131,3,878.01,259.17,2374.86,1296.03,1078.83
ORD104362,2025-05-26,20250526,CUST1117,PRD116,5,6250.5,3766.28,27486.22,22061.35,5424.87
ORD100540,2025-05-26,20250526,CUST1121,PRD115,1,2955.79,388.51,2567.28,1549.18,1018.1
ORD100431,2025-05-26,20250526,CUST1148,PRD101,3,2720.52,150.26,8011.3,6093.57,1917.73
ORD105822,2025-05-27,20250527,CUST1083,PRD131,1,878.01,80.76,797.25,432.01,365.24
ORD100210,2025-05-27,20250527,CUST1195,PRD124,1,1557.69,169.33,1388.36,935.48,452.88
ORD101081,2025-05-27,20250527,CUST1153,PRD126,4,2373.84,744.05,8751.31,6603.4,2147.91
ORD105947,2025-05-27,20250527,CUST1043,PRD124,5,1557.69,529.68,7258.77,4677.4,2581.37
ORD105683,2025-05-27,20250527,CUST1126,PRD116,1,6250.5,931.47,5319.03,4412.27,906.76
ORD100230,2025-05-27,20250527,CUST1187,PRD125,3,831.8,103.57,2391.83,1821.78,570.05
ORD105231,2025-05-27,20250527,CUST1207,PRD125,2,831.8,203.08,1460.52,1214.52,246.0
ORD102771,2025-05-28,20250528,CUST1240,PRD124,1,1557.69,87.94,1469.75,935.48,534.27
ORD101813,2025-05-28,20250528,CUST1111,PRD112,2,2391.88,403.39,4380.37,3240.34,1140.03
ORD104063,2025-05-29,20250529,CUST1200,PRD131,5,878.01,216.34,4173.71,2160.05,2013.66
ORD103446,2025-05-29,20250529,CUST1217,PRD105,2,1128.05,138.32,2117.78,1659.5,458.28
ORD102367,2025-05-29,20250529,CUST1196,PRD103,1,2340.88,86.84,2254.04,1231.16,1022.88
ORD105210,2025-05-29,20250529,CUST1151,PRD122,2,1341.58,103.45,2579.71,1686.08,893.63
ORD104939,2025-05-29,20250529,CUST1209,PRD113,2,2682.38,661.24,4703.52,3140.48,1563.04
ORD102336,2025-05-29,20250529,CUST1201,PRD124,4,1557.69,128.31,6102.45,3741.92,2360.53
ORD105695,2025-05-29,20250529,CUST1233,PRD116,5,6250.5,1339.51,29912.99,22061.35,7851.64
ORD105057,2025-05-30,20250530,CUST1024,PRD116,4,6250.5,2363.67,22638.33,17649.08,4989.25
ORD102927,2025-05-30,20250530,CUST1234,PRD123,3,1667.88,247.08,4756.56,3659.82,1096.74
ORD100243,2025-05-30,20250530,CUST1027,PRD108,5,1410.45,134.14,6918.11,3815.1,3103.01
ORD101482,2025-05-30,20250530,CUST1012,PRD101,3,2720.52,290.75,7870.81,6093.57,1777.24
ORD102271,2025-05-30,20250530,CUST1083,PRD116,4,6250.5,3213.18,21788.82,17649.08,4139.74
ORD105858,2025-05-30,20250530,CUST1095,PRD122,5,1341.58,433.21,6274.69,4215.2,2059.49
ORD104513,2025-05-30,20250530,CUST1028,PRD131,3,878.01,233.29,2400.74,1296.03,1104.71
ORD100994,2025-05-30,20250530,CUST1119,PRD101,3,2720.52,1219.2,6942.36,6093.57,848.79
ORD100784,2025-05-30,20250530,CUST1235,PRD116,2,6250.5,1257.84,11243.16,8824.54,2418.62
ORD105159,2025-05-30,20250530,CUST1033,PRD124,2,1557.69,262.1,2853.28,1870.96,982.32
ORD100846,2025-05-30,20250530,CUST1108,PRD110,2,1138.64,262.59,2014.69,1037.5,977.19
ORD101048,2025-05-30,20250530,CUST1064,PRD131,2,878.01,206.57,1549.45,864.02,685.43
ORD102366,2025-05-30,20250530,CUST1052,PRD126,5,2373.84,240.57,11628.63,8254.25,3374.38
ORD104419,2025-05-30,20250530,CUST1027,PRD131,5,878.01,525.75,3864.3,2160.05,1704.25
ORD103405,2025-05-31,20250531,CUST1000,PRD131,1,878.01,99.95,778.06,432.01,346.05
ORD103660,2025-05-31,20250531,CUST1170,PRD122,4,1341.58,694.15,4672.17,3372.16,1300.01
ORD105078,2025-05-31,20250531,CUST1118,PRD101,4,2720.52,1436.74,9445.34,8124.76,1320.58
ORD105450,2025-05-31,20250531,CUST1199,PRD127,2,2448.22,444.9,4451.54,2678.86,1772.68
ORD103775,2025-05-31,20250531,CUST1040,PRD115,3,2955.79,892.38,7974.99,4647.54,3327.45
ORD101047,2025-05-31,20250531,CUST1035,PRD122,2,1341.58,169.59,2513.57,1686.08,827.49
ORD102013,2025-05-31,20250531,CUST1045,PRD113,5,2682.38,1426.13,11985.77,7851.2,4134.57
ORD100724,2025-05-31,20250531,CUST1200,PRD116,2,6250.5,137.2,12363.8,8824.54,3539.26
ORD105851,2025-06-01,20250601,CUST1104,PRD130,4,555.04,239.9,1980.26,1298.8,681.46
ORD104469,2025-06-01,20250601,CUST1143,PRD131,4,878.01,385.37,3126.67,1728.04,1398.63
ORD102382,2025-06-01,20250601,CUST1119,PRD124,3,1557.69,289.25,4383.82,2806.44,1577.38
ORD105639,2025-06-01,20250601,CUST1246,PRD131,3,878.01,292.48,2341.55,1296.03,1045.52
ORD103146,2025-06-01,20250601,CUST1221,PRD103,1,2340.88,96.96,2243.92,1231.16,1012.76
ORD104145,2025-06-01,20250601,CUST1090,PRD127,4,2448.22,124.3,9668.58,5357.72,4310.86
ORD100827,2025-06-01,20250601,CUST1244,PRD125,5,831.8,167.02,3991.98,3036.3,955.68
ORD101034,2025-06-01,20250601,CUST1092,PRD120,4,11941.0,323.16,47440.84,27870.96,19569.88
ORD105659,2025-06-02,20250602,CUST1166,PRD122,3,1341.58,333.46,3691.28,2529.12,1162.16
ORD105766,2025-06-02,20250602,CUST1249,PRD116,4,6250.5,1134.15,23867.85,17649.08,6218.77
ORD103236,2025-06-02,20250602,CUST1164,PRD122,3,1341.58,339.55,3685.19,2529.12,1156.07
ORD103101,2025-06-02,20250602,CUST1024,PRD116,3,6250.5,2593.61,16157.89,13236.81,2921.08
ORD105303,2025-06-02,20250602,CUST1210,PRD110,2,1138.64,126.51,2150.77,1037.5,1113.27
ORD104062,2025-06-02,20250602,CUST1004,PRD110,4,1138.64,54.95,4499.61,2075.0,2424.61
ORD106129,2025-06-02,20250602,CUST1207,PRD116,5,6250.5,3857.26,27395.24,22061.35,5333.89
ORD103625,2025-06-02,20250602,CUST1204,PRD125,5,831.8,250.83,3908.17,3036.3,871.87
ORD105982,2025-06-02,20250602,CUST1097,PRD111,2,1653.05,451.26,2854.84,2431.64,423.2
ORD105640,2025-06-02,20250602,CUST1159,PRD122,4,1341.58,168.68,5197.64,3372.16,1825.48
ORD103560,2025-06-03,20250603,CUST1003,PRD130,1,555.04,4.27,550.77,324.7,226.07
ORD106111,2025-06-03,20250603,CUST1106,PRD131,5,878.01,584.09,3805.96,2160.05,1645.91
ORD106137,2025-06-03,20250603,CUST1072,PRD125,4,831.8,246.45,3080.75,2429.04,651.71
ORD102061,2025-06-03,20250603,CUST1107,PRD131,4,878.01,440.71,3071.33,1728.04,1343.29
ORD103791,2025-06-03,20250603,CUST1248,PRD125,2,831.8,229.2,1434.4,1214.52,219.88
ORD104559,2025-06-03,20250603,CUST1160,PRD109,4,740.34,406.11,2555.25,2205.6,349.65
ORD100321,2025-06-03,20250603,CUST1180,PRD108,3,1410.45,211.84,4019.51,2289.06,1730.45
ORD105748,2025-06-03,20250603,CUST1077,PRD131,1,878.01,130.96,747.05,432.01,315.04
ORD103781,2025-06-03,20250603,CUST1231,PRD131,4,878.01,188.99,3323.05,1728.04,1595.01
ORD101423,2025-06-03,20250603,CUST1010,PRD131,2,878.01,76.01,1680.01,864.02,815.99
ORD101110,2025-06-03,20250603,CUST1046,PRD122,5,1341.58,121.93,6585.97,4215.2,2370.77
ORD102324,2025-06-03,20250603,CUST1110,PRD127,3,2448.22,745.87,6598.79,4018.29,2580.5
ORD102373,2025-06-03,20250603,CUST1192,PRD115,5,2955.79,1917.93,12861.02,7745.9,5115.12
ORD103490,2025-06-04,20250604,CUST1224,PRD131,5,878.01,71.49,4318.56,2160.05,2158.51
ORD105807,2025-06-04,20250604,CUST1187,PRD124,1,1557.69,97.24,1460.45,935.48,524.97
ORD105547,2025-06-04,20250604,CUST1162,PRD124,4,1557.69,359.27,5871.49,3741.92,2129.57
ORD105757,2025-06-04,20250604,CUST1165,PRD127,1,2448.22,305.77,2142.45,1339.43,803.02
ORD101756,2025-06-04,20250604,CUST1215,PRD131,1,878.01,89.99,788.02,432.01,356.01
ORD105938,2025-06-04,20250604,CUST1226,PRD112,4,2391.88,466.95,9100.57,6480.68,2619.89
ORD105874,2025-06-04,20250604,CUST1014,PRD131,2,878.01,45.58,1710.44,864.02,846.42
ORD105037,2025-06-04,20250604,CUST1110,PRD116,2,6250.5,528.69,11972.31,8824.54,3147.77
ORD101383,2025-06-04,20250604,CUST1131,PRD127,3,2448.22,616.94,6727.72,4018.29,2709.43
ORD104518,2025-06-04,20250604,CUST1111,PRD115,1,2955.79,2.52,2953.27,1549.18,1404.09
ORD105140,2025-06-04,20250604,CUST1167,PRD130,4,555.04,175.36,2044.8,1298.8,746.0
ORD105121,2025-06-05,20250605,CUST1073,PRD124,3,1557.69,294.52,4378.55,2806.44,1572.11
ORD104006,2025-06-05,20250605,CUST1147,PRD130,2,555.04,159.43,950.65,649.4,301.25
ORD102991,2025-06-05,20250605,CUST1084,PRD112,1,2391.88,279.56,2112.32,1620.17,492.15
ORD102063,2025-06-05,20250605,CUST1073,PRD109,2,740.34,23.26,1457.42,1102.8,354.62
ORD102240,2025-06-05,20250605,CUST1018,PRD125,2,831.8,37.3,1626.3,1214.52,411.78
ORD105957,2025-06-05,20250605,CUST1066,PRD116,1,6250.5,886.07,5364.43,4412.27,952.16
ORD101479,2025-06-05,20250605,CUST1128,PRD131,2,878.01,113.38,1642.64,864.02,778.62
ORD104697,2025-06-05,20250605,CUST1022,PRD122,4,1341.58,601.37,4764.95,3372.16,1392.79
ORD105899,2025-06-06,20250606,CUST1084,PRD123,4,1667.88,29.22,6642.3,4879.76,1762.54
ORD100410,2025-06-06,20250606,CUST1048,PRD131,5,878.01,155.14,4234.91,2160.05,2074.86
ORD105737,2025-06-06,20250606,CUST1216,PRD124,1,1557.69,20.31,1537.38,935.48,601.9
ORD101793,2025-06-06,20250606,CUST1202,PRD120,5,11941.0,6341.33,53363.67,34838.7,18524.97
ORD102021,2025-06-06,20250606,CUST1157,PRD131,5,878.01,596.97,3793.08,2160.05,1633.03
ORD100361,2025-06-06,20250606,CUST1032,PRD101,4,2720.52,366.19,10515.89,8124.76,2391.13
ORD100935,2025-06-06,20250606,CUST1155,PRD127,2,2448.22,703.71,4192.73,2678.86,1513.87
ORD105783,2025-06-06,20250606,CUST1205,PRD131,4,878.01,201.06,3310.98,1728.04,1582.94
ORD102126,2025-06-06,20250606,CUST1189,PRD116,5,6250.5,2643.05,28609.45,22061.35,6548.1
ORD105438,2025-06-06,20250606,CUST1049,PRD130,5,555.04,88.17,2687.03,1623.5,1063.53
ORD102969,2025-06-06,20250606,CUST1032,PRD122,5,1341.58,42.67,6665.23,4215.2,2450.03
ORD103880,2025-06-06,20250606,CUST1038,PRD130,4,555.04,112.24,2107.92,1298.8,809.12
ORD105933,2025-06-06,20250606,CUST1190,PRD105,4,1128.05,317.72,4194.48,3319.0,875.48
ORD102754,2025-06-07,20250607,CUST1174,PRD131,2,878.01,49.24,1706.78,864.02,842.76
ORD102033,2025-06-07,20250607,CUST1231,PRD105,4,1128.05,509.28,4002.92,3319.0,683.92
ORD104822,2025-06-07,20250607,CUST1211,PRD120,5,11941.0,1954.81,57750.19,34838.7,22911.49
ORD104311,2025-06-07,20250607,CUST1222,PRD111,2,1653.05,77.95,3228.15,2431.64,796.51
ORD103562,2025-06-07,20250607,CUST1043,PRD101,3,2720.52,368.76,7792.8,6093.57,1699.23
ORD102992,2025-06-07,20250607,CUST1114,PRD122,2,1341.58,3.06,2680.1,1686.08,994.02
ORD106078,2025-06-08,20250608,CUST1073,PRD108,2,1410.45,158.73,2662.17,1526.04,1136.13
ORD103570,2025-06-08,20250608,CUST1034,PRD131,2,878.01,216.63,1539.39,864.02,675.37
ORD104002,2025-06-08,20250608,CUST1051,PRD131,5,878.01,524.66,3865.39,2160.05,1705.34
ORD103661,2025-06-08,20250608,CUST1175,PRD113,1,2682.38,216.33,2466.05,1570.24,895.81
ORD105487,2025-06-08,20250608,CUST1042,PRD125,5,831.8,425.84,3733.16,3036.3,696.86
ORD104881,2025-06-08,20250608,CUST1109,PRD109,4,740.34,173.57,2787.79,2205.6,582.19
ORD104441,2025-06-08,20250608,CUST1194,PRD124,2,1557.69,32.1,3083.28,1870.96,1212.32
ORD106063,2025-06-08,20250608,CUST1075,PRD110,1,1138.64,1.72,1136.92,518.75,618.17
ORD105965,2025-06-08,20250608,CUST1085,PRD109,3,740.34,269.6,1951.42,1654.2,297.22
ORD103482,2025-06-08,20250608,CUST1193,PRD105,1,1128.05,76.17,1051.88,829.75,222.13
ORD102235,2025-06-08,20250608,CUST1129,PRD125,3,831.8,263.23,2232.17,1821.78,410.39
ORD104456,2025-06-08,20250608,CUST1024,PRD131,1,878.01,90.5,787.51,432.01,355.5
ORD100220,2025-06-08,20250608,CUST1015,PRD113,5,2682.38,1849.73,11562.17,7851.2,3710.97
ORD105117,2025-06-08,20250608,CUST1164,PRD110,3,1138.64,456.74,2959.18,1556.25,1402.93
ORD100973,2025-06-08,20250608,CUST1020,PRD109,1,740.34,64.78,675.56,551.4,124.16
ORD105799,2025-06-09,20250609,CUST1002,PRD131,1,878.01,76.75,801.26,432.01,369.25
ORD105574,2025-06-09,20250609,CUST1088,PRD125,4,831.8,71.27,3255.93,2429.04,826.89
ORD105571,2025-06-09,20250609,CUST1182,PRD105,1,1128.05,51.76,1076.29,829.75,246.54
ORD102630,2025-06-09,20250609,CUST1136,PRD105,3,1128.05,337.21,3046.94,2489.25,557.69
ORD105617,2025-06-09,20250609,CUST1054,PRD110,5,1138.64,674.88,5018.32,2593.75,2424.57
ORD105565,2025-06-09,20250609,CUST1182,PRD113,3,2682.38,171.42,7875.72,4710.72,3165.0
ORD105908,2025-06-09,20250609,CUST1042,PRD103,1,2340.88,292.68,2048.2,1231.16,817.04
ORD101071,2025-06-09,20250609,CUST1243,PRD127,1,2448.22,10.23,2437.99,1339.43,1098.56
ORD100161,2025-06-10,20250610,CUST1066,PRD124,2,1557.69,382.77,2732.61,1870.96,861.65
ORD106134,2025-06-10,20250610,CUST1031,PRD116,4,6250.5,646.59,24355.41,17649.08,6706.33
ORD100023,2025-06-10,20250610,CUST1236,PRD131,3,878.01,251.79,2382.24,1296.03,1086.21
ORD105953,2025-06-10,20250610,CUST1176,PRD109,3,740.34,31.1,2189.92,1654.2,535.72
ORD100976,2025-06-10,20250610,CUST1170,PRD103,3,2340.88,872.63,6150.01,3693.48,2456.53
ORD104093,2025-06-10,20250610,CUST1104,PRD116,5,6250.5,3589.55,27662.95,22061.35,5601.6
ORD100122,2025-06-10,20250610,CUST1049,PRD113,1,2682.38,144.28,2538.1,1570.24,967.86
ORD105891,2025-06-10,20250610,CUST1184,PRD110,2,1138.64,290.81,1986.47,1037.5,948.97
ORD102664,2025-06-10,20250610,CUST1090,PRD124,5,1557.69,254.77,7533.68,4677.4,2856.28
ORD105000,2025-06-10,20250610,CUST1191,PRD130,2,555.04,85.65,1024.43,649.4,375.03
ORD105569,2025-06-11,20250611,CUST1059,PRD105,5,1128.05,513.05,5127.2,4148.75,978.45
ORD101635,2025-06-11,20250611,CUST1036,PRD102,3,34011.42,4441.51,97592.75,40595.52,56997.23
ORD102241,2025-06-11,20250611,CUST1057,PRD101,3,2720.52,988.76,7172.8,6093.57,1079.23
ORD105581,2025-06-11,20250611,CUST1117,PRD131,5,878.01,469.72,3920.33,2160.05,1760.28
ORD101343,2025-06-11,20250611,CUST1005,PRD101,5,2720.52,1795.79,11806.81,10155.95,1650.86
ORD100932,2025-06-11,20250611,CUST1204,PRD130,4,555.04,319.71,1900.45,1298.8,601.65
ORD101558,2025-06-11,20250611,CUST1099,PRD131,3,878.01,352.92,2281.11,1296.03,985.08
ORD105651,2025-06-11,20250611,CUST1184,PRD101,1,2720.52,292.75,2427.77,2031.19,396.58
ORD103830,2025-06-11,20250611,CUST1103,PRD101,3,2720.52,738.5,7423.06,6093.57,1329.49
ORD102210,2025-06-11,20250611,CUST1249,PRD111,5,1653.05,793.29,7471.96,6079.1,1392.86
ORD102341,2025-06-12,20250612,CUST1226,PRD108,5,1410.45,235.77,6816.48,3815.1,3001.38
ORD105260,2025-06-12,20250612,CUST1232,PRD131,1,878.01,123.23,754.78,432.01,322.77
ORD100625,2025-06-12,20250612,CUST1096,PRD122,2,1341.58,312.34,2370.82,1686.08,684.74
ORD104598,2025-06-12,20250612,CUST1207,PRD113,5,2682.38,913.95,12497.95,7851.2,4646.75
ORD104846,2025-06-12,20250612,CUST1033,PRD116,1,6250.5,883.07,5367.43,4412.27,955.16
ORD101818,2025-06-12,20250612,CUST1055,PRD113,3,2682.38,308.53,7738.61,4710.72,3027.89
ORD103727,2025-06-12,20250612,CUST1182,PRD131,5,878.01,568.28,3821.77,2160.05,1661.72
ORD102700,2025-06-12,20250612,CUST1239,PRD105,5,1128.05,477.83,5162.42,4148.75,1013.67
ORD100858,2025-06-13,20250613,CUST1019,PRD127,3,2448.22,1077.27,6267.39,4018.29,2249.1
ORD106043,2025-06-13,20250613,CUST1054,PRD123,2,1667.88,28.05,3307.71,2439.88,867.83
ORD106023,2025-06-13,20250613,CUST1226,PRD101,2,2720.52,54.06,5386.98,4062.38,1324.6
ORD105793,2025-06-13,20250613,CUST1022,PRD130,4,555.04,63.74,2156.42,1298.8,857.62
ORD100861,2025-06-13,20250613,CUST1026,PRD131,3,878.01,3.25,2630.78,1296.03,1334.75
ORD101727,2025-06-13,20250613,CUST1080,PRD131,4,878.01,512.65,2999.39,1728.04,1271.35
ORD104868,2025-06-13,20250613,CUST1141,PRD115,5,2955.79,433.6,14345.35,7745.9,6599.45
ORD105334,2025-06-13,20250613,CUST1060,PRD127,5,2448.22,1128.41,11112.69,6697.15,4415.54
ORD105453,2025-06-13,20250613,CUST1237,PRD101,5,2720.52,544.42,13058.18,10155.95,2902.23
ORD102477,2025-06-13,20250613,CUST1051,PRD103,2,2340.88,683.71,3998.05,2462.32,1535.73
ORD103178,2025-06-13,20250613,CUST1201,PRD122,2,1341.58,184.66,2498.5,1686.08,812.42
ORD101978,2025-06-14,20250614,CUST1169,PRD131,4,878.01,512.5,2999.54,1728.04,1271.5
ORD105543,2025-06-14,20250614,CUST1064,PRD101,4,2720.52,1548.29,9333.79,8124.76,1209.03
ORD105580,2025-06-14,20250614,CUST1217,PRD128,3,577.0,46.81,1684.19,1160.76,523.43
ORD100121,2025-06-14,20250614,CUST1236,PRD122,2,1341.58,215.25,2467.91,1686.08,781.83
ORD102620,2025-06-14,20250614,CUST1077,PRD127,4,2448.22,1393.41,8399.47,5357.72,3041.75
ORD105266,2025-06-14,20250614,CUST1247,PRD124,5,1557.69,134.4,7654.05,4677.4,2976.65
ORD101997,2025-06-14,20250614,CUST1233,PRD124,2,1557.69,162.86,2952.52,1870.96,1081.56
ORD101622,2025-06-14,20250614,CUST1094,PRD101,1,2720.52,157.35,2563.17,2031.19,531.98
ORD104333,2025-06-15,20250615,CUST1026,PRD131,3,878.01,282.23,2351.8,1296.03,1055.77
ORD102695,2025-06-15,20250615,CUST1104,PRD108,3,1410.45,15.61,4215.74,2289.06,1926.68
ORD103916,2025-06-15,20250615,CUST1247,PRD112,2,2391.88,716.49,4067.27,3240.34,826.93
ORD104773,2025-06-15,20250615,CUST1242,PRD110,3,1138.64,313.91,3102.01,1556.25,1545.76
ORD105363,2025-06-15,20250615,CUST1191,PRD101,2,2720.52,787.12,4653.92,4062.38,591.54
ORD101031,2025-06-15,20250615,CUST1033,PRD125,3,831.8,221.26,2274.14,1821.78,452.36
ORD105469,2025-06-15,20250615,CUST1205,PRD130,5,555.04,106.21,2668.99,1623.5,1045.49
ORD100004,2025-06-15,20250615,CUST1161,PRD125,4,831.8,234.45,3092.75,2429.04,663.71
ORD105859,2025-06-15,20250615,CUST1246,PRD110,2,1138.64,145.5,2131.78,1037.5,1094.28
ORD101207,2025-06-16,20250616,CUST1153,PRD123,3,1667.88,266.98,4736.66,3659.82,1076.84
ORD104094,2025-06-16,20250616,CUST1176,PRD129,3,372.05,133.58,982.57,685.65,296.92
ORD101830,2025-06-16,20250616,CUST1083,PRD124,1,1557.69,86.3,1471.39,935.48,535.91
ORD101304,2025-06-16,20250616,CUST1233,PRD122,5,1341.58,523.27,6184.63,4215.2,1969.43
ORD100339,2025-06-16,20250616,CUST1103,PRD108,4,1410.45,226.55,5415.25,3052.08,2363.17
ORD102473,2025-06-16,20250616,CUST1048,PRD124,2,1557.69,310.89,2804.49,1870.96,933.53
ORD104590,2025-06-16,20250616,CUST1179,PRD110,4,1138.64,489.08,4065.48,2075.0,1990.48
ORD102390,2025-06-16,20250616,CUST1031,PRD109,1,740.34,46.97,693.37,551.4,141.97
ORD105264,2025-06-17,20250617,CUST1024,PRD129,1,372.05,38.55,333.5,228.55,104.95
ORD100604,2025-06-17,20250617,CUST1161,PRD131,2,878.01,5.32,1750.7,864.02,886.68
ORD101814,2025-06-17,20250617,CUST1043,PRD112,5,2391.88,847.65,11111.75,8100.85,3010.9
ORD106103,2025-06-17,20250617,CUST1242,PRD113,3,2682.38,50.21,7996.93,4710.72,3286.21
ORD102394,2025-06-17,20250617,CUST1248,PRD127,5,2448.22,539.54,11701.56,6697.15,5004.41
ORD100711,2025-06-17,20250617,CUST1096,PRD130,3,555.04,91.34,1573.78,974.1,599.68
ORD100726,2025-06-17,20250617,CUST1199,PRD108,2,1410.45,0.12,2820.78,1526.04,1294.74
ORD103003,2025-06-17,20250617,CUST1007,PRD110,5,1138.64,414.12,5279.08,2593.75,2685.33
ORD101989,2025-06-17,20250617,CUST1247,PRD130,1,555.04,50.92,504.12,324.7,179.42
ORD104864,2025-06-17,20250617,CUST1125,PRD103,5,2340.88,979.96,10724.44,6155.8,4568.64
ORD104833,2025-06-17,20250617,CUST1158,PRD130,2,555.04,117.0,993.08,649.4,343.68
ORD103099,2025-06-18,20250618,CUST1141,PRD103,1,2340.88,40.08,2300.8,1231.16,1069.64
ORD101868,2025-06-18,20250618,CUST1153,PRD101,4,2720.52,1304.82,9577.26,8124.76,1452.5
ORD103719,2025-06-18,20250618,CUST1045,PRD105,5,1128.05,521.92,5118.33,4148.75,969.58
ORD104391,2025-06-18,20250618,CUST1036,PRD113,3,2682.38,8.33,8038.81,4710.72,3328.09
ORD104525,2025-06-19,20250619,CUST1086,PRD131,2,878.01,256.97,1499.05,864.02,635.03
ORD100182,2025-06-19,20250619,CUST1174,PRD115,4,2955.79,718.01,11105.15,6196.72,4908.43
ORD105677,2025-06-19,20250619,CUST1161,PRD123,4,1667.88,408.05,6263.47,4879.76,1383.71
ORD103820,2025-06-19,20250619,CUST1210,PRD125,4,831.8,159.04,3168.16,2429.04,739.12
ORD102913,2025-06-19,20250619,CUST1224,PRD113,1,2682.38,303.25,2379.13,1570.24,808.89
ORD101824,2025-06-19,20250619,CUST1173,PRD131,4,878.01,150.15,3361.89,1728.04,1633.85
ORD105803,2025-06-19,20250619,CUST1150,PRD127,4,2448.22,997.12,8795.76,5357.72,3438.04
ORD101017,2025-06-19,20250619,CUST1029,PRD110,4,1138.64,545.83,4008.73,2075.0,1933.73
ORD105999,2025-06-19,20250619,CUST1147,PRD109,1,740.34,41.69,698.65,551.4,147.25
ORD105055,2025-06-19,20250619,CUST1038,PRD124,1,1557.69,90.29,1467.4,935.48,531.92
ORD103416,2025-06-19,20250619,CUST1157,PRD131,3,878.01,93.11,2540.92,1296.03,1244.89
ORD101592,2025-06-20,20250620,CUST1167,PRD131,1,878.01,10.57,867.44,432.01,435.43
ORD105935,2025-06-20,20250620,CUST1092,PRD119,2,1360.87,46.42,2675.32,1618.12,1057.2
ORD101740,2025-06-20,20250620,CUST1033,PRD108,1,1410.45,187.37,1223.08,763.02,460.06
ORD106035,2025-06-20,20250620,CUST1105,PRD101,4,2720.52,1513.07,9369.01,8124.76,1244.25
ORD102688,2025-06-20,20250620,CUST1214,PRD101,1,2720.52,59.39,2661.13,2031.19,629.94
ORD100959,2025-06-20,20250620,CUST1018,PRD122,1,1341.58,64.79,1276.79,843.04,433.75
ORD105156,2025-06-21,20250621,CUST1098,PRD119,1,1360.87,183.95,1176.92,809.06,367.86
ORD103850,2025-06-21,20250621,CUST1159,PRD124,1,1557.69,103.41,1454.28,935.48,518.8
ORD102488,2025-06-21,20250621,CUST1105,PRD110,2,1138.64,295.0,1982.28,1037.5,944.78
ORD100156,2025-06-21,20250621,CUST1065,PRD124,4,1557.69,393.23,5837.53,3741.92,2095.61
ORD105349,2025-06-21,20250621,CUST1101,PRD116,2,6250.5,746.1,11754.9,8824.54,2930.36
ORD100454,2025-06-21,20250621,CUST1158,PRD124,1,1557.69,169.53,1388.16,935.48,452.68
ORD105898,2025-06-21,20250621,CUST1139,PRD108,5,1410.45,922.03,6130.22,3815.1,2315.12
ORD101408,2025-06-21,20250621,CUST1096,PRD131,2,878.01,229.39,1526.63,864.02,662.61
ORD105730,2025-06-22,20250622,CUST1155,PRD131,4,878.01,99.8,3412.24,1728.04,1684.2
ORD105461,2025-06-22,20250622,CUST1093,PRD124,5,1557.69,309.51,7478.94,4677.4,2801.54
ORD101952,2025-06-22,20250622,CUST1114,PRD125,5,831.8,68.53,4090.47,3036.3,1054.17
ORD103302,2025-06-22,20250622,CUST1227,PRD127,5,2448.22,1569.81,10671.29,6697.15,3974.14
ORD106052,2025-06-22,20250622,CUST1087,PRD131,2,878.01,132.28,1623.74,864.02,759.72
ORD105434,2025-06-22,20250622,CUST1232,PRD105,5,1128.05,476.31,5163.94,4148.75,1015.19
ORD102458,2025-06-22,20250622,CUST1127,PRD109,2,740.34,202.19,1278.49,1102.8,175.69
ORD101002,2025-06-22,20250622,CUST1005,PRD130,4,555.04,1.36,2218.8,1298.8,920.0
ORD106025,2025-06-22,20250622,CUST1067,PRD109,1,740.34,65.35,674.99,551.4,123.59
ORD105876,2025-06-22,20250622,CUST1039,PRD131,2,878.01,156.02,1600.0,864.02,735.98
ORD106011,2025-06-22,20250622,CUST1033,PRD131,4,878.01,187.3,3324.74,1728.04,1596.7
ORD101332,2025-06-22,20250622,CUST1217,PRD130,5,555.04,35.14,2740.06,1623.5,1116.56
ORD105644,2025-06-23,20250623,CUST1044,PRD115,4,2955.79,1736.22,10086.94,6196.72,3890.22
ORD101226,2025-06-23,20250623,CUST1171,PRD124,3,1557.69,694.78,3978.29,2806.44,1171.85
ORD104133,2025-06-23,20250623,CUST1196,PRD130,3,555.04,74.99,1590.13,974.1,616.03
ORD101931,2025-06-23,20250623,CUST1203,PRD104,3,8667.94,2777.93,23225.89,9301.59,13924.3
ORD103488,2025-06-23,20250623,CUST1009,PRD101,5,2720.52,767.64,12834.96,10155.95,2679.01
ORD102262,2025-06-23,20250623,CUST1041,PRD116,1,6250.5,909.77,5340.73,4412.27,928.46
ORD105699,2025-06-23,20250623,CUST1086,PRD109,4,740.34,293.31,2668.05,2205.6,462.45
ORD105254,2025-06-23,20250623,CUST1032,PRD124,2,1557.69,230.68,2884.7,1870.96,1013.74
ORD104768,2025-06-23,20250623,CUST1163,PRD116,4,6250.5,1098.99,23903.01,17649.08,6253.93
ORD101194,2025-06-23,20250623,CUST1242,PRD131,2,878.01,246.09,1509.93,864.02,645.91
ORD103038,2025-06-24,20250624,CUST1087,PRD109,2,740.34,161.29,1319.39,1102.8,216.59
ORD104753,2025-06-24,20250624,CUST1127,PRD116,1,6250.5,579.62,5670.88,4412.27,1258.61
ORD103295,2025-06-24,20250624,CUST1234,PRD127,2,2448.22,683.7,4212.74,2678.86,1533.88
ORD103239,2025-06-24,20250624,CUST1186,PRD125,5,831.8,153.47,4005.53,3036.3,969.23
ORD101165,2025-06-24,20250624,CUST1099,PRD131,3,878.01,215.67,2418.36,1296.03,1122.33
ORD102144,2025-06-24,20250624,CUST1199,PRD104,5,8667.94,5527.86,37811.84,15502.65,22309.19
ORD103070,2025-06-24,20250624,CUST1113,PRD125,4,831.8,327.83,2999.37,2429.04,570.33
ORD104271,2025-06-25,20250625,CUST1006,PRD109,4,740.34,352.47,2608.89,2205.6,403.29
ORD101738,2025-06-25,20250625,CUST1088,PRD122,2,1341.58,211.31,2471.85,1686.08,785.77
ORD101223,2025-06-25,20250625,CUST1054,PRD131,3,878.01,383.34,2250.69,1296.03,954.66
ORD103136,2025-06-25,20250625,CUST1025,PRD128,3,577.0,11.52,1719.48,1160.76,558.72
ORD105342,2025-06-25,20250625,CUST1195,PRD131,2,878.01,38.22,1717.8,864.02,853.78
ORD102170,2025-06-25,20250625,CUST1006,PRD109,2,740.34,5.95,1474.73,1102.8,371.93
ORD104458,2025-06-26,20250626,CUST1166,PRD101,3,2720.52,510.67,7650.89,6093.57,1557.32
ORD104180,2025-06-26,20250626,CUST1113,PRD131,3,878.01,182.34,2451.69,1296.03,1155.66
ORD100077,2025-06-26,20250626,CUST1173,PRD131,5,878.01,473.28,3916.77,2160.05,1756.72
ORD103635,2025-06-26,20250626,CUST1150,PRD124,2,1557.69,224.5,2890.88,1870.96,1019.92
ORD103073,2025-06-26,20250626,CUST1102,PRD103,5,2340.88,1090.94,10613.46,6155.8,4457.66
ORD103941,2025-06-26,20250626,CUST1138,PRD131,2,878.01,110.3,1645.72,864.02,781.7
ORD105466,2025-06-26,20250626,CUST1206,PRD120,5,11941.0,8170.91,51534.09,34838.7,16695.39
ORD105608,2025-06-26,20250626,CUST1181,PRD103,3,2340.88,974.09,6048.55,3693.48,2355.07
ORD105146,2025-06-26,20250626,CUST1201,PRD125,4,831.8,150.77,3176.43,2429.04,747.39
ORD105379,2025-06-26,20250626,CUST1035,PRD127,1,2448.22,84.86,2363.36,1339.43,1023.93
ORD101426,2025-06-27,20250627,CUST1167,PRD125,2,831.8,9.98,1653.62,1214.52,439.1
ORD105250,2025-06-27,20250627,CUST1087,PRD122,3,1341.58,430.3,3594.44,2529.12,1065.32
ORD103569,2025-06-27,20250627,CUST1072,PRD111,5,1653.05,886.67,7378.58,6079.1,1299.48
ORD106056,2025-06-27,20250627,CUST1207,PRD130,1,555.04,77.87,477.17,324.7,152.47
ORD101545,2025-06-27,20250627,CUST1211,PRD124,5,1557.69,774.68,7013.77,4677.4,2336.37
ORD104892,2025-06-28,20250628,CUST1036,PRD101,1,2720.52,51.98,2668.54,2031.19,637.35
ORD103504,2025-06-28,20250628,CUST1029,PRD118,2,1714.96,133.63,3296.29,1786.42,1509.87
ORD105559,2025-06-28,20250628,CUST1160,PRD103,1,2340.88,120.86,2220.02,1231.16,988.86
ORD101008,2025-06-28,20250628,CUST1177,PRD127,4,2448.22,822.4,8970.48,5357.72,3612.76
ORD103574,2025-06-28,20250628,CUST1095,PRD103,2,2340.88,297.17,4384.59,2462.32,1922.27
ORD100215,2025-06-28,20250628,CUST1121,PRD131,3,878.01,38.72,2595.31,1296.03,1299.28
ORD100259,2025-06-28,20250628,CUST1042,PRD122,2,1341.58,324.18,2358.98,1686.08,672.9
ORD103014,2025-06-28,20250628,CUST1067,PRD101,4,2720.52,1449.09,9432.99,8124.76,1308.23
ORD105966,2025-06-28,20250628,CUST1248,PRD131,1,878.01,85.75,792.26,432.01,360.25
ORD105656,2025-06-28,20250628,CUST1187,PRD110,4,1138.64,510.5,4044.06,2075.0,1969.06
ORD104804,2025-06-28,20250628,CUST1237,PRD104,1,8667.94,1286.87,7381.07,3100.53,4280.54
ORD105750,2025-06-28,20250628,CUST1000,PRD113,3,2682.38,248.06,7799.08,4710.72,3088.36
ORD105443,2025-06-29,20250629,CUST1031,PRD125,2,831.8,77.32,1586.28,1214.52,371.76
ORD103749,2025-06-29,20250629,CUST1214,PRD131,3,878.01,231.77,2402.26,1296.03,1106.23
ORD102587,2025-06-29,20250629,CUST1249,PRD109,4,740.34,151.35,2810.01,2205.6,604.41
ORD106046,2025-06-29,20250629,CUST1242,PRD131,2,878.01,79.31,1676.71,864.02,812.69
ORD105325,2025-06-29,20250629,CUST1042,PRD113,3,2682.38,327.19,7719.95,4710.72,3009.23
ORD100143,2025-06-29,20250629,CUST1186,PRD110,1,1138.64,118.24,1020.4,518.75,501.65
ORD103058,2025-06-29,20250629,CUST1160,PRD125,5,831.8,502.82,3656.18,3036.3,619.88
ORD105329,2025-06-29,20250629,CUST1222,PRD113,5,2682.38,497.6,12914.3,7851.2,5063.1
ORD105765,2025-06-29,20250629,CUST1217,PRD110,2,1138.64,63.52,2213.76,1037.5,1176.26
ORD100456,2025-06-29,20250629,CUST1159,PRD117,2,3086.39,852.38,5320.4,4175.02,1145.38
ORD104427,2025-06-29,20250629,CUST1151,PRD131,1,878.01,93.32,784.69,432.01,352.68
ORD101407,2025-06-29,20250629,CUST1023,PRD101,3,2720.52,1086.23,7075.33,6093.57,981.76
ORD100387,2025-06-29,20250629,CUST1055,PRD125,4,831.8,14.91,3312.29,2429.04,883.25
ORD102853,2025-06-29,20250629,CUST1022,PRD127,1,2448.22,48.12,2400.1,1339.43,1060.67
ORD101154,2025-06-29,20250629,CUST1034,PRD125,4,831.8,119.95,3207.25,2429.04,778.21
ORD102437,2025-06-29,20250629,CUST1048,PRD103,4,2340.88,499.42,8864.1,4924.64,3939.46
ORD102743,2025-06-29,20250629,CUST1179,PRD109,3,740.34,16.58,2204.44,1654.2,550.24
ORD105607,2025-06-29,20250629,CUST1015,PRD110,4,1138.64,83.74,4470.82,2075.0,2395.82
ORD103604,2025-06-29,20250629,CUST1082,PRD124,5,1557.69,613.97,7174.48,4677.4,2497.08
ORD102554,2025-06-30,20250630,CUST1240,PRD131,2,878.01,54.77,1701.25,864.02,837.23
ORD104340,2025-06-30,20250630,CUST1105,PRD131,4,878.01,134.48,3377.56,1728.04,1649.52
ORD100019,2025-06-30,20250630,CUST1248,PRD122,5,1341.58,294.98,6412.92,4215.2,2197.72
ORD103351,2025-06-30,20250630,CUST1052,PRD116,2,6250.5,351.42,12149.58,8824.54,3325.04
ORD103963,2025-06-30,20250630,CUST1183,PRD115,1,2955.79,261.77,2694.02,1549.18,1144.84
ORD102051,2025-06-30,20250630,CUST1122,PRD110,2,1138.64,161.78,2115.5,1037.5,1078.0
ORD101214,2025-06-30,20250630,CUST1072,PRD113,3,2682.38,211.04,7836.1,4710.72,3125.38
ORD106105,2025-06-30,20250630,CUST1009,PRD116,1,6250.5,656.7,5593.8,4412.27,1181.53
ORD105200,2025-06-30,20250630,CUST1146,PRD124,4,1557.69,685.93,5544.83,3741.92,1802.91
ORD101014,2025-06-30,20250630,CUST1163,PRD131,4,878.01,272.39,3239.65,1728.04,1511.61
ORD101056,2025-06-30,20250630,CUST1097,PRD113,5,2682.38,1205.87,12206.03,7851.2,4354.83
ORD106080,2025-07-01,20250701,CUST1237,PRD130,5,555.04,19.84,2755.36,1623.5,1131.86
ORD103678,2025-07-01,20250701,CUST1140,PRD127,3,2448.22,554.08,6790.58,4018.29,2772.29
ORD102285,2025-07-01,20250701,CUST1064,PRD122,3,1341.58,206.06,3818.68,2529.12,1289.56
ORD105522,2025-07-01,20250701,CUST1075,PRD125,2,831.8,178.24,1485.36,1214.52,270.84
ORD101139,2025-07-01,20250701,CUST1176,PRD127,1,2448.22,309.03,2139.19,1339.43,799.76
ORD101668,2025-07-01,20250701,CUST1198,PRD122,1,1341.58,129.52,1212.06,843.04,369.02
ORD100144,2025-07-01,20250701,CUST1049,PRD101,2,2720.52,431.99,5009.05,4062.38,946.67
ORD103372,2025-07-02,20250702,CUST1073,PRD110,1,1138.64,83.35,1055.29,518.75,536.54
ORD100409,2025-07-02,20250702,CUST1203,PRD130,1,555.04,67.89,487.15,324.7,162.45
ORD105920,2025-07-02,20250702,CUST1100,PRD131,2,878.01,165.96,1590.06,864.02,726.04
ORD103613,2025-07-02,20250702,CUST1232,PRD125,3,831.8,238.16,2257.24,1821.78,435.46
ORD100149,2025-07-02,20250702,CUST1065,PRD105,3,1128.05,348.59,3035.56,2489.25,546.31
ORD104424,2025-07-02,20250702,CUST1068,PRD103,5,2340.88,1276.41,10427.99,6155.8,4272.19
ORD101394,2025-07-02,20250702,CUST1153,PRD116,4,6250.5,3271.4,21730.6,17649.08,4081.52
ORD105426,2025-07-02,20250702,CUST1157,PRD124,3,1557.69,260.1,4412.97,2806.44,1606.53
ORD102872,2025-07-02,20250702,CUST1158,PRD105,1,1128.05,131.69,996.36,829.75,166.61
ORD102359,2025-07-02,20250702,CUST1151,PRD131,1,878.01,127.7,750.31,432.01,318.3
ORD100091,2025-07-02,20250702,CUST1080,PRD124,2,1557.69,215.25,2900.13,1870.96,1029.17
ORD101627,2025-07-02,20250702,CUST1131,PRD128,5,577.0,414.72,2470.28,1934.6,535.68
ORD102337,2025-07-03,20250703,CUST1207,PRD113,5,2682.38,196.66,13215.24,7851.2,5364.04
ORD104392,2025-07-03,20250703,CUST1229,PRD122,1,1341.58,129.55,1212.03,843.04,368.99
ORD101074,2025-07-03,20250703,CUST1113,PRD120,3,11941.0,3362.15,32460.85,20903.22,11557.63
ORD100419,2025-07-03,20250703,CUST1056,PRD108,4,1410.45,801.63,4840.17,3052.08,1788.09
ORD104794,2025-07-03,20250703,CUST1036,PRD113,1,2682.38,53.54,2628.84,1570.24,1058.6
ORD100405,2025-07-03,20250703,CUST1243,PRD131,2,878.01,85.01,1671.01,864.02,806.99
ORD100193,2025-07-03,20250703,CUST1196,PRD108,3,1410.45,494.84,3736.51,2289.06,1447.45
ORD104897,2025-07-03,20250703,CUST1066,PRD124,1,1557.69,185.39,1372.3,935.48,436.82
ORD101534,2025-07-03,20250703,CUST1239,PRD122,4,1341.58,128.17,5238.15,3372.16,1865.99
ORD102614,2025-07-03,20250703,CUST1087,PRD131,5,878.01,481.32,3908.73,2160.05,1748.68
ORD103191,2025-07-03,20250703,CUST1222,PRD103,3,2340.88,834.61,6188.03,3693.48,2494.55
ORD105684,2025-07-03,20250703,CUST1220,PRD124,3,1557.69,100.34,4572.73,2806.44,1766.29
ORD103597,2025-07-04,20250704,CUST1041,PRD124,3,1557.69,507.56,4165.51,2806.44,1359.07
ORD100542,2025-07-04,20250704,CUST1187,PRD110,3,1138.64,470.18,2945.74,1556.25,1389.49
ORD104679,2025-07-04,20250704,CUST1173,PRD124,2,1557.69,218.4,2896.98,1870.96,1026.02
ORD102578,2025-07-04,20250704,CUST1211,PRD109,2,740.34,169.92,1310.76,1102.8,207.96
ORD101508,2025-07-04,20250704,CUST1047,PRD108,1,1410.45,173.25,1237.2,763.02,474.18
ORD103284,2025-07-04,20250704,CUST1134,PRD131,4,878.01,295.56,3216.48,1728.04,1488.44
ORD106148,2025-07-04,20250704,CUST1087,PRD101,2,2720.52,583.05,4857.99,4062.38,795.61
ORD105669,2025-07-05,20250705,CUST1083,PRD112,5,2391.88,1628.31,10331.09,8100.85,2230.24
ORD105749,2025-07-05,20250705,CUST1006,PRD131,3,878.01,141.83,2492.2,1296.03,1196.17
ORD103208,2025-07-05,20250705,CUST1238,PRD101,5,2720.52,128.86,13473.74,10155.95,3317.79
ORD105978,2025-07-05,20250705,CUST1228,PRD125,5,831.8,98.84,4060.16,3036.3,1023.86
ORD102348,2025-07-05,20250705,CUST1123,PRD131,4,878.01,394.59,3117.45,1728.04,1389.41
ORD101862,2025-07-05,20250705,CUST1119,PRD130,5,555.04,330.4,2444.8,1623.5,821.3
ORD105956,2025-07-05,20250705,CUST1164,PRD113,1,2682.38,16.54,2665.84,1570.24,1095.6
ORD105366,2025-07-05,20250705,CUST1207,PRD103,1,2340.88,301.09,2039.79,1231.16,808.63
ORD100553,2025-07-05,20250705,CUST1221,PRD115,4,2955.79,1317.08,10506.08,6196.72,4309.36
ORD104828,2025-07-05,20250705,CUST1048,PRD124,3,1557.69,37.82,4635.25,2806.44,1828.81
ORD101240,2025-07-05,20250705,CUST1005,PRD124,1,1557.69,103.04,1454.65,935.48,519.17
ORD105317,2025-07-05,20250705,CUST1006,PRD125,2,831.8,110.32,1553.28,1214.52,338.76
ORD101861,2025-07-05,20250705,CUST1132,PRD116,1,6250.5,932.0,5318.5,4412.27,906.23
ORD105756,2025-07-06,20250706,CUST1243,PRD130,2,555.04,115.25,994.83,649.4,345.43
ORD101615,2025-07-06,20250706,CUST1078,PRD116,3,6250.5,928.41,17823.09,13236.81,4586.28
ORD104101,2025-07-06,20250706,CUST1238,PRD124,1,1557.69,83.25,1474.44,935.48,538.96
ORD102558,2025-07-06,20250706,CUST1210,PRD131,1,878.01,125.17,752.84,432.01,320.83
ORD101493,2025-07-06,20250706,CUST1185,PRD125,2,831.8,196.42,1467.18,1214.52,252.66
ORD104477,2025-07-06,20250706,CUST1178,PRD109,1,740.34,25.33,715.01,551.4,163.61
ORD104706,2025-07-06,20250706,CUST1101,PRD127,1,2448.22,137.64,2310.58,1339.43,971.15
ORD102644,2025-07-06,20250706,CUST1175,PRD112,1,2391.88,252.92,2138.96,1620.17,518.79
ORD104855,2025-07-07,20250707,CUST1219,PRD130,1,555.04,67.67,487.37,324.7,162.67
ORD104894,2025-07-07,20250707,CUST1061,PRD113,2,2682.38,366.7,4998.06,3140.48,1857.58
ORD101927,2025-07-07,20250707,CUST1054,PRD124,3,1557.69,574.12,4098.95,2806.44,1292.51
ORD102398,2025-07-07,20250707,CUST1025,PRD109,4,740.34,287.09,2674.27,2205.6,468.67
ORD102108,2025-07-07,20250707,CUST1123,PRD124,1,1557.69,218.49,1339.2,935.48,403.72
ORD104363,2025-07-07,20250707,CUST1100,PRD124,1,1557.69,113.78,1443.91,935.48,508.43
ORD102626,2025-07-07,20250707,CUST1245,PRD126,4,2373.84,1039.93,8455.43,6603.4,1852.03
ORD102168,2025-07-07,20250707,CUST1026,PRD127,1,2448.22,129.37,2318.85,1339.43,979.42
ORD105513,2025-07-07,20250707,CUST1032,PRD131,5,878.01,229.94,4160.11,2160.05,2000.06
ORD102659,2025-07-07,20250707,CUST1001,PRD125,3,831.8,104.39,2391.01,1821.78,569.23
ORD103344,2025-07-08,20250708,CUST1031,PRD116,2,6250.5,1386.72,11114.28,8824.54,2289.74
ORD105879,2025-07-08,20250708,CUST1157,PRD131,5,878.01,152.94,4237.11,2160.05,2077.06
ORD100631,2025-07-08,20250708,CUST1177,PRD113,2,2682.38,81.54,5283.22,3140.48,2142.74
ORD105295,2025-07-08,20250708,CUST1150,PRD112,1,2391.88,335.62,2056.26,1620.17,436.09
ORD104442,2025-07-08,20250708,CUST1068,PRD124,3,1557.69,188.79,4484.28,2806.44,1677.84
ORD105504,2025-07-08,20250708,CUST1221,PRD113,3,2682.38,659.37,7387.77,4710.72,2677.05
ORD102837,2025-07-08,20250708,CUST1177,PRD122,1,1341.58,83.79,1257.79,843.04,414.75
ORD104825,2025-07-08,20250708,CUST1230,PRD105,3,1128.05,419.43,2964.72,2489.25,475.47
ORD103325,2025-07-08,20250708,CUST1238,PRD109,3,740.34,41.36,2179.66,1654.2,525.46
ORD103612,2025-07-08,20250708,CUST1168,PRD109,4,740.34,389.34,2572.02,2205.6,366.42
ORD103310,2025-07-08,20250708,CUST1184,PRD122,5,1341.58,73.14,6634.76,4215.2,2419.56
ORD104943,2025-07-08,20250708,CUST1135,PRD131,5,878.01,238.43,4151.62,2160.05,1991.57
ORD105819,2025-07-08,20250708,CUST1192,PRD116,3,6250.5,1376.07,17375.43,13236.81,4138.62
ORD103326,2025-07-08,20250708,CUST1162,PRD101,1,2720.52,127.55,2592.97,2031.19,561.78
ORD105158,2025-07-08,20250708,CUST1173,PRD122,5,1341.58,466.23,6241.67,4215.2,2026.47
ORD101608,2025-07-09,20250709,CUST1154,PRD113,5,2682.38,15.47,13396.43,7851.2,5545.23
ORD105632,2025-07-09,20250709,CUST1163,PRD127,4,2448.22,341.15,9451.73,5357.72,4094.01
ORD101296,2025-07-09,20250709,CUST1079,PRD127,2,2448.22,461.48,4434.96,2678.86,1756.1
ORD103907,2025-07-09,20250709,CUST1052,PRD131,4,878.01,56.56,3455.48,1728.04,1727.44
ORD105777,2025-07-09,20250709,CUST1233,PRD125,2,831.8,223.93,1439.67,1214.52,225.15
ORD100422,2025-07-09,20250709,CUST1169,PRD131,5,878.01,402.8,3987.25,2160.05,1827.2
ORD101551,2025-07-09,20250709,CUST1120,PRD120,4,11941.0,6618.55,41145.45,27870.96,13274.49
ORD102084,2025-07-09,20250709,CUST1172,PRD115,1,2955.79,202.68,2753.11,1549.18,1203.93
ORD102994,2025-07-09,20250709,CUST1070,PRD122,4,1341.58,803.13,4563.19,3372.16,1191.03
ORD101032,2025-07-09,20250709,CUST1179,PRD111,4,1653.05,451.89,6160.31,4863.28,1297.03
ORD103832,2025-07-10,20250710,CUST1025,PRD125,3,831.8,369.81,2125.59,1821.78,303.81
ORD106100,2025-07-10,20250710,CUST1033,PRD125,4,831.8,191.17,3136.03,2429.04,706.99
ORD103936,2025-07-10,20250710,CUST1045,PRD125,1,831.8,44.89,786.91,607.26,179.65
ORD105697,2025-07-10,20250710,CUST1017,PRD123,1,1667.88,80.82,1587.06,1219.94,367.12
ORD105420,2025-07-10,20250710,CUST1135,PRD109,4,740.34,354.85,2606.51,2205.6,400.91
ORD104777,2025-07-10,20250710,CUST1067,PRD113,4,2682.38,1034.53,9694.99,6280.96,3414.03
ORD105585,2025-07-10,20250710,CUST1077,PRD125,4,831.8,241.83,3085.37,2429.04,656.33
ORD103776,2025-07-10,20250710,CUST1163,PRD113,3,2682.38,280.69,7766.45,4710.72,3055.73
ORD103225,2025-07-10,20250710,CUST1233,PRD124,2,1557.69,221.51,2893.87,1870.96,1022.91
ORD105041,2025-07-10,20250710,CUST1142,PRD108,2,1410.45,378.85,2442.05,1526.04,916.01
ORD104576,2025-07-10,20250710,CUST1128,PRD101,3,2720.52,710.67,7450.89,6093.57,1357.32
ORD105993,2025-07-10,20250710,CUST1029,PRD123,5,1667.88,833.43,7505.97,6099.7,1406.27
ORD104352,2025-07-10,20250710,CUST1150,PRD124,5,1557.69,64.05,7724.4,4677.4,3047.0
ORD100793,2025-07-10,20250710,CUST1036,PRD131,4,878.01,176.97,3335.07,1728.04,1607.03
ORD104886,2025-07-11,20250711,CUST1154,PRD109,5,740.34,221.97,3479.73,2757.0,722.73
ORD100937,2025-07-11,20250711,CUST1058,PRD131,2,878.01,157.48,1598.54,864.02,734.52
ORD103799,2025-07-11,20250711,CUST1248,PRD124,2,1557.69,61.98,3053.4,1870.96,1182.44
ORD105484,2025-07-11,20250711,CUST1127,PRD127,1,2448.22,265.74,2182.48,1339.43,843.05
ORD102610,2025-07-11,20250711,CUST1013,PRD103,2,2340.88,391.59,4290.17,2462.32,1827.85
ORD100262,2025-07-11,20250711,CUST1193,PRD130,5,555.04,410.47,2364.73,1623.5,741.23
ORD102420,2025-07-11,20250711,CUST1084,PRD124,3,1557.69,359.66,4313.41,2806.44,1506.97
ORD101792,2025-07-11,20250711,CUST1239,PRD116,3,6250.5,374.24,18377.26,13236.81,5140.45
ORD104721,2025-07-11,20250711,CUST1158,PRD113,2,2682.38,734.05,4630.71,3140.48,1490.23
ORD104714,2025-07-11,20250711,CUST1179,PRD125,5,831.8,499.33,3659.67,3036.3,623.37
ORD103024,2025-07-11,20250711,CUST1245,PRD101,1,2720.52,324.19,2396.33,2031.19,365.14
ORD100351,2025-07-11,20250711,CUST1101,PRD116,5,6250.5,3434.89,27817.61,22061.35,5756.26
ORD103619,2025-07-11,20250711,CUST1191,PRD115,1,2955.79,304.07,2651.72,1549.18,1102.54
ORD105986,2025-07-11,20250711,CUST1052,PRD125,4,831.8,134.97,3192.23,2429.04,763.19
ORD102515,2025-07-11,20250711,CUST1042,PRD101,3,2720.52,166.91,7994.65,6093.57,1901.08
ORD101088,2025-07-11,20250711,CUST1095,PRD125,1,831.8,101.96,729.84,607.26,122.58
ORD102550,2025-07-11,20250711,CUST1112,PRD110,4,1138.64,240.08,4314.48,2075.0,2239.48
ORD102426,2025-07-12,20250712,CUST1059,PRD109,2,740.34,2.81,1477.87,1102.8,375.07
ORD101942,2025-07-12,20250712,CUST1075,PRD112,4,2391.88,1184.21,8383.31,6480.68,1902.63
ORD100261,2025-07-12,20250712,CUST1054,PRD122,4,1341.58,305.15,5061.17,3372.16,1689.01
ORD106123,2025-07-12,20250712,CUST1132,PRD124,5,1557.69,327.32,7461.13,4677.4,2783.73
ORD100847,2025-07-12,20250712,CUST1011,PRD131,4,878.01,143.32,3368.72,1728.04,1640.68
ORD104050,2025-07-12,20250712,CUST1213,PRD122,4,1341.58,316.22,5050.1,3372.16,1677.94
ORD105804,2025-07-12,20250712,CUST1037,PRD124,3,1557.69,518.49,4154.58,2806.44,1348.14
ORD102374,2025-07-12,20250712,CUST1167,PRD108,4,1410.45,73.28,5568.52,3052.08,2516.44
ORD105921,2025-07-12,20250712,CUST1078,PRD125,3,831.8,95.87,2399.53,1821.78,577.75
ORD105491,2025-07-12,20250712,CUST1110,PRD124,1,1557.69,114.1,1443.59,935.48,508.11
ORD104484,2025-07-13,20250713,CUST1048,PRD122,5,1341.58,196.15,6511.75,4215.2,2296.55
ORD104593,2025-07-13,20250713,CUST1110,PRD131,5,878.01,437.41,3952.64,2160.05,1792.59
ORD103674,2025-07-13,20250713,CUST1205,PRD128,3,577.0,258.41,1472.59,1160.76,311.83
ORD106071,2025-07-13,20250713,CUST1065,PRD125,2,831.8,64.11,1599.49,1214.52,384.97
ORD101158,2025-07-13,20250713,CUST1055,PRD108,2,1410.45,316.97,2503.93,1526.04,977.89
ORD100200,2025-07-13,20250713,CUST1145,PRD131,2,878.01,89.84,1666.18,864.02,802.16
ORD102528,2025-07-13,20250713,CUST1110,PRD131,5,878.01,141.75,4248.3,2160.05,2088.25
ORD106015,2025-07-13,20250713,CUST1159,PRD131,4,878.01,7.87,3504.17,1728.04,1776.13
ORD101505,2025-07-13,20250713,CUST1078,PRD111,3,1653.05,430.78,4528.37,3647.46,880.91
ORD101915,2025-07-13,20250713,CUST1117,PRD109,4,740.34,397.01,2564.35,2205.6,358.75
ORD105381,2025-07-13,20250713,CUST1166,PRD104,4,8667.94,1984.48,32687.28,12402.12,20285.16
ORD102179,2025-07-14,20250714,CUST1245,PRD130,2,555.04,137.24,972.84,649.4,323.44
ORD103278,2025-07-14,20250714,CUST1175,PRD130,2,555.04,135.16,974.92,649.4,325.52
ORD102125,2025-07-14,20250714,CUST1077,PRD124,3,1557.69,219.86,4453.21,2806.44,1646.77
ORD106065,2025-07-14,20250714,CUST1169,PRD124,2,1557.69,193.11,2922.27,1870.96,1051.31
ORD105282,2025-07-14,20250714,CUST1152,PRD122,3,1341.58,372.45,3652.29,2529.12,1123.17
ORD105403,2025-07-15,20250715,CUST1084,PRD125,2,831.8,173.19,1490.41,1214.52,275.89
ORD105413,2025-07-15,20250715,CUST1249,PRD122,5,1341.58,663.73,6044.17,4215.2,1828.97
ORD103334,2025-07-15,20250715,CUST1010,PRD127,1,2448.22,149.62,2298.6,1339.43,959.17
ORD105969,2025-07-15,20250715,CUST1045,PRD130,3,555.04,151.88,1513.24,974.1,539.14
ORD102492,2025-07-15,20250715,CUST1140,PRD113,1,2682.38,377.69,2304.69,1570.24,734.45
ORD101209,2025-07-15,20250715,CUST1143,PRD109,5,740.34,171.05,3530.65,2757.0,773.65
ORD100931,2025-07-15,20250715,CUST1157,PRD108,5,1410.45,565.49,6486.76,3815.1,2671.66
ORD105012,2025-07-15,20250715,CUST1072,PRD110,4,1138.64,427.93,4126.63,2075.0,2051.63
ORD102906,2025-07-15,20250715,CUST1133,PRD131,1,878.01,29.25,848.76,432.01,416.75
ORD105422,2025-07-15,20250715,CUST1236,PRD131,3,878.01,17.92,2616.11,1296.03,1320.08
ORD105670,2025-07-16,20250716,CUST1078,PRD124,4,1557.69,229.19,6001.57,3741.92,2259.65
ORD101590,2025-07-16,20250716,CUST1030,PRD103,4,2340.88,576.31,8787.21,4924.64,3862.57
ORD102136,2025-07-16,20250716,CUST1013,PRD107,2,14757.66,3362.29,26153.03,21046.76,5106.27
ORD101945,2025-07-16,20250716,CUST1014,PRD124,5,1557.69,357.04,7431.41,4677.4,2754.01
ORD105721,2025-07-16,20250716,CUST1188,PRD101,5,2720.52,1212.1,12390.5,10155.95,2234.55
ORD100211,2025-07-16,20250716,CUST1055,PRD125,3,831.8,328.81,2166.59,1821.78,344.81
ORD101173,2025-07-16,20250716,CUST1133,PRD131,5,878.01,424.64,3965.41,2160.05,1805.36
ORD100985,2025-07-17,20250717,CUST1236,PRD128,1,577.0,6.48,570.52,386.92,183.6
ORD102788,2025-07-17,20250717,CUST1190,PRD101,4,2720.52,1072.71,9809.37,8124.76,1684.61
ORD101129,2025-07-17,20250717,CUST1063,PRD116,1,6250.5,247.64,6002.86,4412.27,1590.59
ORD100918,2025-07-17,20250717,CUST1066,PRD101,2,2720.52,134.57,5306.47,4062.38,1244.09
ORD103252,2025-07-17,20250717,CUST1192,PRD101,3,2720.52,330.62,7830.94,6093.57,1737.37
ORD106066,2025-07-17,20250717,CUST1029,PRD125,4,831.8,150.38,3176.82,2429.04,747.78
ORD102143,2025-07-17,20250717,CUST1173,PRD124,1,1557.69,6.36,1551.33,935.48,615.85
ORD105529,2025-07-17,20250717,CUST1014,PRD130,5,555.04,119.24,2655.96,1623.5,1032.46
ORD102247,2025-07-17,20250717,CUST1131,PRD116,4,6250.5,1810.92,23191.08,17649.08,5542.0
ORD104635,2025-07-18,20250718,CUST1027,PRD131,1,878.01,39.07,838.94,432.01,406.93
ORD102947,2025-07-18,20250718,CUST1115,PRD105,1,1128.05,92.06,1035.99,829.75,206.24
ORD102724,2025-07-18,20250718,CUST1002,PRD101,5,2720.52,679.73,12922.87,10155.95,2766.92
ORD102313,2025-07-18,20250718,CUST1107,PRD116,4,6250.5,425.41,24576.59,17649.08,6927.51
ORD105578,2025-07-18,20250718,CUST1125,PRD122,2,1341.58,354.94,2328.22,1686.08,642.14
ORD106036,2025-07-18,20250718,CUST1112,PRD131,2,878.01,160.36,1595.66,864.02,731.64
ORD101737,2025-07-18,20250718,CUST1224,PRD125,4,831.8,125.33,3201.87,2429.04,772.83
ORD101192,2025-07-18,20250718,CUST1219,PRD120,2,11941.0,2191.6,21690.4,13935.48,7754.92
ORD106053,2025-07-18,20250718,CUST1125,PRD109,1,740.34,4.77,735.57,551.4,184.17
ORD100606,2025-07-19,20250719,CUST1169,PRD124,3,1557.69,377.17,4295.9,2806.44,1489.46
ORD102119,2025-07-19,20250719,CUST1219,PRD108,2,1410.45,110.83,2710.07,1526.04,1184.03
ORD105927,2025-07-19,20250719,CUST1162,PRD131,5,878.01,148.36,4241.69,2160.05,2081.64
ORD104194,2025-07-19,20250719,CUST1221,PRD116,3,6250.5,1162.82,17588.68,13236.81,4351.87
ORD105187,2025-07-19,20250719,CUST1058,PRD117,4,3086.39,1083.42,11262.14,8350.04,2912.1
ORD103736,2025-07-19,20250719,CUST1183,PRD109,4,740.34,121.42,2839.94,2205.6,634.34
ORD105515,2025-07-19,20250719,CUST1019,PRD122,4,1341.58,460.73,4905.59,3372.16,1533.43
ORD100492,2025-07-19,20250719,CUST1204,PRD131,1,878.01,54.78,823.23,432.01,391.22
ORD104683,2025-07-19,20250719,CUST1194,PRD113,2,2682.38,587.01,4777.75,3140.48,1637.27
ORD106087,2025-07-20,20250720,CUST1033,PRD110,2,1138.64,203.09,2074.19,1037.5,1036.69
ORD105950,2025-07-20,20250720,CUST1112,PRD122,5,1341.58,122.25,6585.65,4215.2,2370.45
ORD101469,2025-07-20,20250720,CUST1025,PRD130,3,555.04,51.87,1613.25,974.1,639.15
ORD100292,2025-07-20,20250720,CUST1232,PRD109,4,740.34,165.28,2796.08,2205.6,590.48
ORD105242,2025-07-20,20250720,CUST1118,PRD113,2,2682.38,120.52,5244.24,3140.48,2103.76
ORD101189,2025-07-20,20250720,CUST1143,PRD131,4,878.01,76.14,3435.9,1728.04,1707.86
ORD105361,2025-07-20,20250720,CUST1016,PRD113,4,2682.38,877.15,9852.37,6280.96,3571.41
ORD103172,2025-07-20,20250720,CUST1214,PRD109,3,740.34,280.52,1940.5,1654.2,286.3
ORD100383,2025-07-20,20250720,CUST1018,PRD125,4,831.8,380.06,2947.14,2429.04,518.1
ORD101331,2025-07-20,20250720,CUST1030,PRD123,4,1667.88,182.98,6488.54,4879.76,1608.78
ORD100684,2025-07-20,20250720,CUST1106,PRD101,5,2720.52,1888.15,11714.45,10155.95,1558.5
ORD103873,2025-07-21,20250721,CUST1154,PRD124,3,1557.69,223.96,4449.11,2806.44,1642.67
ORD103836,2025-07-21,20250721,CUST1099,PRD113,3,2682.38,149.17,7897.97,4710.72,3187.25
ORD103516,2025-07-21,20250721,CUST1017,PRD110,5,1138.64,478.04,5215.16,2593.75,2621.41
ORD101190,2025-07-21,20250721,CUST1010,PRD130,3,555.04,215.36,1449.76,974.1,475.66
ORD100190,2025-07-22,20250722,CUST1013,PRD131,4,878.01,11.62,3500.42,1728.04,1772.38
ORD100033,2025-07-22,20250722,CUST1144,PRD125,2,831.8,112.35,1551.25,1214.52,336.73
ORD100991,2025-07-22,20250722,CUST1171,PRD122,1,1341.58,141.99,1199.59,843.04,356.55
ORD105377,2025-07-22,20250722,CUST1114,PRD124,4,1557.69,426.74,5804.02,3741.92,2062.1
ORD103462,2025-07-22,20250722,CUST1187,PRD122,4,1341.58,105.03,5261.29,3372.16,1889.13
ORD100494,2025-07-22,20250722,CUST1035,PRD101,2,2720.52,614.25,4826.79,4062.38,764.41
ORD106008,2025-07-22,20250722,CUST1200,PRD120,4,11941.0,2239.42,45524.58,27870.96,17653.62
ORD102675,2025-07-22,20250722,CUST1208,PRD105,4,1128.05,0.29,4511.91,3319.0,1192.91
ORD105267,2025-07-23,20250723,CUST1094,PRD130,1,555.04,18.25,536.79,324.7,212.09
ORD104848,2025-07-23,20250723,CUST1093,PRD101,1,2720.52,46.1,2674.42,2031.19,643.23
ORD101414,2025-07-23,20250723,CUST1106,PRD131,5,878.01,42.97,4347.08,2160.05,2187.03
ORD105496,2025-07-23,20250723,CUST1227,PRD107,1,14757.66,798.03,13959.63,10523.38,3436.25
ORD104607,2025-07-23,20250723,CUST1047,PRD131,5,878.01,566.64,3823.41,2160.05,1663.36
ORD105485,2025-07-23,20250723,CUST1113,PRD123,1,1667.88,170.51,1497.37,1219.94,277.43
ORD105612,2025-07-23,20250723,CUST1123,PRD122,4,1341.58,210.01,5156.31,3372.16,1784.15
ORD105321,2025-07-23,20250723,CUST1184,PRD101,5,2720.52,388.07,13214.53,10155.95,3058.58
ORD101300,2025-07-24,20250724,CUST1053,PRD124,1,1557.69,33.41,1524.28,935.48,588.8
ORD101369,2025-07-24,20250724,CUST1219,PRD103,4,2340.88,850.38,8513.14,4924.64,3588.5
ORD106048,2025-07-24,20250724,CUST1240,PRD123,5,1667.88,147.38,8192.02,6099.7,2092.32
ORD100630,2025-07-24,20250724,CUST1069,PRD106,2,1484.26,324.49,2644.03,1839.12,804.91
ORD102761,2025-07-24,20250724,CUST1158,PRD125,5,831.8,8.1,4150.9,3036.3,1114.6
ORD105666,2025-07-24,20250724,CUST1028,PRD101,2,2720.52,213.15,5227.89,4062.38,1165.51
ORD103743,2025-07-24,20250724,CUST1109,PRD110,1,1138.64,58.57,1080.07,518.75,561.32
ORD102908,2025-07-24,20250724,CUST1237,PRD101,1,2720.52,299.64,2420.88,2031.19,389.69
ORD100860,2025-07-24,20250724,CUST1086,PRD124,2,1557.69,123.16,2992.22,1870.96,1121.26
ORD101489,2025-07-25,20250725,CUST1085,PRD124,1,1557.69,230.66,1327.03,935.48,391.55
ORD104377,2025-07-25,20250725,CUST1187,PRD103,5,2340.88,641.99,11062.41,6155.8,4906.61
ORD105774,2025-07-25,20250725,CUST1048,PRD131,5,878.01,60.63,4329.42,2160.05,2169.37
ORD105497,2025-07-25,20250725,CUST1102,PRD124,3,1557.69,468.72,4204.35,2806.44,1397.91
ORD100978,2025-07-25,20250725,CUST1240,PRD110,4,1138.64,187.18,4367.38,2075.0,2292.38
ORD102809,2025-07-25,20250725,CUST1214,PRD113,1,2682.38,279.42,2402.96,1570.24,832.72
ORD101054,2025-07-25,20250725,CUST1126,PRD131,5,878.01,585.79,3804.26,2160.05,1644.21
ORD105833,2025-07-25,20250725,CUST1155,PRD112,1,2391.88,147.69,2244.19,1620.17,624.02
ORD106101,2025-07-25,20250725,CUST1017,PRD125,1,831.8,79.14,752.66,607.26,145.4
ORD101934,2025-07-26,20250726,CUST1240,PRD131,4,878.01,252.83,3259.21,1728.04,1531.17
ORD105273,2025-07-26,20250726,CUST1219,PRD125,2,831.8,12.4,1651.2,1214.52,436.68
ORD103869,2025-07-26,20250726,CUST1215,PRD131,3,878.01,379.73,2254.3,1296.03,958.27
ORD106038,2025-07-26,20250726,CUST1085,PRD111,4,1653.05,920.4,5691.8,4863.28,828.52
ORD106096,2025-07-26,20250726,CUST1051,PRD110,3,1138.64,341.56,3074.36,1556.25,1518.11
ORD101278,2025-07-26,20250726,CUST1201,PRD109,1,740.34,22.46,717.88,551.4,166.48
ORD103170,2025-07-26,20250726,CUST1064,PRD116,4,6250.5,393.68,24608.32,17649.08,6959.24
ORD105347,2025-07-26,20250726,CUST1231,PRD111,3,1653.05,205.17,4753.98,3647.46,1106.52
ORD105770,2025-07-26,20250726,CUST1130,PRD101,1,2720.52,341.62,2378.9,2031.19,347.71
ORD103069,2025-07-26,20250726,CUST1160,PRD101,5,2720.52,574.16,13028.44,10155.95,2872.49
ORD102190,2025-07-27,20250727,CUST1129,PRD108,5,1410.45,840.4,6211.85,3815.1,2396.75
ORD105031,2025-07-27,20250727,CUST1128,PRD101,1,2720.52,258.62,2461.9,2031.19,430.71
ORD106130,2025-07-27,20250727,CUST1182,PRD101,2,2720.52,451.97,4989.07,4062.38,926.69
ORD105754,2025-07-27,20250727,CUST1060,PRD125,3,831.8,354.34,2141.06,1821.78,319.28
ORD104568,2025-07-28,20250728,CUST1075,PRD109,5,740.34,427.43,3274.27,2757.0,517.27
ORD102407,2025-07-28,20250728,CUST1164,PRD124,5,1557.69,389.69,7398.76,4677.4,2721.36
ORD105472,2025-07-28,20250728,CUST1045,PRD109,2,740.34,215.54,1265.14,1102.8,162.34
ORD105968,2025-07-28,20250728,CUST1198,PRD122,4,1341.58,69.62,5296.7,3372.16,1924.54
ORD104127,2025-07-28,20250728,CUST1041,PRD116,1,6250.5,145.2,6105.3,4412.27,1693.03
ORD101839,2025-07-28,20250728,CUST1024,PRD109,3,740.34,203.87,2017.15,1654.2,362.95
ORD103321,2025-07-29,20250729,CUST1166,PRD125,1,831.8,32.53,799.27,607.26,192.01
ORD105946,2025-07-29,20250729,CUST1216,PRD103,1,2340.88,90.68,2250.2,1231.16,1019.04
ORD101946,2025-07-29,20250729,CUST1071,PRD131,4,878.01,284.92,3227.12,1728.04,1499.08
ORD102936,2025-07-29,20250729,CUST1127,PRD101,1,2720.52,30.66,2689.86,2031.19,658.67
ORD100353,2025-07-29,20250729,CUST1192,PRD120,4,11941.0,3225.22,44538.78,27870.96,16667.82
ORD104310,2025-07-29,20250729,CUST1084,PRD124,1,1557.69,79.19,1478.5,935.48,543.02
ORD104008,2025-07-29,20250729,CUST1170,PRD124,4,1557.69,39.64,6191.12,3741.92,2449.2
ORD101275,2025-07-29,20250729,CUST1227,PRD116,2,6250.5,1319.71,11181.29,8824.54,2356.75
ORD105230,2025-07-29,20250729,CUST1110,PRD106,5,1484.26,712.32,6708.98,4597.8,2111.18
ORD101037,2025-07-29,20250729,CUST1154,PRD127,2,2448.22,463.84,4432.6,2678.86,1753.74
ORD103220,2025-07-29,20250729,CUST1249,PRD131,4,878.01,416.45,3095.59,1728.04,1367.55
ORD104792,2025-07-29,20250729,CUST1025,PRD125,3,831.8,231.44,2263.96,1821.78,442.18
ORD100670,2025-07-29,20250729,CUST1197,PRD131,4,878.01,475.39,3036.65,1728.04,1308.61
ORD103486,2025-07-29,20250729,CUST1135,PRD128,3,577.0,235.52,1495.48,1160.76,334.72
ORD105863,2025-07-29,20250729,CUST1005,PRD113,2,2682.38,123.82,5240.94,3140.48,2100.46
ORD100112,2025-07-29,20250729,CUST1004,PRD131,2,878.01,58.86,1697.16,864.02,833.14
ORD104296,2025-07-30,20250730,CUST1234,PRD124,3,1557.69,453.79,4219.28,2806.44,1412.84
ORD104988,2025-07-30,20250730,CUST1060,PRD122,1,1341.58,33.22,1308.36,843.04,465.32
ORD105404,2025-07-30,20250730,CUST1200,PRD113,5,2682.38,646.59,12765.31,7851.2,4914.11
ORD105245,2025-07-30,20250730,CUST1222,PRD109,4,740.34,51.49,2909.87,2205.6,704.27
ORD106128,2025-07-30,20250730,CUST1162,PRD109,3,740.34,114.46,2106.56,1654.2,452.36
ORD101982,2025-07-30,20250730,CUST1179,PRD101,5,2720.52,292.92,13309.68,10155.95,3153.73
ORD103685,2025-07-30,20250730,CUST1162,PRD109,2,740.34,122.5,1358.18,1102.8,255.38
ORD105716,2025-07-31,20250731,CUST1049,PRD103,5,2340.88,982.16,10722.24,6155.8,4566.44
ORD101799,2025-07-31,20250731,CUST1121,PRD103,4,2340.88,40.46,9323.06,4924.64,4398.42
ORD102668,2025-07-31,20250731,CUST1144,PRD130,4,555.04,49.25,2170.91,1298.8,872.11
ORD104920,2025-07-31,20250731,CUST1066,PRD110,5,1138.64,689.58,5003.62,2593.75,2409.87
ORD104388,2025-07-31,20250731,CUST1184,PRD109,2,740.34,37.11,1443.57,1102.8,340.77
ORD103959,2025-07-31,20250731,CUST1091,PRD124,4,1557.69,62.32,6168.44,3741.92,2426.52
ORD106143,2025-07-31,20250731,CUST1129,PRD103,2,2340.88,487.91,4193.85,2462.32,1731.53
ORD105990,2025-07-31,20250731,CUST1116,PRD131,5,878.01,499.53,3890.52,2160.05,1730.47
ORD100738,2025-07-31,20250731,CUST1083,PRD131,1,878.01,50.23,827.78,432.01,395.77
ORD104758,2025-07-31,20250731,CUST1083,PRD109,5,740.34,114.03,3587.67,2757.0,830.67
ORD100692,2025-08-01,20250801,CUST1170,PRD116,5,6250.5,4135.27,27117.23,22061.35,5055.88
ORD101106,2025-08-01,20250801,CUST1246,PRD122,5,1341.58,512.7,6195.2,4215.2,1980.0
ORD105289,2025-08-01,20250801,CUST1074,PRD112,4,2391.88,1198.21,8369.31,6480.68,1888.63
ORD100816,2025-08-01,20250801,CUST1025,PRD113,3,2682.38,158.42,7888.72,4710.72,3178.0
ORD100312,2025-08-01,20250801,CUST1202,PRD130,5,555.04,270.34,2504.86,1623.5,881.36
ORD104428,2025-08-01,20250801,CUST1180,PRD127,3,2448.22,772.72,6571.94,4018.29,2553.65
ORD104138,2025-08-01,20250801,CUST1172,PRD123,3,1667.88,0.86,5002.78,3659.82,1342.96
ORD104384,2025-08-01,20250801,CUST1162,PRD127,4,2448.22,261.08,9531.8,5357.72,4174.08
ORD105940,2025-08-01,20250801,CUST1051,PRD122,4,1341.58,456.54,4909.78,3372.16,1537.62
ORD100808,2025-08-02,20250802,CUST1097,PRD124,4,1557.69,418.35,5812.41,3741.92,2070.49
ORD104935,2025-08-02,20250802,CUST1100,PRD111,5,1653.05,993.84,7271.41,6079.1,1192.31
ORD101126,2025-08-02,20250802,CUST1101,PRD127,2,2448.22,729.23,4167.21,2678.86,1488.35
ORD102576,2025-08-02,20250802,CUST1076,PRD131,5,878.01,421.93,3968.12,2160.05,1808.07
ORD106150,2025-08-02,20250802,CUST1040,PRD124,4,1557.69,622.63,5608.13,3741.92,1866.21
ORD104394,2025-08-02,20250802,CUST1039,PRD131,3,878.01,356.37,2277.66,1296.03,981.63
ORD105881,2025-08-03,20250803,CUST1074,PRD124,3,1557.69,87.06,4586.01,2806.44,1779.57
ORD101959,2025-08-03,20250803,CUST1082,PRD107,5,14757.66,5553.62,68234.68,52616.9,15617.78
ORD105227,2025-08-03,20250803,CUST1039,PRD108,2,1410.45,246.63,2574.27,1526.04,1048.23
ORD100088,2025-08-03,20250803,CUST1118,PRD105,3,1128.05,80.59,3303.56,2489.25,814.31
ORD104404,2025-08-03,20250803,CUST1078,PRD124,3,1557.69,134.25,4538.82,2806.44,1732.38
ORD105391,2025-08-03,20250803,CUST1226,PRD125,5,831.8,413.38,3745.62,3036.3,709.32
ORD100093,2025-08-03,20250803,CUST1072,PRD103,2,2340.88,254.11,4427.65,2462.32,1965.33
ORD100719,2025-08-03,20250803,CUST1142,PRD116,4,6250.5,1830.81,23171.19,17649.08,5522.11
ORD104398,2025-08-03,20250803,CUST1188,PRD116,1,6250.5,528.44,5722.06,4412.27,1309.79
ORD105703,2025-08-04,20250804,CUST1043,PRD131,1,878.01,8.92,869.09,432.01,437.08
ORD102494,2025-08-04,20250804,CUST1140,PRD127,3,2448.22,85.17,7259.49,4018.29,3241.2
ORD101339,2025-08-04,20250804,CUST1215,PRD116,3,6250.5,622.18,18129.32,13236.81,4892.51
ORD104190,2025-08-04,20250804,CUST1020,PRD124,4,1557.69,578.07,5652.69,3741.92,1910.77
ORD101252,2025-08-04,20250804,CUST1248,PRD101,3,2720.52,438.3,7723.26,6093.57,1629.69
ORD101417,2025-08-04,20250804,CUST1033,PRD116,1,6250.5,444.27,5806.23,4412.27,1393.96
ORD100837,2025-08-04,20250804,CUST1049,PRD117,3,3086.39,18.08,9241.09,6262.53,2978.56
ORD103521,2025-08-04,20250804,CUST1203,PRD101,1,2720.52,149.34,2571.18,2031.19,539.99
ORD104515,2025-08-04,20250804,CUST1029,PRD125,1,831.8,9.85,821.95,607.26,214.69
ORD105042,2025-08-04,20250804,CUST1015,PRD113,3,2682.38,730.25,7316.89,4710.72,2606.17
ORD100897,2025-08-05,20250805,CUST1055,PRD103,2,2340.88,675.0,4006.76,2462.32,1544.44
ORD101488,2025-08-05,20250805,CUST1034,PRD122,1,1341.58,138.59,1202.99,843.04,359.95
ORD100288,2025-08-05,20250805,CUST1231,PRD124,1,1557.69,223.75,1333.94,935.48,398.46
ORD105701,2025-08-05,20250805,CUST1113,PRD113,3,2682.38,616.57,7430.57,4710.72,2719.85
ORD103529,2025-08-05,20250805,CUST1192,PRD131,2,878.01,27.83,1728.19,864.02,864.17
ORD106133,2025-08-05,20250805,CUST1234,PRD105,1,1128.05,72.73,1055.32,829.75,225.57
ORD100329,2025-08-05,20250805,CUST1128,PRD122,2,1341.58,146.01,2537.15,1686.08,851.07
ORD104144,2025-08-05,20250805,CUST1241,PRD122,3,1341.58,70.46,3954.28,2529.12,1425.16
ORD101336,2025-08-05,20250805,CUST1239,PRD113,3,2682.38,344.97,7702.17,4710.72,2991.45
ORD103182,2025-08-05,20250805,CUST1101,PRD131,3,878.01,99.84,2534.19,1296.03,1238.16
ORD101329,2025-08-06,20250806,CUST1100,PRD127,5,2448.22,697.49,11543.61,6697.15,4846.46
ORD101655,2025-08-06,20250806,CUST1135,PRD127,5,2448.22,1321.47,10919.63,6697.15,4222.48
ORD102669,2025-08-06,20250806,CUST1082,PRD116,2,6250.5,1057.4,11443.6,8824.54,2619.06
ORD100109,2025-08-06,20250806,CUST1176,PRD127,2,2448.22,84.97,4811.47,2678.86,2132.61
ORD100590,2025-08-06,20250806,CUST1101,PRD130,3,555.04,175.31,1489.81,974.1,515.71
ORD103005,2025-08-06,20250806,CUST1000,PRD127,1,2448.22,333.96,2114.26,1339.43,774.83
ORD102114,2025-08-06,20250806,CUST1072,PRD113,1,2682.38,327.78,2354.6,1570.24,784.36
ORD103509,2025-08-06,20250806,CUST1004,PRD131,1,878.01,31.66,846.35,432.01,414.34
ORD101495,2025-08-07,20250807,CUST1204,PRD131,1,878.01,25.84,852.17,432.01,420.16
ORD101415,2025-08-07,20250807,CUST1071,PRD126,2,2373.84,17.84,4729.84,3301.7,1428.14
ORD103204,2025-08-07,20250807,CUST1190,PRD131,5,878.01,578.56,3811.49,2160.05,1651.44
ORD102282,2025-08-07,20250807,CUST1086,PRD131,5,878.01,213.55,4176.5,2160.05,2016.45
ORD104849,2025-08-07,20250807,CUST1184,PRD109,3,740.34,177.28,2043.74,1654.2,389.54
ORD106127,2025-08-07,20250807,CUST1169,PRD123,5,1667.88,47.78,8291.62,6099.7,2191.92
ORD104493,2025-08-07,20250807,CUST1088,PRD124,3,1557.69,301.53,4371.54,2806.44,1565.1
ORD105310,2025-08-07,20250807,CUST1235,PRD105,2,1128.05,314.17,1941.93,1659.5,282.43
ORD100900,2025-08-08,20250808,CUST1157,PRD109,2,740.34,130.86,1349.82,1102.8,247.02
ORD102725,2025-08-08,20250808,CUST1154,PRD131,2,878.01,51.29,1704.73,864.02,840.71
ORD103062,2025-08-08,20250808,CUST1249,PRD131,3,878.01,113.98,2520.05,1296.03,1224.02
ORD100571,2025-08-08,20250808,CUST1008,PRD113,1,2682.38,120.53,2561.85,1570.24,991.61
ORD100536,2025-08-08,20250808,CUST1237,PRD124,4,1557.69,365.07,5865.69,3741.92,2123.77
ORD106118,2025-08-08,20250808,CUST1019,PRD109,4,740.34,317.15,2644.21,2205.6,438.61
ORD105010,2025-08-08,20250808,CUST1071,PRD124,4,1557.69,650.97,5579.79,3741.92,1837.87
ORD103110,2025-08-08,20250808,CUST1044,PRD104,3,8667.94,1864.53,24139.29,9301.59,14837.7
ORD100598,2025-08-08,20250808,CUST1140,PRD101,1,2720.52,131.33,2589.19,2031.19,558.0
ORD104602,2025-08-08,20250808,CUST1038,PRD125,3,831.8,114.12,2381.28,1821.78,559.5
ORD100362,2025-08-08,20250808,CUST1243,PRD123,4,1667.88,947.13,5724.39,4879.76,844.63
ORD103088,2025-08-08,20250808,CUST1213,PRD125,3,831.8,38.26,2457.14,1821.78,635.36
ORD102880,2025-08-08,20250808,CUST1192,PRD125,3,831.8,193.94,2301.46,1821.78,479.68
ORD104147,2025-08-08,20250808,CUST1119,PRD109,1,740.34,62.13,678.21,551.4,126.81
ORD101873,2025-08-08,20250808,CUST1063,PRD101,3,2720.52,588.94,7572.62,6093.57,1479.05
ORD101711,2025-08-09,20250809,CUST1117,PRD113,5,2682.38,1361.22,12050.68,7851.2,4199.48
ORD103809,2025-08-09,20250809,CUST1214,PRD127,1,2448.22,367.2,2081.02,1339.43,741.59
ORD102145,2025-08-09,20250809,CUST1193,PRD131,4,878.01,483.26,3028.78,1728.04,1300.74
ORD106009,2025-08-09,20250809,CUST1078,PRD103,3,2340.88,476.52,6546.12,3693.48,2852.64
ORD100602,2025-08-09,20250809,CUST1137,PRD131,5,878.01,95.07,4294.98,2160.05,2134.93
ORD106016,2025-08-09,20250809,CUST1058,PRD127,2,2448.22,666.49,4229.95,2678.86,1551.09
ORD101256,2025-08-09,20250809,CUST1215,PRD110,3,1138.64,31.7,3384.22,1556.25,1827.97
ORD103888,2025-08-09,20250809,CUST1218,PRD125,1,831.8,92.75,739.05,607.26,131.79
ORD101039,2025-08-09,20250809,CUST1095,PRD105,5,1128.05,315.33,5324.92,4148.75,1176.17
ORD105888,2025-08-09,20250809,CUST1184,PRD122,5,1341.58,49.29,6658.61,4215.2,2443.41
ORD105954,2025-08-09,20250809,CUST1006,PRD124,5,1557.69,257.86,7530.59,4677.4,2853.19
ORD105911,2025-08-09,20250809,CUST1013,PRD110,4,1138.64,134.97,4419.59,2075.0,2344.59
ORD104016,2025-08-09,20250809,CUST1157,PRD108,3,1410.45,14.06,4217.29,2289.06,1928.23
ORD102934,2025-08-10,20250810,CUST1000,PRD115,5,2955.79,1430.78,13348.17,7745.9,5602.27
ORD105024,2025-08-10,20250810,CUST1070,PRD113,1,2682.38,188.3,2494.08,1570.24,923.84
ORD105312,2025-08-10,20250810,CUST1147,PRD125,3,831.8,266.27,2229.13,1821.78,407.35
ORD104918,2025-08-10,20250810,CUST1220,PRD122,2,1341.58,208.69,2474.47,1686.08,788.39
ORD105074,2025-08-10,20250810,CUST1207,PRD130,2,555.04,90.23,1019.85,649.4,370.45
ORD104611,2025-08-10,20250810,CUST1218,PRD131,2,878.01,126.62,1629.4,864.02,765.38
ORD105797,2025-08-10,20250810,CUST1164,PRD125,4,831.8,365.37,2961.83,2429.04,532.79
ORD106139,2025-08-10,20250810,CUST1013,PRD127,1,2448.22,175.84,2272.38,1339.43,932.95
ORD100580,2025-08-11,20250811,CUST1117,PRD122,4,1341.58,34.67,5331.65,3372.16,1959.49
ORD104877,2025-08-11,20250811,CUST1118,PRD122,2,1341.58,263.65,2419.51,1686.08,733.43
ORD100188,2025-08-11,20250811,CUST1091,PRD125,1,831.8,49.17,782.63,607.26,175.37
ORD101697,2025-08-11,20250811,CUST1199,PRD131,4,878.01,444.49,3067.55,1728.04,1339.51
ORD105706,2025-08-11,20250811,CUST1224,PRD123,1,1667.88,75.42,1592.46,1219.94,372.52
ORD104692,2025-08-11,20250811,CUST1143,PRD123,5,1667.88,858.29,7481.11,6099.7,1381.41
ORD102534,2025-08-12,20250812,CUST1194,PRD111,4,1653.05,60.84,6551.36,4863.28,1688.08
ORD102814,2025-08-12,20250812,CUST1249,PRD110,2,1138.64,263.74,2013.54,1037.5,976.04
ORD104410,2025-08-12,20250812,CUST1048,PRD127,1,2448.22,76.03,2372.19,1339.43,1032.76
ORD100568,2025-08-12,20250812,CUST1218,PRD122,5,1341.58,585.91,6121.99,4215.2,1906.79
ORD101620,2025-08-12,20250812,CUST1221,PRD131,5,878.01,577.47,3812.58,2160.05,1652.53
ORD102055,2025-08-12,20250812,CUST1063,PRD105,2,1128.05,261.15,1994.95,1659.5,335.45
ORD102582,2025-08-12,20250812,CUST1132,PRD109,4,740.34,12.42,2948.94,2205.6,743.34
ORD104123,2025-08-12,20250812,CUST1069,PRD124,3,1557.69,618.57,4054.5,2806.44,1248.06
ORD104174,2025-08-12,20250812,CUST1205,PRD120,4,11941.0,4406.92,43357.08,27870.96,15486.12
ORD104615,2025-08-12,20250812,CUST1164,PRD125,5,831.8,121.16,4037.84,3036.3,1001.54
ORD102127,2025-08-12,20250812,CUST1078,PRD101,5,2720.52,1342.11,12260.49,10155.95,2104.54
ORD105948,2025-08-12,20250812,CUST1064,PRD131,3,878.01,197.69,2436.34,1296.03,1140.31
ORD103978,2025-08-13,20250813,CUST1094,PRD110,3,1138.64,301.66,3114.26,1556.25,1558.01
ORD101724,2025-08-13,20250813,CUST1012,PRD131,3,878.01,300.74,2333.29,1296.03,1037.26
ORD106106,2025-08-13,20250813,CUST1120,PRD131,3,878.01,184.77,2449.26,1296.03,1153.23
ORD103860,2025-08-13,20250813,CUST1023,PRD116,4,6250.5,992.51,24009.49,17649.08,6360.41
ORD101669,2025-08-13,20250813,CUST1213,PRD122,5,1341.58,835.0,5872.9,4215.2,1657.7
ORD100929,2025-08-13,20250813,CUST1224,PRD122,5,1341.58,283.27,6424.63,4215.2,2209.43
ORD102786,2025-08-13,20250813,CUST1072,PRD125,1,831.8,22.96,808.84,607.26,201.58
ORD105787,2025-08-13,20250813,CUST1200,PRD116,3,6250.5,1591.06,17160.44,13236.81,3923.63
ORD105501,2025-08-13,20250813,CUST1113,PRD124,4,1557.69,45.86,6184.9,3741.92,2442.98
ORD103242,2025-08-13,20250813,CUST1119,PRD116,1,6250.5,274.58,5975.92,4412.27,1563.65
ORD105223,2025-08-14,20250814,CUST1159,PRD101,2,2720.52,569.76,4871.28,4062.38,808.9
ORD105315,2025-08-14,20250814,CUST1236,PRD116,4,6250.5,711.52,24290.48,17649.08,6641.4
ORD104483,2025-08-14,20250814,CUST1012,PRD131,4,878.01,260.31,3251.73,1728.04,1523.69
ORD105727,2025-08-14,20250814,CUST1175,PRD127,5,2448.22,1788.78,10452.32,6697.15,3755.17
ORD104942,2025-08-14,20250814,CUST1044,PRD124,3,1557.69,602.17,4070.9,2806.44,1264.46
ORD104031,2025-08-14,20250814,CUST1242,PRD131,2,878.01,62.04,1693.98,864.02,829.96
ORD100249,2025-08-14,20250814,CUST1235,PRD124,3,1557.69,46.39,4626.68,2806.44,1820.24
ORD100760,2025-08-14,20250814,CUST1184,PRD103,4,2340.88,468.65,8894.87,4924.64,3970.23
ORD100704,2025-08-15,20250815,CUST1232,PRD130,1,555.04,81.75,473.29,324.7,148.59
ORD105271,2025-08-15,20250815,CUST1075,PRD124,5,1557.69,533.18,7255.27,4677.4,2577.87
ORD105278,2025-08-15,20250815,CUST1194,PRD122,4,1341.58,698.68,4667.64,3372.16,1295.48
ORD104835,2025-08-15,20250815,CUST1131,PRD103,3,2340.88,204.79,6817.85,3693.48,3124.37
ORD104461,2025-08-15,20250815,CUST1175,PRD131,3,878.01,212.94,2421.09,1296.03,1125.06
ORD105253,2025-08-15,20250815,CUST1232,PRD130,2,555.04,106.95,1003.13,649.4,353.73
ORD103801,2025-08-15,20250815,CUST1003,PRD124,2,1557.69,243.01,2872.37,1870.96,1001.41
ORD101208,2025-08-15,20250815,CUST1141,PRD109,5,740.34,434.76,3266.94,2757.0,509.94
ORD105815,2025-08-15,20250815,CUST1122,PRD124,3,1557.69,183.17,4489.9,2806.44,1683.46
ORD101916,2025-08-15,20250815,CUST1156,PRD116,2,6250.5,75.76,12425.24,8824.54,3600.7
ORD105157,2025-08-15,20250815,CUST1083,PRD101,3,2720.52,853.25,7308.31,6093.57,1214.74
ORD105082,2025-08-15,20250815,CUST1128,PRD130,5,555.04,250.14,2525.06,1623.5,901.56
ORD105418,2025-08-16,20250816,CUST1208,PRD103,1,2340.88,340.05,2000.83,1231.16,769.67
ORD100999,2025-08-16,20250816,CUST1184,PRD124,5,1557.69,168.58,7619.87,4677.4,2942.47
ORD103301,2025-08-16,20250816,CUST1191,PRD110,5,1138.64,56.64,5636.56,2593.75,3042.81
ORD101438,2025-08-16,20250816,CUST1078,PRD113,1,2682.38,170.85,2511.53,1570.24,941.29
ORD101168,2025-08-16,20250816,CUST1152,PRD124,1,1557.69,132.9,1424.79,935.48,489.31
ORD103973,2025-08-16,20250816,CUST1046,PRD116,1,6250.5,824.29,5426.21,4412.27,1013.94
ORD103100,2025-08-16,20250816,CUST1189,PRD127,3,2448.22,904.02,6440.64,4018.29,2422.35
ORD105967,2025-08-16,20250816,CUST1182,PRD101,1,2720.52,341.1,2379.42,2031.19,348.23
ORD104520,2025-08-16,20250816,CUST1016,PRD130,3,555.04,15.34,1649.78,974.1,675.68
ORD104289,2025-08-16,20250816,CUST1020,PRD127,1,2448.22,273.47,2174.75,1339.43,835.32
ORD104567,2025-08-16,20250816,CUST1052,PRD122,4,1341.58,643.84,4722.48,3372.16,1350.32
ORD105428,2025-08-16,20250816,CUST1046,PRD101,4,2720.52,610.54,10271.54,8124.76,2146.78
ORD104370,2025-08-17,20250817,CUST1217,PRD116,4,6250.5,1617.95,23384.05,17649.08,5734.97
ORD105176,2025-08-17,20250817,CUST1200,PRD103,2,2340.88,46.34,4635.42,2462.32,2173.1
ORD100247,2025-08-17,20250817,CUST1033,PRD104,3,8667.94,3761.47,22242.35,9301.59,12940.76
ORD105327,2025-08-17,20250817,CUST1002,PRD115,5,2955.79,145.99,14632.96,7745.9,6887.06
ORD103939,2025-08-17,20250817,CUST1045,PRD122,4,1341.58,777.24,4589.08,3372.16,1216.92
ORD105841,2025-08-17,20250817,CUST1103,PRD116,5,6250.5,946.9,30305.6,22061.35,8244.25
ORD105166,2025-08-17,20250817,CUST1054,PRD128,2,577.0,131.95,1022.05,773.84,248.21
ORD103909,2025-08-18,20250818,CUST1076,PRD124,4,1557.69,271.83,5958.93,3741.92,2217.01
ORD103500,2025-08-18,20250818,CUST1211,PRD109,1,740.34,21.41,718.93,551.4,167.53
ORD101344,2025-08-18,20250818,CUST1056,PRD124,1,1557.69,9.68,1548.01,935.48,612.53
ORD101058,2025-08-18,20250818,CUST1030,PRD111,3,1653.05,27.31,4931.84,3647.46,1284.38
ORD105740,2025-08-18,20250818,CUST1132,PRD110,1,1138.64,35.31,1103.33,518.75,584.58
ORD104400,2025-08-19,20250819,CUST1157,PRD109,4,740.34,203.38,2757.98,2205.6,552.38
ORD104819,2025-08-19,20250819,CUST1223,PRD101,1,2720.52,47.94,2672.58,2031.19,641.39
ORD103726,2025-08-19,20250819,CUST1035,PRD131,2,878.01,44.74,1711.28,864.02,847.26
ORD104288,2025-08-19,20250819,CUST1133,PRD122,2,1341.58,208.54,2474.62,1686.08,788.54
ORD102216,2025-08-19,20250819,CUST1066,PRD101,4,2720.52,821.55,10060.53,8124.76,1935.77
ORD105240,2025-08-19,20250819,CUST1091,PRD131,4,878.01,458.05,3053.99,1728.04,1325.95
ORD104700,2025-08-19,20250819,CUST1058,PRD112,2,2391.88,666.53,4117.23,3240.34,876.89
ORD102720,2025-08-19,20250819,CUST1147,PRD105,5,1128.05,340.05,5300.2,4148.75,1151.45
ORD102848,2025-08-19,20250819,CUST1031,PRD122,4,1341.58,391.3,4975.02,3372.16,1602.86
ORD104440,2025-08-19,20250819,CUST1130,PRD103,2,2340.88,171.73,4510.03,2462.32,2047.71
ORD105445,2025-08-20,20250820,CUST1190,PRD101,3,2720.52,1026.27,7135.29,6093.57,1041.72
ORD103056,2025-08-20,20250820,CUST1221,PRD113,3,2682.38,365.43,7681.71,4710.72,2970.99
ORD105530,2025-08-20,20250820,CUST1040,PRD113,3,2682.38,412.43,7634.71,4710.72,2923.99
ORD105376,2025-08-20,20250820,CUST1097,PRD124,3,1557.69,82.85,4590.22,2806.44,1783.78
ORD105104,2025-08-20,20250820,CUST1241,PRD122,4,1341.58,590.47,4775.85,3372.16,1403.69
ORD103967,2025-08-20,20250820,CUST1148,PRD124,2,1557.69,112.97,3002.41,1870.96,1131.45
ORD100076,2025-08-20,20250820,CUST1136,PRD131,2,878.01,120.46,1635.56,864.02,771.54
ORD106116,2025-08-20,20250820,CUST1169,PRD113,3,2682.38,963.4,7083.74,4710.72,2373.02
ORD100874,2025-08-21,20250821,CUST1201,PRD125,3,831.8,161.66,2333.74,1821.78,511.96
ORD105609,2025-08-21,20250821,CUST1200,PRD125,5,831.8,411.78,3747.22,3036.3,710.92
ORD101392,2025-08-21,20250821,CUST1166,PRD122,3,1341.58,348.35,3676.39,2529.12,1147.27
ORD102912,2025-08-21,20250821,CUST1209,PRD131,2,878.01,24.03,1731.99,864.02,867.97
ORD100398,2025-08-21,20250821,CUST1029,PRD130,2,555.04,130.01,980.07,649.4,330.67
ORD100075,2025-08-21,20250821,CUST1236,PRD108,1,1410.45,78.54,1331.91,763.02,568.89
ORD103744,2025-08-21,20250821,CUST1132,PRD101,5,2720.52,813.81,12788.79,10155.95,2632.84
ORD102943,2025-08-21,20250821,CUST1045,PRD131,3,878.01,87.03,2547.0,1296.03,1250.97
ORD105436,2025-08-21,20250821,CUST1233,PRD122,4,1341.58,376.12,4990.2,3372.16,1618.04
ORD102201,2025-08-21,20250821,CUST1122,PRD110,5,1138.64,830.91,4862.29,2593.75,2268.54
ORD103089,2025-08-22,20250822,CUST1225,PRD124,1,1557.69,142.89,1414.8,935.48,479.32
ORD100555,2025-08-22,20250822,CUST1238,PRD131,3,878.01,5.17,2628.86,1296.03,1332.83
ORD104847,2025-08-22,20250822,CUST1118,PRD103,5,2340.88,360.17,11344.23,6155.8,5188.43
ORD106147,2025-08-22,20250822,CUST1098,PRD124,5,1557.69,86.13,7702.32,4677.4,3024.92
ORD105172,2025-08-22,20250822,CUST1097,PRD109,5,740.34,500.04,3201.66,2757.0,444.66
ORD104065,2025-08-22,20250822,CUST1221,PRD102,3,34011.42,1139.19,100895.07,40595.52,60299.55
ORD106083,2025-08-22,20250822,CUST1049,PRD115,4,2955.79,1525.67,10297.49,6196.72,4100.77
ORD102744,2025-08-22,20250822,CUST1090,PRD116,2,6250.5,1350.08,11150.92,8824.54,2326.38
ORD103556,2025-08-22,20250822,CUST1155,PRD125,1,831.8,110.73,721.07,607.26,113.81
ORD105903,2025-08-22,20250822,CUST1109,PRD125,3,831.8,42.19,2453.21,1821.78,631.43
ORD101062,2025-08-22,20250822,CUST1154,PRD125,1,831.8,61.5,770.3,607.26,163.04
ORD105751,2025-08-22,20250822,CUST1112,PRD109,3,740.34,34.42,2186.6,1654.2,532.4
ORD100356,2025-08-23,20250823,CUST1107,PRD101,2,2720.52,99.31,5341.73,4062.38,1279.35
ORD105483,2025-08-23,20250823,CUST1175,PRD124,2,1557.69,139.1,2976.28,1870.96,1105.32
ORD104367,2025-08-23,20250823,CUST1003,PRD131,4,878.01,385.78,3126.26,1728.04,1398.22
ORD104332,2025-08-23,20250823,CUST1157,PRD125,4,831.8,360.43,2966.77,2429.04,537.73
ORD105292,2025-08-23,20250823,CUST1036,PRD131,4,878.01,333.35,3178.69,1728.04,1450.65
ORD104688,2025-08-23,20250823,CUST1227,PRD120,5,11941.0,3965.19,55739.81,34838.7,20901.11
ORD104181,2025-08-23,20250823,CUST1094,PRD104,4,8667.94,4321.01,30350.75,12402.12,17948.63
ORD105319,2025-08-23,20250823,CUST1001,PRD103,2,2340.88,393.64,4288.12,2462.32,1825.8
ORD100939,2025-08-23,20250823,CUST1012,PRD110,2,1138.64,89.83,2187.45,1037.5,1149.95
ORD103586,2025-08-23,20250823,CUST1189,PRD101,4,2720.52,512.79,10369.29,8124.76,2244.53
ORD105473,2025-08-23,20250823,CUST1171,PRD101,5,2720.52,338.76,13263.84,10155.95,3107.89
ORD100388,2025-08-24,20250824,CUST1182,PRD109,3,740.34,116.45,2104.57,1654.2,450.37
ORD100975,2025-08-24,20250824,CUST1050,PRD109,2,740.34,53.53,1427.15,1102.8,324.35
ORD102989,2025-08-24,20250824,CUST1175,PRD131,3,878.01,344.64,2289.39,1296.03,993.36
ORD100395,2025-08-24,20250824,CUST1207,PRD131,5,878.01,459.82,3930.23,2160.05,1770.18
ORD100428,2025-08-24,20250824,CUST1121,PRD125,1,831.8,110.99,720.81,607.26,113.55
ORD102954,2025-08-24,20250824,CUST1237,PRD104,5,8667.94,2947.86,40391.84,15502.65,24889.19
ORD103456,2025-08-24,20250824,CUST1217,PRD108,2,1410.45,128.27,2692.63,1526.04,1166.59
ORD105575,2025-08-25,20250825,CUST1166,PRD116,5,6250.5,4144.54,27107.96,22061.35,5046.61
ORD103592,2025-08-25,20250825,CUST1157,PRD115,2,2955.79,221.27,5690.31,3098.36,2591.95
ORD102427,2025-08-25,20250825,CUST1223,PRD125,1,831.8,75.32,756.48,607.26,149.22
ORD102088,2025-08-25,20250825,CUST1209,PRD101,4,2720.52,751.6,10130.48,8124.76,2005.72
ORD101776,2025-08-25,20250825,CUST1122,PRD125,4,831.8,23.27,3303.93,2429.04,874.89
ORD106132,2025-08-25,20250825,CUST1012,PRD116,4,6250.5,1406.07,23595.93,17649.08,5946.85
ORD102993,2025-08-26,20250826,CUST1074,PRD109,4,740.34,38.74,2922.62,2205.6,717.02
ORD103911,2025-08-26,20250826,CUST1001,PRD105,4,1128.05,41.98,4470.22,3319.0,1151.22
ORD101450,2025-08-26,20250826,CUST1070,PRD108,3,1410.45,161.49,4069.86,2289.06,1780.8
ORD106013,2025-08-26,20250826,CUST1229,PRD131,1,878.01,16.93,861.08,432.01,429.07
ORD105402,2025-08-26,20250826,CUST1085,PRD101,5,2720.52,1259.47,12343.13,10155.95,2187.18
ORD105552,2025-08-26,20250826,CUST1040,PRD122,1,1341.58,151.68,1189.9,843.04,346.86
ORD105237,2025-08-26,20250826,CUST1170,PRD124,2,1557.69,227.14,2888.24,1870.96,1017.28
ORD105744,2025-08-26,20250826,CUST1077,PRD131,5,878.01,491.32,3898.73,2160.05,1738.68
ORD102072,2025-08-26,20250826,CUST1066,PRD124,1,1557.69,60.97,1496.72,935.48,561.24
ORD100042,2025-08-26,20250826,CUST1196,PRD130,2,555.04,122.31,987.77,649.4,338.37
ORD100176,2025-08-27,20250827,CUST1225,PRD116,4,6250.5,2043.82,22958.18,17649.08,5309.1
ORD103115,2025-08-27,20250827,CUST1123,PRD131,2,878.01,119.99,1636.03,864.02,772.01
ORD103309,2025-08-27,20250827,CUST1011,PRD131,2,878.01,160.74,1595.28,864.02,731.26
ORD102517,2025-08-27,20250827,CUST1189,PRD120,2,11941.0,2798.43,21083.57,13935.48,7148.09
ORD102690,2025-08-27,20250827,CUST1028,PRD113,2,2682.38,420.08,4944.68,3140.48,1804.2
ORD102455,2025-08-27,20250827,CUST1007,PRD113,4,2682.38,241.99,10487.53,6280.96,4206.57
ORD105507,2025-08-27,20250827,CUST1014,PRD120,5,11941.0,1422.85,58282.15,34838.7,23443.45
ORD100635,2025-08-27,20250827,CUST1110,PRD101,5,2720.52,1942.48,11660.12,10155.95,1504.17
ORD100473,2025-08-27,20250827,CUST1147,PRD125,4,831.8,212.89,3114.31,2429.04,685.27
ORD104411,2025-08-27,20250827,CUST1241,PRD131,3,878.01,247.78,2386.25,1296.03,1090.22
ORD104969,2025-08-27,20250827,CUST1120,PRD122,1,1341.58,116.96,1224.62,843.04,381.58
ORD102874,2025-08-27,20250827,CUST1133,PRD101,2,2720.52,687.96,4753.08,4062.38,690.7
ORD100094,2025-08-27,20250827,CUST1049,PRD120,2,11941.0,848.89,23033.11,13935.48,9097.63
ORD103846,2025-08-27,20250827,CUST1140,PRD127,4,2448.22,432.14,9360.74,5357.72,4003.02
ORD102415,2025-08-27,20250827,CUST1020,PRD112,3,2391.88,783.01,6392.63,4860.51,1532.12
ORD102628,2025-08-28,20250828,CUST1023,PRD101,3,2720.52,676.29,7485.27,6093.57,1391.7
ORD103000,2025-08-28,20250828,CUST1154,PRD103,4,2340.88,919.51,8444.01,4924.64,3519.37
ORD105411,2025-08-28,20250828,CUST1249,PRD127,4,2448.22,733.16,9059.72,5357.72,3702.0
ORD104189,2025-08-28,20250828,CUST1103,PRD120,4,11941.0,3451.36,44312.64,27870.96,16441.68
ORD105277,2025-08-28,20250828,CUST1045,PRD130,2,555.04,53.7,1056.38,649.4,406.98
ORD100081,2025-08-28,20250828,CUST1229,PRD101,5,2720.52,1935.18,11667.42,10155.95,1511.47
ORD105201,2025-08-28,20250828,CUST1055,PRD122,3,1341.58,315.52,3709.22,2529.12,1180.1
ORD105512,2025-08-28,20250828,CUST1206,PRD127,5,2448.22,128.53,12112.57,6697.15,5415.42
ORD105523,2025-08-29,20250829,CUST1020,PRD103,4,2340.88,370.84,8992.68,4924.64,4068.04
ORD102753,2025-08-29,20250829,CUST1002,PRD131,5,878.01,173.81,4216.24,2160.05,2056.19
ORD106058,2025-08-29,20250829,CUST1124,PRD113,2,2682.38,762.61,4602.15,3140.48,1461.67
ORD105430,2025-08-29,20250829,CUST1135,PRD122,5,1341.58,763.81,5944.09,4215.2,1728.89
ORD105455,2025-08-29,20250829,CUST1045,PRD103,2,2340.88,271.23,4410.53,2462.32,1948.21
ORD103567,2025-08-29,20250829,CUST1121,PRD124,1,1557.69,176.99,1380.7,935.48,445.22
ORD102797,2025-08-29,20250829,CUST1079,PRD110,4,1138.64,2.61,4551.95,2075.0,2476.95
ORD100499,2025-08-29,20250829,CUST1216,PRD116,4,6250.5,900.72,24101.28,17649.08,6452.2
ORD101378,2025-08-29,20250829,CUST1204,PRD103,3,2340.88,760.99,6261.65,3693.48,2568.17
ORD101548,2025-08-29,20250829,CUST1056,PRD101,5,2720.52,1178.23,12424.37,10155.95,2268.42
ORD105702,2025-08-30,20250830,CUST1174,PRD122,3,1341.58,211.62,3813.12,2529.12,1284.0
ORD102504,2025-08-30,20250830,CUST1036,PRD116,3,6250.5,1735.39,17016.11,13236.81,3779.3
ORD105534,2025-08-30,20250830,CUST1117,PRD116,3,6250.5,2163.51,16587.99,13236.81,3351.18
ORD105788,2025-08-30,20250830,CUST1163,PRD131,2,878.01,155.37,1600.65,864.02,736.63
ORD102821,2025-08-30,20250830,CUST1053,PRD108,2,1410.45,334.09,2486.81,1526.04,960.77
ORD103300,2025-08-30,20250830,CUST1089,PRD116,1,6250.5,489.94,5760.56,4412.27,1348.29
ORD105291,2025-08-30,20250830,CUST1048,PRD131,4,878.01,110.29,3401.75,1728.04,1673.71
ORD101643,2025-08-31,20250831,CUST1052,PRD105,2,1128.05,134.88,2121.22,1659.5,461.72
ORD101103,2025-08-31,20250831,CUST1044,PRD113,2,2682.38,377.08,4987.68,3140.48,1847.2
ORD102450,2025-08-31,20250831,CUST1128,PRD131,4,878.01,504.17,3007.87,1728.04,1279.83
ORD101326,2025-08-31,20250831,CUST1096,PRD127,3,2448.22,866.59,6478.07,4018.29,2459.78
ORD102463,2025-08-31,20250831,CUST1050,PRD125,2,831.8,220.03,1443.57,1214.52,229.05
ORD101544,2025-08-31,20250831,CUST1230,PRD109,1,740.34,21.11,719.23,551.4,167.83
ORD100354,2025-08-31,20250831,CUST1117,PRD113,4,2682.38,766.46,9963.06,6280.96,3682.1
ORD104831,2025-08-31,20250831,CUST1163,PRD131,1,878.01,50.29,827.72,432.01,395.71
ORD105934,2025-08-31,20250831,CUST1169,PRD131,3,878.01,379.83,2254.2,1296.03,958.17
ORD106017,2025-09-01,20250901,CUST1229,PRD131,5,878.01,40.68,4349.37,2160.05,2189.32
ORD100049,2025-09-01,20250901,CUST1205,PRD109,1,740.34,0.73,739.61,551.4,188.21
ORD104282,2025-09-01,20250901,CUST1049,PRD120,4,11941.0,7084.44,40679.56,27870.96,12808.6
ORD106039,2025-09-01,20250901,CUST1007,PRD122,5,1341.58,482.79,6225.11,4215.2,2009.91
ORD105599,2025-09-01,20250901,CUST1236,PRD131,5,878.01,454.29,3935.76,2160.05,1775.71
ORD105524,2025-09-01,20250901,CUST1116,PRD115,3,2955.79,1011.18,7856.19,4647.54,3208.65
ORD102342,2025-09-01,20250901,CUST1054,PRD108,2,1410.45,393.92,2426.98,1526.04,900.94
ORD101161,2025-09-01,20250901,CUST1109,PRD122,2,1341.58,13.75,2669.41,1686.08,983.33
ORD101935,2025-09-01,20250901,CUST1210,PRD125,3,831.8,144.23,2351.17,1821.78,529.39
ORD104921,2025-09-01,20250901,CUST1181,PRD131,5,878.01,643.88,3746.17,2160.05,1586.12
ORD102979,2025-09-01,20250901,CUST1090,PRD111,5,1653.05,1226.33,7038.92,6079.1,959.82
ORD103498,2025-09-01,20250901,CUST1025,PRD111,1,1653.05,74.36,1578.69,1215.82,362.87
ORD103970,2025-09-02,20250902,CUST1129,PRD116,4,6250.5,303.53,24698.47,17649.08,7049.39
ORD100800,2025-09-02,20250902,CUST1072,PRD127,5,2448.22,739.46,11501.64,6697.15,4804.49
ORD100864,2025-09-02,20250902,CUST1030,PRD109,3,740.34,207.19,2013.83,1654.2,359.63
ORD102296,2025-09-02,20250902,CUST1175,PRD110,1,1138.64,134.54,1004.1,518.75,485.35
ORD104665,2025-09-02,20250902,CUST1183,PRD125,3,831.8,295.53,2199.87,1821.78,378.09
ORD105631,2025-09-02,20250902,CUST1096,PRD131,4,878.01,460.98,3051.06,1728.04,1323.02
ORD103363,2025-09-02,20250902,CUST1027,PRD101,3,2720.52,362.89,7798.67,6093.57,1705.1
ORD105285,2025-09-02,20250902,CUST1086,PRD125,4,831.8,264.69,3062.51,2429.04,633.47
ORD102481,2025-09-02,20250902,CUST1099,PRD109,2,740.34,217.14,1263.54,1102.8,160.74
ORD101122,2025-09-03,20250903,CUST1236,PRD125,4,831.8,483.01,2844.19,2429.04,415.15
ORD102923,2025-09-03,20250903,CUST1208,PRD126,5,2373.84,704.03,11165.17,8254.25,2910.92
ORD102889,2025-09-03,20250903,CUST1081,PRD109,4,740.34,260.11,2701.25,2205.6,495.65
ORD102774,2025-09-03,20250903,CUST1043,PRD103,3,2340.88,360.77,6661.87,3693.48,2968.39
ORD104949,2025-09-03,20250903,CUST1113,PRD125,2,831.8,227.6,1436.0,1214.52,221.48
ORD103235,2025-09-03,20250903,CUST1166,PRD124,5,1557.69,89.28,7699.17,4677.4,3021.77
ORD102723,2025-09-03,20250903,CUST1167,PRD125,1,831.8,85.41,746.39,607.26,139.13
ORD104573,2025-09-03,20250903,CUST1049,PRD131,4,878.01,490.67,3021.37,1728.04,1293.33
ORD105904,2025-09-03,20250903,CUST1104,PRD112,5,2391.88,183.71,11775.69,8100.85,3674.84
ORD104502,2025-09-04,20250904,CUST1182,PRD116,5,6250.5,1947.54,29304.96,22061.35,7243.61
ORD102194,2025-09-04,20250904,CUST1153,PRD113,5,2682.38,1026.85,12385.05,7851.2,4533.85
ORD102653,2025-09-04,20250904,CUST1141,PRD124,1,1557.69,137.15,1420.54,935.48,485.06
ORD106060,2025-09-04,20250904,CUST1082,PRD110,3,1138.64,230.99,3184.93,1556.25,1628.68
ORD102615,2025-09-04,20250904,CUST1182,PRD128,5,577.0,265.59,2619.41,1934.6,684.81
ORD102697,2025-09-04,20250904,CUST1190,PRD120,1,11941.0,1331.99,10609.01,6967.74,3641.27
ORD105642,2025-09-04,20250904,CUST1136,PRD124,4,1557.69,521.1,5709.66,3741.92,1967.74
ORD103540,2025-09-04,20250904,CUST1109,PRD127,4,2448.22,694.86,9098.02,5357.72,3740.3
ORD100794,2025-09-04,20250904,CUST1015,PRD131,4,878.01,244.33,3267.71,1728.04,1539.67
ORD104081,2025-09-04,20250904,CUST1119,PRD109,5,740.34,87.0,3614.7,2757.0,857.7
ORD100721,2025-09-04,20250904,CUST1128,PRD125,3,831.8,329.45,2165.95,1821.78,344.17
ORD106131,2025-09-04,20250904,CUST1175,PRD122,1,1341.58,13.07,1328.51,843.04,485.47
ORD104420,2025-09-04,20250904,CUST1139,PRD131,2,878.01,119.85,1636.17,864.02,772.15
ORD100079,2025-09-05,20250905,CUST1174,PRD127,3,2448.22,747.37,6597.29,4018.29,2579.0
ORD100495,2025-09-05,20250905,CUST1152,PRD112,1,2391.88,62.33,2329.55,1620.17,709.38
ORD105142,2025-09-05,20250905,CUST1124,PRD125,5,831.8,101.38,4057.62,3036.3,1021.32
ORD105725,2025-09-05,20250905,CUST1246,PRD120,3,11941.0,2451.51,33371.49,20903.22,12468.27
ORD104655,2025-09-06,20250906,CUST1009,PRD106,3,1484.26,61.78,4391.0,2758.68,1632.32
ORD104995,2025-09-06,20250906,CUST1195,PRD125,5,831.8,165.76,3993.24,3036.3,956.94
ORD101396,2025-09-06,20250906,CUST1216,PRD125,4,831.8,51.12,3276.08,2429.04,847.04
ORD105252,2025-09-06,20250906,CUST1029,PRD101,2,2720.52,710.64,4730.4,4062.38,668.02
ORD106054,2025-09-06,20250906,CUST1170,PRD108,1,1410.45,49.57,1360.88,763.02,597.86
ORD101195,2025-09-06,20250906,CUST1199,PRD109,4,740.34,347.4,2613.96,2205.6,408.36
ORD103026,2025-09-06,20250906,CUST1110,PRD131,5,878.01,125.39,4264.66,2160.05,2104.61
ORD100501,2025-09-06,20250906,CUST1033,PRD122,1,1341.58,71.58,1270.0,843.04,426.96
ORD106070,2025-09-06,20250906,CUST1026,PRD101,3,2720.52,701.15,7460.41,6093.57,1366.84
ORD105618,2025-09-06,20250906,CUST1046,PRD113,2,2682.38,729.63,4635.13,3140.48,1494.65
ORD104044,2025-09-06,20250906,CUST1249,PRD122,5,1341.58,28.3,6679.6,4215.2,2464.4
ORD106104,2025-09-06,20250906,CUST1145,PRD103,5,2340.88,359.87,11344.53,6155.8,5188.73
ORD105738,2025-09-07,20250907,CUST1236,PRD101,5,2720.52,1118.14,12484.46,10155.95,2328.51
ORD105627,2025-09-07,20250907,CUST1163,PRD109,4,740.34,306.78,2654.58,2205.6,448.98
ORD100832,2025-09-07,20250907,CUST1045,PRD116,2,6250.5,295.17,12205.83,8824.54,3381.29
ORD105813,2025-09-07,20250907,CUST1148,PRD131,4,878.01,307.83,3204.21,1728.04,1476.17
ORD104489,2025-09-07,20250907,CUST1162,PRD131,5,878.01,195.95,4194.1,2160.05,2034.05
ORD102350,2025-09-07,20250907,CUST1190,PRD101,2,2720.52,661.94,4779.1,4062.38,716.72
ORD101496,2025-09-07,20250907,CUST1050,PRD131,4,878.01,216.9,3295.14,1728.04,1567.1
ORD102431,2025-09-07,20250907,CUST1163,PRD125,4,831.8,263.52,3063.68,2429.04,634.64
ORD105383,2025-09-07,20250907,CUST1132,PRD110,4,1138.64,480.95,4073.61,2075.0,1998.61
ORD106124,2025-09-07,20250907,CUST1036,PRD111,2,1653.05,63.07,3243.03,2431.64,811.39
ORD103701,2025-09-08,20250908,CUST1212,PRD122,5,1341.58,42.79,6665.11,4215.2,2449.91
ORD103365,2025-09-08,20250908,CUST1177,PRD108,3,1410.45,321.09,3910.26,2289.06,1621.2
ORD105136,2025-09-08,20250908,CUST1008,PRD113,1,2682.38,33.85,2648.53,1570.24,1078.29
ORD103833,2025-09-08,20250908,CUST1189,PRD124,5,1557.69,1028.01,6760.44,4677.4,2083.04
ORD103137,2025-09-08,20250908,CUST1249,PRD124,2,1557.69,309.09,2806.29,1870.96,935.33
ORD105694,2025-09-08,20250908,CUST1061,PRD103,5,2340.88,300.85,11403.55,6155.8,5247.75
ORD101871,2025-09-08,20250908,CUST1011,PRD131,2,878.01,84.96,1671.06,864.02,807.04
ORD102756,2025-09-09,20250909,CUST1159,PRD127,5,2448.22,1256.31,10984.79,6697.15,4287.64
ORD105448,2025-09-09,20250909,CUST1163,PRD110,3,1138.64,506.3,2909.62,1556.25,1353.37
ORD105305,2025-09-09,20250909,CUST1017,PRD125,5,831.8,231.89,3927.11,3036.3,890.81
ORD100485,2025-09-09,20250909,CUST1002,PRD122,1,1341.58,105.63,1235.95,843.04,392.91
ORD105493,2025-09-09,20250909,CUST1057,PRD113,5,2682.38,461.06,12950.84,7851.2,5099.64
ORD104751,2025-09-09,20250909,CUST1159,PRD124,4,1557.69,768.57,5462.19,3741.92,1720.27
ORD103163,2025-09-09,20250909,CUST1157,PRD124,2,1557.69,360.88,2754.5,1870.96,883.54
ORD102559,2025-09-09,20250909,CUST1240,PRD101,3,2720.52,604.58,7556.98,6093.57,1463.41
ORD105619,2025-09-10,20250910,CUST1221,PRD131,4,878.01,516.7,2995.34,1728.04,1267.3
ORD105067,2025-09-10,20250910,CUST1064,PRD101,3,2720.52,656.95,7504.61,6093.57,1411.04
ORD100008,2025-09-10,20250910,CUST1126,PRD115,1,2955.79,325.44,2630.35,1549.18,1081.17
ORD105852,2025-09-10,20250910,CUST1114,PRD108,2,1410.45,79.08,2741.82,1526.04,1215.78
ORD105715,2025-09-10,20250910,CUST1166,PRD101,5,2720.52,130.09,13472.51,10155.95,3316.56
ORD102623,2025-09-10,20250910,CUST1042,PRD110,4,1138.64,598.62,3955.94,2075.0,1880.94
ORD101547,2025-09-10,20250910,CUST1048,PRD127,3,2448.22,134.37,7210.29,4018.29,3192.0
ORD100137,2025-09-10,20250910,CUST1224,PRD103,5,2340.88,163.16,11541.24,6155.8,5385.44
ORD101867,2025-09-10,20250910,CUST1118,PRD122,5,1341.58,884.41,5823.49,4215.2,1608.29
ORD103243,2025-09-10,20250910,CUST1140,PRD116,4,6250.5,2673.91,22328.09,17649.08,4679.01
ORD101268,2025-09-10,20250910,CUST1241,PRD131,5,878.01,15.92,4374.13,2160.05,2214.08
ORD105433,2025-09-10,20250910,CUST1207,PRD122,5,1341.58,680.87,6027.03,4215.2,1811.83
ORD100238,2025-09-11,20250911,CUST1108,PRD124,5,1557.69,871.46,6916.99,4677.4,2239.59
ORD105776,2025-09-11,20250911,CUST1002,PRD124,3,1557.69,308.34,4364.73,2806.44,1558.29
ORD100645,2025-09-11,20250911,CUST1031,PRD122,3,1341.58,420.41,3604.33,2529.12,1075.21
ORD101128,2025-09-11,20250911,CUST1137,PRD125,4,831.8,218.79,3108.41,2429.04,679.37
ORD101919,2025-09-11,20250911,CUST1122,PRD122,3,1341.58,315.03,3709.71,2529.12,1180.59
ORD104151,2025-09-11,20250911,CUST1205,PRD122,5,1341.58,155.87,6552.03,4215.2,2336.83
ORD102542,2025-09-11,20250911,CUST1236,PRD103,4,2340.88,732.72,8630.8,4924.64,3706.16
ORD103945,2025-09-12,20250912,CUST1135,PRD120,2,11941.0,2538.82,21343.18,13935.48,7407.7
ORD104155,2025-09-12,20250912,CUST1178,PRD131,5,878.01,500.18,3889.87,2160.05,1729.82
ORD105884,2025-09-12,20250912,CUST1153,PRD109,4,740.34,381.03,2580.33,2205.6,374.73
ORD105782,2025-09-12,20250912,CUST1057,PRD131,4,878.01,8.55,3503.49,1728.04,1775.45
ORD105516,2025-09-12,20250912,CUST1071,PRD131,1,878.01,77.77,800.24,432.01,368.23
ORD100915,2025-09-12,20250912,CUST1100,PRD113,3,2682.38,145.35,7901.79,4710.72,3191.07
ORD101700,2025-09-12,20250912,CUST1057,PRD103,5,2340.88,147.4,11557.0,6155.8,5401.2
ORD101285,2025-09-12,20250912,CUST1176,PRD101,5,2720.52,144.65,13457.95,10155.95,3302.0
ORD106007,2025-09-12,20250912,CUST1231,PRD101,4,2720.52,844.88,10037.2,8124.76,1912.44
ORD102555,2025-09-12,20250912,CUST1030,PRD130,2,555.04,80.59,1029.49,649.4,380.09
ORD104480,2025-09-12,20250912,CUST1033,PRD101,1,2720.52,32.17,2688.35,2031.19,657.16
ORD104313,2025-09-13,20250913,CUST1043,PRD125,3,831.8,307.64,2187.76,1821.78,365.98
ORD101801,2025-09-13,20250913,CUST1246,PRD101,3,2720.52,609.57,7551.99,6093.57,1458.42
ORD102159,2025-09-13,20250913,CUST1019,PRD124,2,1557.69,440.99,2674.39,1870.96,803.43
ORD102608,2025-09-13,20250913,CUST1153,PRD105,5,1128.05,524.91,5115.34,4148.75,966.59
ORD100382,2025-09-13,20250913,CUST1118,PRD113,2,2682.38,463.71,4901.05,3140.48,1760.57
ORD101677,2025-09-13,20250913,CUST1038,PRD110,3,1138.64,24.33,3391.59,1556.25,1835.34
ORD103248,2025-09-13,20250913,CUST1048,PRD125,5,831.8,202.67,3956.33,3036.3,920.03
ORD103645,2025-09-13,20250913,CUST1161,PRD131,5,878.01,654.04,3736.01,2160.05,1575.96
ORD101617,2025-09-13,20250913,CUST1234,PRD115,4,2955.79,533.74,11289.42,6196.72,5092.7
ORD103757,2025-09-13,20250913,CUST1036,PRD109,5,740.34,169.86,3531.84,2757.0,774.84
ORD102290,2025-09-13,20250913,CUST1215,PRD113,3,2682.38,615.19,7431.95,4710.72,2721.23
ORD100016,2025-09-14,20250914,CUST1077,PRD101,5,2720.52,713.78,12888.82,10155.95,2732.87
ORD104274,2025-09-14,20250914,CUST1136,PRD116,1,6250.5,874.77,5375.73,4412.27,963.46
ORD100693,2025-09-14,20250914,CUST1137,PRD101,3,2720.52,1189.87,6971.69,6093.57,878.12
ORD100677,2025-09-14,20250914,CUST1246,PRD128,5,577.0,200.11,2684.89,1934.6,750.29
ORD106141,2025-09-14,20250914,CUST1087,PRD125,5,831.8,34.45,4124.55,3036.3,1088.25
ORD105772,2025-09-14,20250914,CUST1163,PRD101,1,2720.52,272.13,2448.39,2031.19,417.2
ORD104540,2025-09-14,20250914,CUST1023,PRD105,3,1128.05,290.43,3093.72,2489.25,604.47
ORD105752,2025-09-14,20250914,CUST1249,PRD108,5,1410.45,131.02,6921.23,3815.1,3106.13
ORD105351,2025-09-14,20250914,CUST1237,PRD101,3,2720.52,159.95,8001.61,6093.57,1908.04
ORD104843,2025-09-14,20250914,CUST1089,PRD131,2,878.01,155.69,1600.33,864.02,736.31
ORD104279,2025-09-14,20250914,CUST1111,PRD124,5,1557.69,570.66,7217.79,4677.4,2540.39
ORD101283,2025-09-14,20250914,CUST1032,PRD122,2,1341.58,85.96,2597.2,1686.08,911.12
ORD105960,2025-09-14,20250914,CUST1062,PRD110,4,1138.64,151.58,4402.98,2075.0,2327.98
ORD100662,2025-09-14,20250914,CUST1097,PRD125,1,831.8,19.55,812.25,607.26,204.99
ORD105909,2025-09-15,20250915,CUST1213,PRD103,3,2340.88,108.85,6913.79,3693.48,3220.31
ORD105222,2025-09-15,20250915,CUST1112,PRD110,2,1138.64,211.39,2065.89,1037.5,1028.39
ORD105442,2025-09-15,20250915,CUST1159,PRD120,5,11941.0,8732.87,50972.13,34838.7,16133.43
ORD103867,2025-09-15,20250915,CUST1215,PRD113,3,2682.38,1062.85,6984.29,4710.72,2273.57
ORD105419,2025-09-15,20250915,CUST1147,PRD124,4,1557.69,910.31,5320.45,3741.92,1578.53
ORD100551,2025-09-15,20250915,CUST1129,PRD127,3,2448.22,777.76,6566.9,4018.29,2548.61
ORD100239,2025-09-16,20250916,CUST1181,PRD110,4,1138.64,438.57,4115.99,2075.0,2040.99
ORD100433,2025-09-16,20250916,CUST1132,PRD130,3,555.04,42.73,1622.39,974.1,648.29
ORD106062,2025-09-16,20250916,CUST1075,PRD116,3,6250.5,2736.64,16014.86,13236.81,2778.05
ORD102487,2025-09-16,20250916,CUST1144,PRD108,5,1410.45,877.37,6174.88,3815.1,2359.78
ORD102905,2025-09-16,20250916,CUST1199,PRD110,4,1138.64,182.93,4371.63,2075.0,2296.63
ORD105790,2025-09-16,20250916,CUST1223,PRD116,3,6250.5,1356.7,17394.8,13236.81,4157.99
ORD105296,2025-09-16,20250916,CUST1070,PRD120,4,11941.0,3667.32,44096.68,27870.96,16225.72
ORD101929,2025-09-16,20250916,CUST1183,PRD103,3,2340.88,576.96,6445.68,3693.48,2752.2
ORD104446,2025-09-16,20250916,CUST1184,PRD129,2,372.05,80.42,663.68,457.1,206.58
ORD105346,2025-09-17,20250917,CUST1248,PRD110,4,1138.64,566.68,3987.88,2075.0,1912.88
ORD102721,2025-09-17,20250917,CUST1002,PRD105,2,1128.05,289.3,1966.8,1659.5,307.3
ORD106119,2025-09-17,20250917,CUST1213,PRD125,5,831.8,152.13,4006.87,3036.3,970.57
ORD105972,2025-09-17,20250917,CUST1193,PRD125,3,831.8,220.4,2275.0,1821.78,453.22
ORD105821,2025-09-17,20250917,CUST1239,PRD116,2,6250.5,145.24,12355.76,8824.54,3531.22
ORD100984,2025-09-17,20250917,CUST1005,PRD127,5,2448.22,110.98,12130.12,6697.15,5432.97
ORD102004,2025-09-17,20250917,CUST1128,PRD131,3,878.01,325.88,2308.15,1296.03,1012.12
ORD102147,2025-09-18,20250918,CUST1138,PRD112,3,2391.88,759.84,6415.8,4860.51,1555.29
ORD101324,2025-09-18,20250918,CUST1104,PRD127,2,2448.22,86.07,4810.37,2678.86,2131.51
ORD100242,2025-09-18,20250918,CUST1163,PRD116,5,6250.5,3798.77,27453.73,22061.35,5392.38
ORD101855,2025-09-18,20250918,CUST1041,PRD131,5,878.01,215.09,4174.96,2160.05,2014.91
ORD104876,2025-09-18,20250918,CUST1044,PRD124,3,1557.69,673.37,3999.7,2806.44,1193.26
ORD105435,2025-09-18,20250918,CUST1205,PRD122,2,1341.58,41.88,2641.28,1686.08,955.2
ORD101502,2025-09-18,20250918,CUST1219,PRD130,3,555.04,22.08,1643.04,974.1,668.94
ORD105809,2025-09-18,20250918,CUST1124,PRD103,2,2340.88,333.72,4348.04,2462.32,1885.72
ORD105995,2025-09-18,20250918,CUST1117,PRD126,3,2373.84,335.14,6786.38,4952.55,1833.83
ORD105502,2025-09-18,20250918,CUST1110,PRD113,4,2682.38,23.17,10706.35,6280.96,4425.39
ORD101289,2025-09-19,20250919,CUST1015,PRD101,5,2720.52,986.17,12616.43,10155.95,2460.48
ORD106022,2025-09-19,20250919,CUST1099,PRD124,4,1557.69,125.72,6105.04,3741.92,2363.12
ORD105786,2025-09-19,20250919,CUST1164,PRD122,4,1341.58,544.5,4821.82,3372.16,1449.66
ORD104890,2025-09-19,20250919,CUST1242,PRD101,2,2720.52,140.85,5300.19,4062.38,1237.81
ORD105883,2025-09-19,20250919,CUST1055,PRD109,2,740.34,103.71,1376.97,1102.8,274.17
ORD102268,2025-09-19,20250919,CUST1210,PRD124,3,1557.69,569.23,4103.84,2806.44,1297.4
ORD102881,2025-09-19,20250919,CUST1086,PRD120,1,11941.0,192.81,11748.19,6967.74,4780.45
ORD103853,2025-09-19,20250919,CUST1038,PRD131,5,878.01,74.18,4315.87,2160.05,2155.82
ORD100522,2025-09-20,20250920,CUST1007,PRD113,5,2682.38,1445.5,11966.4,7851.2,4115.2
ORD103646,2025-09-20,20250920,CUST1152,PRD102,2,34011.42,3459.0,64563.84,27063.68,37500.16
ORD101836,2025-09-20,20250920,CUST1037,PRD110,4,1138.64,88.23,4466.33,2075.0,2391.33
ORD104713,2025-09-20,20250920,CUST1205,PRD107,4,14757.66,4038.57,54992.07,42093.52,12898.55
ORD100870,2025-09-20,20250920,CUST1158,PRD116,4,6250.5,2193.98,22808.02,17649.08,5158.94
ORD101083,2025-09-20,20250920,CUST1122,PRD113,1,2682.38,399.81,2282.57,1570.24,712.33
ORD101998,2025-09-20,20250920,CUST1104,PRD124,4,1557.69,134.5,6096.26,3741.92,2354.34
ORD105500,2025-09-20,20250920,CUST1103,PRD122,4,1341.58,782.28,4584.04,3372.16,1211.88
ORD101636,2025-09-20,20250920,CUST1024,PRD113,2,2682.38,522.56,4842.2,3140.48,1701.72
ORD102358,2025-09-20,20250920,CUST1243,PRD124,4,1557.69,427.05,5803.71,3741.92,2061.79
ORD100192,2025-09-21,20250921,CUST1042,PRD116,1,6250.5,633.04,5617.46,4412.27,1205.19
ORD105519,2025-09-21,20250921,CUST1184,PRD106,4,1484.26,2.66,5934.38,3678.24,2256.14
ORD104884,2025-09-21,20250921,CUST1010,PRD108,2,1410.45,299.99,2520.91,1526.04,994.87
ORD105284,2025-09-21,20250921,CUST1244,PRD122,2,1341.58,57.26,2625.9,1686.08,939.82
ORD100393,2025-09-21,20250921,CUST1092,PRD131,5,878.01,217.66,4172.39,2160.05,2012.34
ORD103116,2025-09-21,20250921,CUST1063,PRD131,5,878.01,382.88,4007.17,2160.05,1847.12
ORD101224,2025-09-21,20250921,CUST1034,PRD101,4,2720.52,312.1,10569.98,8124.76,2445.22
ORD103167,2025-09-21,20250921,CUST1201,PRD116,2,6250.5,1225.19,11275.81,8824.54,2451.27
ORD104104,2025-09-21,20250921,CUST1199,PRD101,2,2720.52,568.93,4872.11,4062.38,809.73
ORD102164,2025-09-21,20250921,CUST1058,PRD125,5,831.8,473.38,3685.62,3036.3,649.32
ORD104569,2025-09-21,20250921,CUST1231,PRD122,3,1341.58,122.92,3901.82,2529.12,1372.7
ORD105344,2025-09-21,20250921,CUST1180,PRD124,3,1557.69,234.1,4438.97,2806.44,1632.53
ORD103304,2025-09-21,20250921,CUST1097,PRD130,4,555.04,106.02,2114.14,1298.8,815.34
ORD102480,2025-09-22,20250922,CUST1145,PRD131,5,878.01,405.58,3984.47,2160.05,1824.42
ORD105408,2025-09-22,20250922,CUST1103,PRD108,2,1410.45,420.04,2400.86,1526.04,874.82
ORD102005,2025-09-22,20250922,CUST1018,PRD101,3,2720.52,1185.76,6975.8,6093.57,882.23
ORD105364,2025-09-22,20250922,CUST1215,PRD116,3,6250.5,138.57,18612.93,13236.81,5376.12
ORD106092,2025-09-22,20250922,CUST1092,PRD113,2,2682.38,578.59,4786.17,3140.48,1645.69
ORD105382,2025-09-22,20250922,CUST1043,PRD131,3,878.01,146.92,2487.11,1296.03,1191.08
ORD105047,2025-09-22,20250922,CUST1128,PRD108,2,1410.45,405.57,2415.33,1526.04,889.29
ORD105641,2025-09-22,20250922,CUST1217,PRD105,1,1128.05,40.34,1087.71,829.75,257.96
ORD100851,2025-09-22,20250922,CUST1034,PRD113,2,2682.38,26.83,5337.93,3140.48,2197.45
ORD105794,2025-09-22,20250922,CUST1222,PRD130,5,555.04,174.73,2600.47,1623.5,976.97
ORD104272,2025-09-22,20250922,CUST1020,PRD116,1,6250.5,705.95,5544.55,4412.27,1132.28
ORD102910,2025-09-22,20250922,CUST1248,PRD127,3,2448.22,815.58,6529.08,4018.29,2510.79
ORD104215,2025-09-22,20250922,CUST1120,PRD131,3,878.01,64.39,2569.64,1296.03,1273.61
ORD102998,2025-09-22,20250922,CUST1178,PRD131,1,878.01,5.22,872.79,432.01,440.78
ORD105219,2025-09-22,20250922,CUST1217,PRD124,1,1557.69,159.78,1397.91,935.48,462.43
ORD100901,2025-09-22,20250922,CUST1026,PRD110,2,1138.64,141.58,2135.7,1037.5,1098.2
ORD100628,2025-09-23,20250923,CUST1043,PRD113,5,2682.38,1087.84,12324.06,7851.2,4472.86
ORD100904,2025-09-23,20250923,CUST1168,PRD113,3,2682.38,167.28,7879.86,4710.72,3169.14
ORD104542,2025-09-23,20250923,CUST1163,PRD122,2,1341.58,234.06,2449.1,1686.08,763.02
ORD104221,2025-09-23,20250923,CUST1038,PRD124,3,1557.69,417.49,4255.58,2806.44,1449.14
ORD102698,2025-09-23,20250923,CUST1167,PRD102,1,34011.42,75.35,33936.07,13531.84,20404.23
ORD101759,2025-09-24,20250924,CUST1087,PRD116,1,6250.5,724.59,5525.91,4412.27,1113.64
ORD103695,2025-09-24,20250924,CUST1054,PRD124,5,1557.69,287.3,7501.15,4677.4,2823.75
ORD105337,2025-09-24,20250924,CUST1176,PRD128,4,577.0,263.65,2044.35,1547.68,496.67
ORD101767,2025-09-24,20250924,CUST1073,PRD113,4,2682.38,194.27,10535.25,6280.96,4254.29
ORD101393,2025-09-24,20250924,CUST1223,PRD130,2,555.04,47.17,1062.91,649.4,413.51
ORD102530,2025-09-24,20250924,CUST1159,PRD122,4,1341.58,53.31,5313.01,3372.16,1940.85
ORD105191,2025-09-24,20250924,CUST1229,PRD116,3,6250.5,445.04,18306.46,13236.81,5069.65
ORD105177,2025-09-24,20250924,CUST1105,PRD131,3,878.01,86.68,2547.35,1296.03,1251.32
ORD105698,2025-09-25,20250925,CUST1004,PRD116,5,6250.5,3498.87,27753.63,22061.35,5692.28
ORD101405,2025-09-25,20250925,CUST1015,PRD110,1,1138.64,70.24,1068.4,518.75,549.65
ORD100591,2025-09-25,20250925,CUST1070,PRD113,3,2682.38,782.76,7264.38,4710.72,2553.66
ORD104248,2025-09-25,20250925,CUST1045,PRD126,3,2373.84,387.28,6734.24,4952.55,1781.69
ORD101096,2025-09-25,20250925,CUST1230,PRD103,1,2340.88,159.01,2181.87,1231.16,950.71
ORD103590,2025-09-25,20250925,CUST1187,PRD131,1,878.01,128.74,749.27,432.01,317.26
ORD105192,2025-09-25,20250925,CUST1196,PRD113,1,2682.38,190.54,2491.84,1570.24,921.6
ORD102897,2025-09-25,20250925,CUST1117,PRD109,2,740.34,208.99,1271.69,1102.8,168.89
ORD100825,2025-09-25,20250925,CUST1176,PRD122,2,1341.58,347.11,2336.05,1686.08,649.97
ORD101290,2025-09-26,20250926,CUST1091,PRD108,1,1410.45,110.06,1300.39,763.02,537.37
ORD104488,2025-09-26,20250926,CUST1033,PRD110,1,1138.64,37.04,1101.6,518.75,582.85
ORD104237,2025-09-26,20250926,CUST1000,PRD112,1,2391.88,267.78,2124.1,1620.17,503.93
ORD104823,2025-09-26,20250926,CUST1192,PRD131,1,878.01,17.5,860.51,432.01,428.5
ORD105693,2025-09-26,20250926,CUST1000,PRD125,3,831.8,215.18,2280.22,1821.78,458.44
ORD105616,2025-09-26,20250926,CUST1207,PRD125,2,831.8,68.39,1595.21,1214.52,380.69
ORD103422,2025-09-26,20250926,CUST1179,PRD127,3,2448.22,143.67,7200.99,4018.29,3182.7
ORD102462,2025-09-26,20250926,CUST1177,PRD125,3,831.8,252.44,2242.96,1821.78,421.18
ORD104134,2025-09-26,20250926,CUST1008,PRD110,3,1138.64,433.2,2982.72,1556.25,1426.47
ORD105460,2025-09-26,20250926,CUST1027,PRD122,1,1341.58,12.19,1329.39,843.04,486.35
ORD102352,2025-09-27,20250927,CUST1083,PRD108,3,1410.45,230.75,4000.6,2289.06,1711.54
ORD105796,2025-09-27,20250927,CUST1155,PRD101,3,2720.52,581.81,7579.75,6093.57,1486.18
ORD104622,2025-09-27,20250927,CUST1183,PRD117,1,3086.39,103.27,2983.12,2087.51,895.61
ORD105936,2025-09-27,20250927,CUST1233,PRD130,3,555.04,141.86,1523.26,974.1,549.16
ORD103728,2025-09-27,20250927,CUST1217,PRD101,4,2720.52,318.76,10563.32,8124.76,2438.56
ORD102343,2025-09-27,20250927,CUST1008,PRD101,5,2720.52,632.38,12970.22,10155.95,2814.27
ORD105792,2025-09-27,20250927,CUST1241,PRD101,2,2720.52,337.74,5103.3,4062.38,1040.92
ORD102293,2025-09-27,20250927,CUST1226,PRD131,2,878.01,157.47,1598.55,864.02,734.53
ORD100198,2025-09-28,20250928,CUST1189,PRD103,3,2340.88,199.59,6823.05,3693.48,3129.57
ORD103094,2025-09-28,20250928,CUST1248,PRD131,5,878.01,553.82,3836.23,2160.05,1676.18
ORD101732,2025-09-28,20250928,CUST1239,PRD106,2,1484.26,149.8,2818.72,1839.12,979.6
ORD106095,2025-09-28,20250928,CUST1080,PRD116,4,6250.5,1050.47,23951.53,17649.08,6302.45
ORD100805,2025-09-28,20250928,CUST1157,PRD106,5,1484.26,909.08,6512.22,4597.8,1914.42
ORD100880,2025-09-28,20250928,CUST1176,PRD127,3,2448.22,330.91,7013.75,4018.29,2995.46
ORD102767,2025-09-29,20250929,CUST1113,PRD109,1,740.34,80.8,659.54,551.4,108.14
ORD105896,2025-09-29,20250929,CUST1201,PRD101,3,2720.52,97.47,8064.09,6093.57,1970.52
ORD105150,2025-09-29,20250929,CUST1019,PRD116,3,6250.5,1038.74,17712.76,13236.81,4475.95
ORD106050,2025-09-29,20250929,CUST1108,PRD123,3,1667.88,560.93,4442.71,3659.82,782.89
ORD103447,2025-09-29,20250929,CUST1008,PRD109,4,740.34,105.35,2856.01,2205.6,650.41
ORD102535,2025-09-29,20250929,CUST1119,PRD110,2,1138.64,288.94,1988.34,1037.5,950.84
ORD105662,2025-09-29,20250929,CUST1167,PRD125,4,831.8,134.97,3192.23,2429.04,763.19
ORD105256,2025-09-29,20250929,CUST1001,PRD127,2,2448.22,477.19,4419.25,2678.86,1740.39
ORD104327,2025-09-29,20250929,CUST1011,PRD122,3,1341.58,153.18,3871.56,2529.12,1342.44
ORD105847,2025-09-29,20250929,CUST1171,PRD127,1,2448.22,337.34,2110.88,1339.43,771.45
ORD102403,2025-09-29,20250929,CUST1199,PRD110,1,1138.64,29.45,1109.19,518.75,590.44
ORD102589,2025-09-29,20250929,CUST1158,PRD125,2,831.8,117.97,1545.63,1214.52,331.11
ORD100767,2025-09-29,20250929,CUST1001,PRD131,1,878.01,88.37,789.64,432.01,357.63
ORD102245,2025-09-29,20250929,CUST1131,PRD125,4,831.8,37.58,3289.62,2429.04,860.58
ORD100444,2025-09-30,20250930,CUST1213,PRD120,1,11941.0,697.27,11243.73,6967.74,4275.99
ORD101791,2025-09-30,20250930,CUST1138,PRD116,5,6250.5,3028.0,28224.5,22061.35,6163.15
ORD101132,2025-09-30,20250930,CUST1228,PRD124,2,1557.69,378.08,2737.3,1870.96,866.34
ORD105713,2025-09-30,20250930,CUST1133,PRD124,5,1557.69,852.66,6935.79,4677.4,2258.39
ORD105494,2025-09-30,20250930,CUST1164,PRD124,2,1557.69,91.99,3023.39,1870.96,1152.43
ORD103267,2025-09-30,20250930,CUST1085,PRD125,3,831.8,289.06,2206.34,1821.78,384.56
ORD103466,2025-09-30,20250930,CUST1191,PRD101,4,2720.52,366.9,10515.18,8124.76,2390.42
ORD102680,2025-09-30,20250930,CUST1072,PRD103,3,2340.88,833.62,6189.02,3693.48,2495.54
ORD102846,2025-09-30,20250930,CUST1022,PRD110,4,1138.64,599.72,3954.84,2075.0,1879.84
ORD105791,2025-09-30,20250930,CUST1223,PRD127,3,2448.22,994.44,6350.22,4018.29,2331.93
ORD100727,2025-10-01,20251001,CUST1055,PRD127,4,2448.22,527.64,9265.24,5357.72,3907.52
ORD103512,2025-10-01,20251001,CUST1042,PRD113,4,2682.38,63.94,10665.58,6280.96,4384.62
ORD105235,2025-10-01,20251001,CUST1134,PRD122,1,1341.58,42.51,1299.07,843.04,456.03
ORD104293,2025-10-01,20251001,CUST1143,PRD103,4,2340.88,488.86,8874.66,4924.64,3950.02
ORD103564,2025-10-01,20251001,CUST1036,PRD127,5,2448.22,1599.47,10641.63,6697.15,3944.48
ORD103753,2025-10-01,20251001,CUST1141,PRD131,4,878.01,264.22,3247.82,1728.04,1519.78
ORD103086,2025-10-01,20251001,CUST1109,PRD113,3,2682.38,328.37,7718.77,4710.72,3008.05
ORD100440,2025-10-01,20251001,CUST1059,PRD110,5,1138.64,149.71,5543.49,2593.75,2949.74
ORD100231,2025-10-01,20251001,CUST1042,PRD123,1,1667.88,195.35,1472.53,1219.94,252.59
ORD100018,2025-10-01,20251001,CUST1241,PRD125,2,831.8,220.76,1442.84,1214.52,228.32
ORD100057,2025-10-01,20251001,CUST1131,PRD124,2,1557.69,349.13,2766.25,1870.96,895.29
ORD103624,2025-10-02,20251002,CUST1246,PRD101,3,2720.52,1147.12,7014.44,6093.57,920.87
ORD101360,2025-10-02,20251002,CUST1182,PRD109,3,740.34,220.86,2000.16,1654.2,345.96
ORD101308,2025-10-02,20251002,CUST1103,PRD105,2,1128.05,135.16,2120.94,1659.5,461.44
ORD105535,2025-10-02,20251002,CUST1134,PRD131,3,878.01,247.02,2387.01,1296.03,1090.98
ORD105406,2025-10-02,20251002,CUST1031,PRD106,5,1484.26,160.48,7260.82,4597.8,2663.02
ORD104885,2025-10-02,20251002,CUST1185,PRD131,2,878.01,43.86,1712.16,864.02,848.14
ORD103082,2025-10-02,20251002,CUST1107,PRD130,3,555.04,30.99,1634.13,974.1,660.03
ORD102287,2025-10-02,20251002,CUST1095,PRD116,5,6250.5,1724.47,29528.03,22061.35,7466.68
ORD105926,2025-10-03,20251003,CUST1158,PRD103,4,2340.88,410.56,8952.96,4924.64,4028.32
ORD102958,2025-10-03,20251003,CUST1099,PRD127,4,2448.22,1358.67,8434.21,5357.72,3076.49
ORD104765,2025-10-03,20251003,CUST1008,PRD131,4,878.01,165.05,3346.99,1728.04,1618.95
ORD103459,2025-10-03,20251003,CUST1181,PRD130,1,555.04,15.98,539.06,324.7,214.36
ORD100304,2025-10-03,20251003,CUST1201,PRD131,5,878.01,259.99,4130.06,2160.05,1970.01
ORD100698,2025-10-03,20251003,CUST1116,PRD101,5,2720.52,1492.7,12109.9,10155.95,1953.95
ORD100105,2025-10-03,20251003,CUST1191,PRD124,1,1557.69,105.11,1452.58,935.48,517.1
ORD104287,2025-10-03,20251003,CUST1091,PRD127,2,2448.22,711.26,4185.18,2678.86,1506.32
ORD105313,2025-10-03,20251003,CUST1135,PRD103,2,2340.88,653.48,4028.28,2462.32,1565.96
ORD105763,2025-10-04,20251004,CUST1238,PRD124,1,1557.69,175.95,1381.74,935.48,446.26
ORD100015,2025-10-04,20251004,CUST1079,PRD113,1,2682.38,83.51,2598.87,1570.24,1028.63
ORD104996,2025-10-04,20251004,CUST1036,PRD113,1,2682.38,301.59,2380.79,1570.24,810.55
ORD104328,2025-10-04,20251004,CUST1169,PRD101,1,2720.52,336.02,2384.5,2031.19,353.31
ORD104358,2025-10-04,20251004,CUST1082,PRD131,5,878.01,366.47,4023.58,2160.05,1863.53
ORD104017,2025-10-04,20251004,CUST1233,PRD124,3,1557.69,320.06,4353.01,2806.44,1546.57
ORD102161,2025-10-04,20251004,CUST1247,PRD103,1,2340.88,96.12,2244.76,1231.16,1013.6
ORD104759,2025-10-04,20251004,CUST1122,PRD101,1,2720.52,178.23,2542.29,2031.19,511.1
ORD100674,2025-10-04,20251004,CUST1204,PRD113,1,2682.38,291.97,2390.41,1570.24,820.17
ORD104728,2025-10-04,20251004,CUST1137,PRD115,4,2955.79,1059.75,10763.41,6196.72,4566.69
ORD100369,2025-10-04,20251004,CUST1046,PRD125,3,831.8,97.11,2398.29,1821.78,576.51
ORD102631,2025-10-04,20251004,CUST1137,PRD124,4,1557.69,303.55,5927.21,3741.92,2185.29
ORD105122,2025-10-04,20251004,CUST1050,PRD106,2,1484.26,231.98,2736.54,1839.12,897.42
ORD104263,2025-10-04,20251004,CUST1050,PRD117,1,3086.39,98.21,2988.18,2087.51,900.67
ORD106055,2025-10-04,20251004,CUST1147,PRD105,2,1128.05,71.98,2184.12,1659.5,524.62
ORD103290,2025-10-04,20251004,CUST1035,PRD108,1,1410.45,14.85,1395.6,763.02,632.58
ORD101995,2025-10-05,20251005,CUST1234,PRD125,2,831.8,155.37,1508.23,1214.52,293.71
ORD100673,2025-10-05,20251005,CUST1128,PRD127,5,2448.22,524.06,11717.04,6697.15,5019.89
ORD103381,2025-10-05,20251005,CUST1164,PRD127,5,2448.22,661.95,11579.15,6697.15,4882.0
ORD106003,2025-10-05,20251005,CUST1117,PRD130,2,555.04,81.6,1028.48,649.4,379.08
ORD105459,2025-10-05,20251005,CUST1012,PRD108,1,1410.45,191.53,1218.92,763.02,455.9
ORD102763,2025-10-05,20251005,CUST1020,PRD116,1,6250.5,571.59,5678.91,4412.27,1266.64
ORD104012,2025-10-06,20251006,CUST1228,PRD122,2,1341.58,128.9,2554.26,1686.08,868.18
ORD103001,2025-10-06,20251006,CUST1223,PRD109,2,740.34,188.39,1292.29,1102.8,189.49
ORD106112,2025-10-06,20251006,CUST1140,PRD112,5,2391.88,1029.72,10929.68,8100.85,2828.83
ORD104355,2025-10-06,20251006,CUST1100,PRD127,3,2448.22,1037.17,6307.49,4018.29,2289.2
ORD105829,2025-10-06,20251006,CUST1217,PRD101,5,2720.52,1769.54,11833.06,10155.95,1677.11
ORD103180,2025-10-06,20251006,CUST1014,PRD131,1,878.01,125.94,752.07,432.01,320.06
ORD105806,2025-10-06,20251006,CUST1079,PRD131,5,878.01,412.78,3977.27,2160.05,1817.22
ORD103483,2025-10-06,20251006,CUST1223,PRD105,5,1128.05,274.86,5365.39,4148.75,1216.64
ORD105168,2025-10-06,20251006,CUST1118,PRD130,2,555.04,33.73,1076.35,649.4,426.95
ORD101504,2025-10-06,20251006,CUST1046,PRD104,4,8667.94,1607.56,33064.2,12402.12,20662.08
ORD101503,2025-10-06,20251006,CUST1132,PRD131,3,878.01,87.51,2546.52,1296.03,1250.49
ORD105545,2025-10-06,20251006,CUST1245,PRD101,2,2720.52,604.72,4836.32,4062.38,773.94
ORD101473,2025-10-06,20251006,CUST1022,PRD125,1,831.8,80.19,751.61,607.26,144.35
ORD104821,2025-10-06,20251006,CUST1192,PRD125,4,831.8,176.15,3151.05,2429.04,722.01
ORD100718,2025-10-06,20251006,CUST1073,PRD131,1,878.01,40.11,837.9,432.01,405.89
ORD104749,2025-10-07,20251007,CUST1097,PRD127,2,2448.22,318.79,4577.65,2678.86,1898.79
ORD101368,2025-10-07,20251007,CUST1138,PRD110,5,1138.64,188.45,5504.75,2593.75,2911.0
ORD105635,2025-10-07,20251007,CUST1206,PRD131,4,878.01,242.46,3269.58,1728.04,1541.54
ORD105985,2025-10-07,20251007,CUST1226,PRD101,1,2720.52,187.1,2533.42,2031.19,502.23
ORD104623,2025-10-07,20251007,CUST1077,PRD130,1,555.04,78.34,476.7,324.7,152.0
ORD102737,2025-10-07,20251007,CUST1142,PRD110,3,1138.64,468.64,2947.28,1556.25,1391.03
ORD101030,2025-10-07,20251007,CUST1163,PRD112,5,2391.88,1421.36,10538.04,8100.85,2437.19
ORD106027,2025-10-07,20251007,CUST1150,PRD109,5,740.34,156.07,3545.63,2757.0,788.63
ORD103409,2025-10-07,20251007,CUST1049,PRD124,5,1557.69,960.49,6827.96,4677.4,2150.56
ORD106073,2025-10-07,20251007,CUST1008,PRD113,4,2682.38,651.74,10077.78,6280.96,3796.82
ORD104173,2025-10-07,20251007,CUST1226,PRD131,4,878.01,191.6,3320.44,1728.04,1592.4
ORD104805,2025-10-07,20251007,CUST1207,PRD124,5,1557.69,1108.3,6680.15,4677.4,2002.75
ORD103711,2025-10-07,20251007,CUST1157,PRD101,1,2720.52,330.55,2389.97,2031.19,358.78
ORD101202,2025-10-07,20251007,CUST1161,PRD131,2,878.01,172.97,1583.05,864.02,719.03
ORD104193,2025-10-07,20251007,CUST1101,PRD122,2,1341.58,63.49,2619.67,1686.08,933.59
ORD100316,2025-10-08,20251008,CUST1157,PRD116,5,6250.5,2402.9,28849.6,22061.35,6788.25
ORD105746,2025-10-08,20251008,CUST1141,PRD131,5,878.01,291.12,4098.93,2160.05,1938.88
ORD105220,2025-10-08,20251008,CUST1172,PRD116,5,6250.5,1912.63,29339.87,22061.35,7278.52
ORD105555,2025-10-08,20251008,CUST1027,PRD104,3,8667.94,373.84,25629.98,9301.59,16328.39
ORD100768,2025-10-08,20251008,CUST1234,PRD113,1,2682.38,122.67,2559.71,1570.24,989.47
ORD101409,2025-10-09,20251009,CUST1184,PRD122,5,1341.58,8.96,6698.94,4215.2,2483.74
ORD102510,2025-10-09,20251009,CUST1104,PRD131,4,878.01,260.72,3251.32,1728.04,1523.28
ORD101879,2025-10-09,20251009,CUST1016,PRD109,4,740.34,223.45,2737.91,2205.6,532.31
ORD105546,2025-10-09,20251009,CUST1239,PRD116,5,6250.5,2393.23,28859.27,22061.35,6797.92
ORD105605,2025-10-09,20251009,CUST1177,PRD122,4,1341.58,589.43,4776.89,3372.16,1404.73
ORD103329,2025-10-09,20251009,CUST1179,PRD122,3,1341.58,446.79,3577.95,2529.12,1048.83
ORD106024,2025-10-09,20251009,CUST1060,PRD111,1,1653.05,38.44,1614.61,1215.82,398.79
ORD104528,2025-10-09,20251009,CUST1068,PRD125,5,831.8,555.96,3603.04,3036.3,566.74
ORD104670,2025-10-09,20251009,CUST1042,PRD128,1,577.0,45.61,531.39,386.92,144.47
ORD103688,2025-10-10,20251010,CUST1021,PRD125,1,831.8,97.75,734.05,607.26,126.79
ORD102941,2025-10-10,20251010,CUST1045,PRD125,2,831.8,95.35,1568.25,1214.52,353.73
ORD102495,2025-10-10,20251010,CUST1193,PRD125,1,831.8,53.85,777.95,607.26,170.69
ORD103206,2025-10-10,20251010,CUST1114,PRD127,1,2448.22,4.7,2443.52,1339.43,1104.09
ORD102980,2025-10-10,20251010,CUST1085,PRD108,1,1410.45,57.21,1353.24,763.02,590.22
ORD102824,2025-10-10,20251010,CUST1011,PRD113,3,2682.38,784.27,7262.87,4710.72,2552.15
ORD105084,2025-10-10,20251010,CUST1065,PRD131,4,878.01,259.35,3252.69,1728.04,1524.65
ORD104156,2025-10-10,20251010,CUST1146,PRD122,5,1341.58,836.54,5871.36,4215.2,1656.16
ORD100186,2025-10-10,20251010,CUST1192,PRD124,4,1557.69,589.28,5641.48,3741.92,1899.56
ORD101437,2025-10-11,20251011,CUST1122,PRD108,3,1410.45,195.21,4036.14,2289.06,1747.08
ORD100031,2025-10-11,20251011,CUST1012,PRD122,4,1341.58,252.16,5114.16,3372.16,1742.0
ORD106094,2025-10-11,20251011,CUST1133,PRD101,5,2720.52,1710.96,11891.64,10155.95,1735.69
ORD104524,2025-10-11,20251011,CUST1104,PRD131,2,878.01,249.56,1506.46,864.02,642.44
ORD105861,2025-10-11,20251011,CUST1227,PRD122,1,1341.58,178.94,1162.64,843.04,319.6
ORD104725,2025-10-11,20251011,CUST1099,PRD103,2,2340.88,319.17,4362.59,2462.32,1900.27
ORD104562,2025-10-11,20251011,CUST1074,PRD105,1,1128.05,25.5,1102.55,829.75,272.8
ORD102485,2025-10-11,20251011,CUST1100,PRD131,1,878.01,20.47,857.54,432.01,425.53
ORD102372,2025-10-11,20251011,CUST1225,PRD125,3,831.8,285.93,2209.47,1821.78,387.69
ORD104829,2025-10-11,20251011,CUST1177,PRD124,3,1557.69,28.48,4644.59,2806.44,1838.15
ORD102284,2025-10-11,20251011,CUST1069,PRD125,4,831.8,267.62,3059.58,2429.04,630.54
ORD104581,2025-10-11,20251011,CUST1083,PRD112,1,2391.88,186.91,2204.97,1620.17,584.8
ORD105265,2025-10-11,20251011,CUST1161,PRD110,5,1138.64,597.89,5095.31,2593.75,2501.56
ORD100537,2025-10-11,20251011,CUST1047,PRD131,1,878.01,131.28,746.73,432.01,314.72
ORD102499,2025-10-12,20251012,CUST1221,PRD116,2,6250.5,50.17,12450.83,8824.54,3626.29
ORD103617,2025-10-12,20251012,CUST1040,PRD113,1,2682.38,188.95,2493.43,1570.24,923.19
ORD105743,2025-10-12,20251012,CUST1006,PRD116,5,6250.5,1525.64,29726.86,22061.35,7665.51
ORD104197,2025-10-12,20251012,CUST1086,PRD131,4,878.01,37.4,3474.64,1728.04,1746.6
ORD106069,2025-10-12,20251012,CUST1051,PRD101,4,2720.52,1124.86,9757.22,8124.76,1632.46
ORD105052,2025-10-12,20251012,CUST1118,PRD125,4,831.8,400.27,2926.93,2429.04,497.89
ORD101102,2025-10-12,20251012,CUST1138,PRD113,1,2682.38,74.49,2607.89,1570.24,1037.65
ORD104735,2025-10-12,20251012,CUST1066,PRD122,4,1341.58,789.91,4576.41,3372.16,1204.25
ORD104647,2025-10-12,20251012,CUST1079,PRD113,5,2682.38,439.63,12972.27,7851.2,5121.07
ORD101134,2025-10-12,20251012,CUST1100,PRD131,1,878.01,55.25,822.76,432.01,390.75
ORD100496,2025-10-12,20251012,CUST1083,PRD130,1,555.04,14.49,540.55,324.7,215.85
ORD103374,2025-10-12,20251012,CUST1098,PRD105,2,1128.05,302.26,1953.84,1659.5,294.34
ORD102629,2025-10-13,20251013,CUST1007,PRD101,1,2720.52,170.45,2550.07,2031.19,518.88
ORD105812,2025-10-13,20251013,CUST1003,PRD131,3,878.01,293.17,2340.86,1296.03,1044.83
ORD101691,2025-10-13,20251013,CUST1082,PRD130,2,555.04,153.53,956.55,649.4,307.15
ORD104476,2025-10-13,20251013,CUST1103,PRD131,2,878.01,106.04,1649.98,864.02,785.96
ORD100366,2025-10-14,20251014,CUST1143,PRD122,3,1341.58,520.12,3504.62,2529.12,975.5
ORD100142,2025-10-14,20251014,CUST1108,PRD113,4,2682.38,1248.82,9480.7,6280.96,3199.74
ORD104234,2025-10-14,20251014,CUST1059,PRD104,1,8667.94,1077.18,7590.76,3100.53,4490.23
ORD103105,2025-10-14,20251014,CUST1108,PRD103,2,2340.88,511.13,4170.63,2462.32,1708.31
ORD105907,2025-10-14,20251014,CUST1151,PRD120,4,11941.0,2693.83,45070.17,27870.96,17199.21
ORD101713,2025-10-14,20251014,CUST1014,PRD101,1,2720.52,337.47,2383.05,2031.19,351.86
ORD105834,2025-10-14,20251014,CUST1245,PRD113,3,2682.38,54.3,7992.84,4710.72,3282.12
ORD105645,2025-10-14,20251014,CUST1023,PRD127,4,2448.22,153.97,9638.91,5357.72,4281.19
ORD100513,2025-10-14,20251014,CUST1054,PRD124,3,1557.69,177.46,4495.61,2806.44,1689.17
ORD102907,2025-10-14,20251014,CUST1114,PRD105,5,1128.05,812.66,4827.59,4148.75,678.84
ORD102580,2025-10-14,20251014,CUST1183,PRD125,2,831.8,241.97,1421.63,1214.52,207.11
ORD103143,2025-10-14,20251014,CUST1197,PRD127,2,2448.22,322.49,4573.95,2678.86,1895.09
ORD100159,2025-10-15,20251015,CUST1033,PRD124,1,1557.69,139.45,1418.24,935.48,482.76
ORD105228,2025-10-15,20251015,CUST1222,PRD101,4,2720.52,98.32,10783.76,8124.76,2659.0
ORD102165,2025-10-15,20251015,CUST1002,PRD131,4,878.01,285.7,3226.34,1728.04,1498.3
ORD105731,2025-10-15,20251015,CUST1163,PRD125,2,831.8,247.85,1415.75,1214.52,201.23
ORD100491,2025-10-15,20251015,CUST1055,PRD131,3,878.01,219.04,2414.99,1296.03,1118.96
ORD105525,2025-10-15,20251015,CUST1174,PRD124,2,1557.69,433.42,2681.96,1870.96,811.0
ORD104201,2025-10-15,20251015,CUST1239,PRD113,5,2682.38,757.57,12654.33,7851.2,4803.13
ORD105673,2025-10-16,20251016,CUST1019,PRD127,1,2448.22,6.28,2441.94,1339.43,1102.51
ORD103036,2025-10-16,20251016,CUST1047,PRD125,1,831.8,16.85,814.95,607.26,207.69
ORD105301,2025-10-16,20251016,CUST1050,PRD122,1,1341.58,158.36,1183.22,843.04,340.18
ORD105873,2025-10-16,20251016,CUST1210,PRD115,1,2955.79,255.65,2700.14,1549.18,1150.96
ORD105844,2025-10-16,20251016,CUST1016,PRD116,2,6250.5,1278.03,11222.97,8824.54,2398.43
ORD105880,2025-10-16,20251016,CUST1207,PRD127,5,2448.22,742.6,11498.5,6697.15,4801.35
ORD102229,2025-10-16,20251016,CUST1161,PRD122,5,1341.58,208.14,6499.76,4215.2,2284.56
ORD105658,2025-10-16,20251016,CUST1051,PRD122,5,1341.58,278.57,6429.33,4215.2,2214.13
ORD101016,2025-10-16,20251016,CUST1232,PRD113,5,2682.38,673.5,12738.4,7851.2,4887.2
ORD105279,2025-10-16,20251016,CUST1113,PRD109,4,740.34,280.98,2680.38,2205.6,474.78
ORD102121,2025-10-16,20251016,CUST1191,PRD130,1,555.04,45.15,509.89,324.7,185.19
ORD100003,2025-10-17,20251017,CUST1249,PRD131,1,878.01,14.24,863.77,432.01,431.76
ORD102364,2025-10-17,20251017,CUST1028,PRD131,1,878.01,38.0,840.01,432.01,408.0
ORD100970,2025-10-17,20251017,CUST1060,PRD124,4,1557.69,750.41,5480.35,3741.92,1738.43
ORD106076,2025-10-17,20251017,CUST1101,PRD131,2,878.01,162.61,1593.41,864.02,729.39
ORD105378,2025-10-17,20251017,CUST1133,PRD127,2,2448.22,306.83,4589.61,2678.86,1910.75
ORD101722,2025-10-17,20251017,CUST1170,PRD128,1,577.0,60.81,516.19,386.92,129.27
ORD102412,2025-10-18,20251018,CUST1057,PRD110,5,1138.64,727.02,4966.18,2593.75,2372.43
ORD102267,2025-10-18,20251018,CUST1228,PRD122,3,1341.58,169.75,3854.99,2529.12,1325.87
ORD104830,2025-10-18,20251018,CUST1069,PRD110,1,1138.64,75.53,1063.11,518.75,544.36
ORD102251,2025-10-18,20251018,CUST1052,PRD130,4,555.04,43.46,2176.7,1298.8,877.9
ORD105463,2025-10-18,20251018,CUST1030,PRD108,2,1410.45,77.74,2743.16,1526.04,1217.12
ORD103669,2025-10-18,20251018,CUST1138,PRD125,5,831.8,180.08,3978.92,3036.3,942.62
ORD101206,2025-10-18,20251018,CUST1221,PRD122,2,1341.58,58.28,2624.88,1686.08,938.8
ORD104004,2025-10-18,20251018,CUST1162,PRD124,3,1557.69,266.02,4407.05,2806.44,1600.61
ORD100842,2025-10-19,20251019,CUST1131,PRD105,4,1128.05,485.69,4026.51,3319.0,707.51
ORD103144,2025-10-19,20251019,CUST1062,PRD131,5,878.01,297.86,4092.19,2160.05,1932.14
ORD102689,2025-10-19,20251019,CUST1007,PRD110,3,1138.64,54.11,3361.81,1556.25,1805.56
ORD104601,2025-10-19,20251019,CUST1106,PRD126,1,2373.84,282.48,2091.36,1650.85,440.51
ORD102042,2025-10-19,20251019,CUST1039,PRD113,2,2682.38,114.95,5249.81,3140.48,2109.33
ORD102391,2025-10-19,20251019,CUST1226,PRD101,1,2720.52,201.7,2518.82,2031.19,487.63
ORD103824,2025-10-20,20251020,CUST1116,PRD122,1,1341.58,31.94,1309.64,843.04,466.6
ORD104336,2025-10-20,20251020,CUST1151,PRD116,4,6250.5,1617.86,23384.14,17649.08,5735.06
ORD101085,2025-10-20,20251020,CUST1064,PRD124,2,1557.69,200.19,2915.19,1870.96,1044.23
ORD102729,2025-10-20,20251020,CUST1050,PRD125,5,831.8,164.64,3994.36,3036.3,958.06
ORD105490,2025-10-20,20251020,CUST1194,PRD130,5,555.04,414.86,2360.34,1623.5,736.84
ORD104447,2025-10-20,20251020,CUST1177,PRD131,1,878.01,61.83,816.18,432.01,384.17
ORD102965,2025-10-20,20251020,CUST1030,PRD131,3,878.01,272.9,2361.13,1296.03,1065.1
ORD102618,2025-10-20,20251020,CUST1217,PRD101,2,2720.52,757.04,4684.0,4062.38,621.62
ORD104380,2025-10-21,20251021,CUST1239,PRD122,1,1341.58,97.85,1243.73,843.04,400.69
ORD102956,2025-10-21,20251021,CUST1078,PRD108,3,1410.45,498.7,3732.65,2289.06,1443.59
ORD105784,2025-10-21,20251021,CUST1128,PRD126,3,2373.84,948.68,6172.84,4952.55,1220.29
ORD103762,2025-10-21,20251021,CUST1192,PRD109,2,740.34,139.69,1340.99,1102.8,238.19
ORD100933,2025-10-21,20251021,CUST1125,PRD113,4,2682.38,485.21,10244.31,6280.96,3963.35
ORD106085,2025-10-21,20251021,CUST1103,PRD110,5,1138.64,9.54,5683.66,2593.75,3089.91
ORD105225,2025-10-21,20251021,CUST1099,PRD124,5,1557.69,1085.68,6702.77,4677.4,2025.37
ORD106142,2025-10-21,20251021,CUST1161,PRD101,1,2720.52,362.36,2358.16,2031.19,326.97
ORD104176,2025-10-21,20251021,CUST1160,PRD103,1,2340.88,138.55,2202.33,1231.16,971.17
ORD102795,2025-10-21,20251021,CUST1137,PRD101,1,2720.52,224.2,2496.32,2031.19,465.13
ORD101718,2025-10-22,20251022,CUST1034,PRD125,5,831.8,93.03,4065.97,3036.3,1029.67
ORD100979,2025-10-22,20251022,CUST1088,PRD131,3,878.01,161.67,2472.36,1296.03,1176.33
ORD105550,2025-10-22,20251022,CUST1232,PRD104,2,8667.94,1363.32,15972.56,6201.06,9771.5
ORD103263,2025-10-22,20251022,CUST1176,PRD131,5,878.01,484.21,3905.84,2160.05,1745.79
ORD104863,2025-10-22,20251022,CUST1186,PRD128,4,577.0,228.5,2079.5,1547.68,531.82
ORD105984,2025-10-22,20251022,CUST1152,PRD124,1,1557.69,125.91,1431.78,935.48,496.3
ORD104421,2025-10-22,20251022,CUST1204,PRD124,1,1557.69,63.22,1494.47,935.48,558.99
ORD101447,2025-10-22,20251022,CUST1235,PRD112,4,2391.88,842.96,8724.56,6480.68,2243.88
ORD101943,2025-10-22,20251022,CUST1033,PRD113,2,2682.38,89.23,5275.53,3140.48,2135.05
ORD100788,2025-10-22,20251022,CUST1025,PRD115,4,2955.79,174.37,11648.79,6196.72,5452.07
ORD105839,2025-10-23,20251023,CUST1026,PRD116,4,6250.5,947.22,24054.78,17649.08,6405.7
ORD105742,2025-10-23,20251023,CUST1244,PRD122,5,1341.58,518.69,6189.21,4215.2,1974.01
ORD105989,2025-10-23,20251023,CUST1046,PRD108,1,1410.45,1.47,1408.98,763.02,645.96
ORD106107,2025-10-23,20251023,CUST1070,PRD122,3,1341.58,281.61,3743.13,2529.12,1214.01
ORD104561,2025-10-23,20251023,CUST1003,PRD110,3,1138.64,319.51,3096.41,1556.25,1540.16
ORD105451,2025-10-23,20251023,CUST1031,PRD131,4,878.01,79.94,3432.1,1728.04,1704.06
ORD105514,2025-10-23,20251023,CUST1038,PRD122,1,1341.58,8.33,1333.25,843.04,490.21
ORD105468,2025-10-24,20251024,CUST1175,PRD122,3,1341.58,104.93,3919.81,2529.12,1390.69
ORD102056,2025-10-24,20251024,CUST1128,PRD116,4,6250.5,1747.97,23254.03,17649.08,5604.95
ORD103183,2025-10-24,20251024,CUST1097,PRD131,2,878.01,54.18,1701.84,864.02,837.82
ORD101653,2025-10-24,20251024,CUST1243,PRD113,4,2682.38,264.96,10464.56,6280.96,4183.6
ORD100355,2025-10-24,20251024,CUST1043,PRD125,4,831.8,413.02,2914.18,2429.04,485.14
ORD101796,2025-10-24,20251024,CUST1193,PRD124,1,1557.69,232.66,1325.03,935.48,389.55
ORD103730,2025-10-24,20251024,CUST1044,PRD108,2,1410.45,189.71,2631.19,1526.04,1105.15
ORD104859,2025-10-24,20251024,CUST1110,PRD101,5,2720.52,1952.16,11650.44,10155.95,1494.49
ORD101611,2025-10-24,20251024,CUST1181,PRD109,1,740.34,108.0,632.34,551.4,80.94
ORD105449,2025-10-24,20251024,CUST1116,PRD122,2,1341.58,383.97,2299.19,1686.08,613.11
ORD105248,2025-10-25,20251025,CUST1001,PRD113,3,2682.38,410.4,7636.74,4710.72,2926.02
ORD104286,2025-10-25,20251025,CUST1097,PRD116,3,6250.5,570.32,18181.18,13236.81,4944.37
ORD100164,2025-10-25,20251025,CUST1248,PRD103,5,2340.88,1544.68,10159.72,6155.8,4003.92
ORD101254,2025-10-25,20251025,CUST1132,PRD101,1,2720.52,76.41,2644.11,2031.19,612.92
ORD105943,2025-10-25,20251025,CUST1047,PRD109,3,740.34,26.34,2194.68,1654.2,540.48
ORD105318,2025-10-25,20251025,CUST1000,PRD122,5,1341.58,333.2,6374.7,4215.2,2159.5
ORD105567,2025-10-25,20251025,CUST1198,PRD131,1,878.01,0.02,877.99,432.01,445.98
ORD105551,2025-10-25,20251025,CUST1000,PRD125,4,831.8,338.71,2988.49,2429.04,559.45
ORD105931,2025-10-26,20251026,CUST1172,PRD125,4,831.8,220.77,3106.43,2429.04,677.39
ORD106110,2025-10-26,20251026,CUST1124,PRD113,4,2682.38,1077.46,9652.06,6280.96,3371.1
ORD102959,2025-10-26,20251026,CUST1189,PRD104,3,8667.94,764.76,25239.06,9301.59,15937.47
ORD104413,2025-10-26,20251026,CUST1188,PRD113,2,2682.38,257.06,5107.7,3140.48,1967.22
ORD102806,2025-10-26,20251026,CUST1210,PRD113,4,2682.38,181.44,10548.08,6280.96,4267.12
ORD105236,2025-10-26,20251026,CUST1026,PRD131,4,878.01,330.71,3181.33,1728.04,1453.29
ORD102594,2025-10-26,20251026,CUST1125,PRD103,5,2340.88,141.99,11562.41,6155.8,5406.61
ORD104733,2025-10-26,20251026,CUST1062,PRD101,4,2720.52,54.31,10827.77,8124.76,2703.01
ORD101104,2025-10-26,20251026,CUST1122,PRD110,2,1138.64,147.05,2130.23,1037.5,1092.73
ORD105204,2025-10-27,20251027,CUST1189,PRD109,4,740.34,414.34,2547.02,2205.6,341.42
ORD100712,2025-10-27,20251027,CUST1053,PRD130,3,555.04,139.7,1525.42,974.1,551.32
ORD100205,2025-10-27,20251027,CUST1133,PRD120,4,11941.0,5670.87,42093.13,27870.96,14222.17
ORD101073,2025-10-27,20251027,CUST1133,PRD125,1,831.8,106.89,724.91,607.26,117.65
ORD105816,2025-10-27,20251027,CUST1043,PRD131,1,878.01,80.47,797.54,432.01,365.53
ORD101512,2025-10-27,20251027,CUST1062,PRD130,4,555.04,26.55,2193.61,1298.8,894.81
ORD105387,2025-10-27,20251027,CUST1244,PRD113,1,2682.38,276.63,2405.75,1570.24,835.51
ORD102322,2025-10-27,20251027,CUST1183,PRD131,2,878.01,84.61,1671.41,864.02,807.39
ORD104718,2025-10-27,20251027,CUST1032,PRD115,2,2955.79,689.56,5222.02,3098.36,2123.66
ORD103016,2025-10-27,20251027,CUST1246,PRD125,4,831.8,133.24,3193.96,2429.04,764.92
ORD103532,2025-10-28,20251028,CUST1072,PRD111,4,1653.05,309.55,6302.65,4863.28,1439.37
ORD103663,2025-10-28,20251028,CUST1235,PRD103,4,2340.88,335.41,9028.11,4924.64,4103.47
ORD102094,2025-10-28,20251028,CUST1022,PRD108,3,1410.45,528.28,3703.07,2289.06,1414.01
ORD102323,2025-10-28,20251028,CUST1040,PRD124,2,1557.69,252.59,2862.79,1870.96,991.83
ORD102009,2025-10-28,20251028,CUST1049,PRD123,3,1667.88,148.48,4855.16,3659.82,1195.34
ORD102790,2025-10-28,20251028,CUST1102,PRD101,1,2720.52,358.21,2362.31,2031.19,331.12
ORD100795,2025-10-28,20251028,CUST1101,PRD101,4,2720.52,3.23,10878.85,8124.76,2754.09
ORD106064,2025-10-28,20251028,CUST1081,PRD125,5,831.8,534.1,3624.9,3036.3,588.6
ORD101172,2025-10-29,20251029,CUST1140,PRD103,2,2340.88,347.84,4333.92,2462.32,1871.6
ORD100656,2025-10-29,20251029,CUST1064,PRD122,1,1341.58,72.34,1269.24,843.04,426.2
ORD105626,2025-10-29,20251029,CUST1129,PRD123,1,1667.88,16.2,1651.68,1219.94,431.74
ORD102794,2025-10-29,20251029,CUST1185,PRD115,3,2955.79,158.0,8709.37,4647.54,4061.83
ORD100892,2025-10-29,20251029,CUST1151,PRD125,1,831.8,1.94,829.86,607.26,222.6
ORD102914,2025-10-29,20251029,CUST1201,PRD110,5,1138.64,212.57,5480.63,2593.75,2886.88
ORD103029,2025-10-29,20251029,CUST1246,PRD131,3,878.01,42.92,2591.11,1296.03,1295.08
ORD101328,2025-10-29,20251029,CUST1241,PRD103,4,2340.88,961.07,8402.45,4924.64,3477.81
ORD105678,2025-10-29,20251029,CUST1230,PRD131,3,878.01,307.3,2326.73,1296.03,1030.7
ORD100252,2025-10-29,20251029,CUST1086,PRD112,5,2391.88,879.82,11079.58,8100.85,2978.73
ORD100194,2025-10-29,20251029,CUST1154,PRD124,4,1557.69,581.49,5649.27,3741.92,1907.35
ORD103480,2025-10-29,20251029,CUST1102,PRD127,1,2448.22,54.75,2393.47,1339.43,1054.04
ORD103520,2025-10-29,20251029,CUST1116,PRD122,2,1341.58,283.81,2399.35,1686.08,713.27
ORD100204,2025-10-30,20251030,CUST1004,PRD116,4,6250.5,28.1,24973.9,17649.08,7324.82
ORD103492,2025-10-30,20251030,CUST1205,PRD131,4,878.01,15.16,3496.88,1728.04,1768.84
ORD105789,2025-10-30,20251030,CUST1116,PRD124,5,1557.69,561.7,7226.75,4677.4,2549.35
ORD102779,2025-10-30,20251030,CUST1085,PRD127,5,2448.22,485.42,11755.68,6697.15,5058.53
ORD106042,2025-10-30,20251030,CUST1120,PRD110,5,1138.64,719.11,4974.09,2593.75,2380.34
ORD104600,2025-10-30,20251030,CUST1059,PRD112,3,2391.88,201.28,6974.36,4860.51,2113.85
ORD105518,2025-10-30,20251030,CUST1157,PRD131,3,878.01,252.24,2381.79,1296.03,1085.76
ORD104732,2025-10-30,20251030,CUST1173,PRD130,5,555.04,186.49,2588.71,1623.5,965.21
ORD103588,2025-10-30,20251030,CUST1213,PRD101,2,2720.52,531.09,4909.95,4062.38,847.57
ORD103528,2025-10-30,20251030,CUST1129,PRD131,4,878.01,122.27,3389.77,1728.04,1661.73
ORD102955,2025-10-30,20251030,CUST1190,PRD110,1,1138.64,47.94,1090.7,518.75,571.95
ORD105119,2025-10-30,20251030,CUST1220,PRD131,5,878.01,267.7,4122.35,2160.05,1962.3
ORD104673,2025-10-30,20251030,CUST1156,PRD101,3,2720.52,153.52,8008.04,6093.57,1914.47
ORD105249,2025-10-30,20251030,CUST1075,PRD116,2,6250.5,1679.31,10821.69,8824.54,1997.15
ORD103714,2025-10-30,20251030,CUST1050,PRD127,4,2448.22,47.75,9745.13,5357.72,4387.41
ORD100064,2025-10-31,20251031,CUST1229,PRD125,1,831.8,41.49,790.31,607.26,183.05
ORD104478,2025-10-31,20251031,CUST1223,PRD131,4,878.01,11.11,3500.93,1728.04,1772.89
ORD105687,2025-10-31,20251031,CUST1062,PRD125,1,831.8,117.86,713.94,607.26,106.68
ORD103870,2025-10-31,20251031,CUST1236,PRD131,3,878.01,337.52,2296.51,1296.03,1000.48
ORD100370,2025-10-31,20251031,CUST1201,PRD122,5,1341.58,275.72,6432.18,4215.2,2216.98
ORD105316,2025-10-31,20251031,CUST1087,PRD101,3,2720.52,88.89,8072.67,6093.57,1979.1
ORD105901,2025-10-31,20251031,CUST1070,PRD115,3,2955.79,898.47,7968.9,4647.54,3321.36
ORD100567,2025-10-31,20251031,CUST1183,PRD116,3,6250.5,1779.25,16972.25,13236.81,3735.44
ORD100804,2025-10-31,20251031,CUST1057,PRD120,2,11941.0,1916.8,21965.2,13935.48,8029.72
ORD104243,2025-10-31,20251031,CUST1185,PRD101,4,2720.52,837.17,10044.91,8124.76,1920.15
ORD103755,2025-10-31,20251031,CUST1151,PRD125,2,831.8,94.96,1568.64,1214.52,354.12
ORD104648,2025-10-31,20251031,CUST1233,PRD103,3,2340.88,457.28,6565.36,3693.48,2871.88
ORD100437,2025-11-01,20251101,CUST1043,PRD122,5,1341.58,261.76,6446.14,4215.2,2230.94
ORD100062,2025-11-01,20251101,CUST1228,PRD131,5,878.01,307.42,4082.63,2160.05,1922.58
ORD101345,2025-11-01,20251101,CUST1169,PRD130,3,555.04,206.52,1458.6,974.1,484.5
ORD102166,2025-11-01,20251101,CUST1184,PRD101,4,2720.52,985.8,9896.28,8124.76,1771.52
ORD101281,2025-11-01,20251101,CUST1166,PRD124,5,1557.69,700.51,7087.94,4677.4,2410.54
ORD103940,2025-11-01,20251101,CUST1019,PRD110,2,1138.64,94.89,2182.39,1037.5,1144.89
ORD101382,2025-11-01,20251101,CUST1168,PRD101,4,2720.52,624.12,10257.96,8124.76,2133.2
ORD103807,2025-11-02,20251102,CUST1089,PRD109,3,740.34,224.1,1996.92,1654.2,342.72
ORD104007,2025-11-02,20251102,CUST1203,PRD131,5,878.01,130.57,4259.48,2160.05,2099.43
ORD105864,2025-11-02,20251102,CUST1175,PRD131,3,878.01,1.75,2632.28,1296.03,1336.25
ORD105675,2025-11-02,20251102,CUST1183,PRD125,5,831.8,210.72,3948.28,3036.3,911.98
ORD102513,2025-11-02,20251102,CUST1216,PRD110,5,1138.64,608.82,5084.38,2593.75,2490.63
ORD102710,2025-11-02,20251102,CUST1118,PRD110,4,1138.64,546.12,4008.44,2075.0,1933.44
ORD103192,2025-11-02,20251102,CUST1018,PRD131,5,878.01,400.41,3989.64,2160.05,1829.59
ORD105871,2025-11-02,20251102,CUST1035,PRD129,5,372.05,249.56,1610.69,1142.75,467.94
ORD106034,2025-11-02,20251102,CUST1131,PRD118,5,1714.96,1211.82,7362.98,4466.05,2896.93
ORD102600,2025-11-02,20251102,CUST1130,PRD130,3,555.04,215.25,1449.87,974.1,475.77
ORD105399,2025-11-02,20251102,CUST1104,PRD125,2,831.8,197.57,1466.03,1214.52,251.51
ORD103751,2025-11-02,20251102,CUST1167,PRD113,3,2682.38,948.17,7098.97,4710.72,2388.25
ORD103684,2025-11-02,20251102,CUST1132,PRD101,5,2720.52,749.5,12853.1,10155.95,2697.15
ORD104475,2025-11-02,20251102,CUST1122,PRD110,1,1138.64,105.93,1032.71,518.75,513.96
ORD102430,2025-11-02,20251102,CUST1086,PRD105,5,1128.05,137.05,5503.2,4148.75,1354.45
ORD105298,2025-11-03,20251103,CUST1060,PRD125,4,831.8,235.37,3091.83,2429.04,662.79
ORD101652,2025-11-03,20251103,CUST1013,PRD131,3,878.01,90.99,2543.04,1296.03,1247.01
ORD105837,2025-11-03,20251103,CUST1033,PRD120,2,11941.0,1544.24,22337.76,13935.48,8402.28
ORD105452,2025-11-03,20251103,CUST1086,PRD124,2,1557.69,55.77,3059.61,1870.96,1188.65
ORD105795,2025-11-04,20251104,CUST1048,PRD109,4,740.34,325.56,2635.8,2205.6,430.2
ORD102249,2025-11-04,20251104,CUST1192,PRD125,3,831.8,78.09,2417.31,1821.78,595.53
ORD105184,2025-11-04,20251104,CUST1209,PRD101,1,2720.52,5.09,2715.43,2031.19,684.24
ORD100955,2025-11-04,20251104,CUST1093,PRD131,5,878.01,346.7,4043.35,2160.05,1883.3
ORD102635,2025-11-04,20251104,CUST1104,PRD110,2,1138.64,50.29,2226.99,1037.5,1189.49
ORD101573,2025-11-04,20251104,CUST1077,PRD108,3,1410.45,499.44,3731.91,2289.06,1442.85
ORD101171,2025-11-04,20251104,CUST1149,PRD122,3,1341.58,119.11,3905.63,2529.12,1376.51
ORD101449,2025-11-04,20251104,CUST1072,PRD122,1,1341.58,135.23,1206.35,843.04,363.31
ORD100082,2025-11-04,20251104,CUST1020,PRD110,4,1138.64,376.78,4177.78,2075.0,2102.78
ORD102942,2025-11-04,20251104,CUST1009,PRD128,1,577.0,68.69,508.31,386.92,121.39
ORD100649,2025-11-04,20251104,CUST1142,PRD131,4,878.01,274.17,3237.87,1728.04,1509.83
ORD101735,2025-11-04,20251104,CUST1086,PRD125,4,831.8,377.35,2949.85,2429.04,520.81
ORD105887,2025-11-04,20251104,CUST1067,PRD113,3,2682.38,1168.35,6878.79,4710.72,2168.07
ORD100117,2025-11-04,20251104,CUST1125,PRD109,2,740.34,129.48,1351.2,1102.8,248.4
ORD103128,2025-11-05,20251105,CUST1193,PRD124,2,1557.69,122.92,2992.46,1870.96,1121.5
ORD104116,2025-11-05,20251105,CUST1210,PRD122,5,1341.58,735.89,5972.01,4215.2,1756.81
ORD102735,2025-11-05,20251105,CUST1121,PRD113,2,2682.38,36.38,5328.38,3140.48,2187.9
ORD105195,2025-11-05,20251105,CUST1239,PRD113,5,2682.38,980.62,12431.28,7851.2,4580.08
ORD102248,2025-11-05,20251105,CUST1144,PRD131,1,878.01,113.28,764.73,432.01,332.72
ORD104250,2025-11-05,20251105,CUST1139,PRD131,3,878.01,248.31,2385.72,1296.03,1089.69
ORD103442,2025-11-05,20251105,CUST1165,PRD127,5,2448.22,44.09,12197.01,6697.15,5499.86
ORD105928,2025-11-05,20251105,CUST1006,PRD131,2,878.01,168.72,1587.3,864.02,723.28
ORD101235,2025-11-05,20251105,CUST1138,PRD127,3,2448.22,398.01,6946.65,4018.29,2928.36
ORD101695,2025-11-05,20251105,CUST1170,PRD127,4,2448.22,526.63,9266.25,5357.72,3908.53
ORD105610,2025-11-05,20251105,CUST1087,PRD122,2,1341.58,190.0,2493.16,1686.08,807.08
ORD106006,2025-11-05,20251105,CUST1049,PRD127,2,2448.22,124.05,4772.39,2678.86,2093.53
ORD100836,2025-11-05,20251105,CUST1070,PRD116,1,6250.5,832.2,5418.3,4412.27,1006.03
ORD103379,2025-11-05,20251105,CUST1155,PRD124,4,1557.69,797.23,5433.53,3741.92,1691.61
ORD105906,2025-11-05,20251105,CUST1022,PRD130,3,555.04,169.07,1496.05,974.1,521.95
ORD103283,2025-11-05,20251105,CUST1152,PRD113,5,2682.38,61.73,13350.17,7851.2,5498.97
ORD103938,2025-11-05,20251105,CUST1047,PRD103,3,2340.88,460.79,6561.85,3693.48,2868.37
ORD103004,2025-11-05,20251105,CUST1101,PRD101,2,2720.52,57.92,5383.12,4062.38,1320.74
ORD105974,2025-11-06,20251106,CUST1026,PRD125,1,831.8,105.31,726.49,607.26,119.23
ORD102727,2025-11-06,20251106,CUST1183,PRD113,1,2682.38,352.13,2330.25,1570.24,760.01
ORD100648,2025-11-06,20251106,CUST1129,PRD125,4,831.8,176.52,3150.68,2429.04,721.64
ORD103672,2025-11-06,20251106,CUST1128,PRD122,5,1341.58,505.9,6202.0,4215.2,1986.8
ORD104757,2025-11-06,20251106,CUST1149,PRD124,2,1557.69,209.19,2906.19,1870.96,1035.23
ORD100096,2025-11-06,20251106,CUST1093,PRD110,4,1138.64,357.05,4197.51,2075.0,2122.51
ORD100254,2025-11-06,20251106,CUST1179,PRD131,3,878.01,328.65,2305.38,1296.03,1009.35
ORD105143,2025-11-06,20251106,CUST1040,PRD113,3,2682.38,228.1,7819.04,4710.72,3108.32
ORD103484,2025-11-06,20251106,CUST1049,PRD125,4,831.8,458.38,2868.82,2429.04,439.78
ORD101526,2025-11-06,20251106,CUST1196,PRD122,5,1341.58,926.25,5781.65,4215.2,1566.45
ORD104330,2025-11-06,20251106,CUST1228,PRD122,5,1341.58,744.15,5963.75,4215.2,1748.55
ORD101778,2025-11-07,20251107,CUST1212,PRD123,3,1667.88,496.12,4507.52,3659.82,847.7
ORD105886,2025-11-07,20251107,CUST1180,PRD105,3,1128.05,461.36,2922.79,2489.25,433.54
ORD100569,2025-11-07,20251107,CUST1146,PRD124,3,1557.69,358.36,4314.71,2806.44,1508.27
ORD104554,2025-11-07,20251107,CUST1035,PRD130,1,555.04,75.06,479.98,324.7,155.28
ORD101786,2025-11-07,20251107,CUST1160,PRD131,5,878.01,56.76,4333.29,2160.05,2173.24
ORD104762,2025-11-07,20251107,CUST1194,PRD131,5,878.01,197.64,4192.41,2160.05,2032.36
ORD102133,2025-11-08,20251108,CUST1002,PRD110,3,1138.64,303.44,3112.48,1556.25,1556.23
ORD104961,2025-11-08,20251108,CUST1106,PRD125,2,831.8,189.41,1474.19,1214.52,259.67
ORD102197,2025-11-08,20251108,CUST1056,PRD122,4,1341.58,517.88,4848.44,3372.16,1476.28
ORD101844,2025-11-08,20251108,CUST1207,PRD110,2,1138.64,287.22,1990.06,1037.5,952.56
ORD104273,2025-11-08,20251108,CUST1125,PRD122,4,1341.58,306.67,5059.65,3372.16,1687.49
ORD106067,2025-11-08,20251108,CUST1035,PRD130,4,555.04,135.97,2084.19,1298.8,785.39
ORD103017,2025-11-08,20251108,CUST1183,PRD125,1,831.8,105.74,726.06,607.26,118.8
ORD100601,2025-11-08,20251108,CUST1190,PRD127,3,2448.22,462.25,6882.41,4018.29,2864.12
ORD102346,2025-11-08,20251108,CUST1138,PRD113,1,2682.38,210.61,2471.77,1570.24,901.53
ORD103536,2025-11-08,20251108,CUST1237,PRD131,5,878.01,295.33,4094.72,2160.05,1934.67
ORD102885,2025-11-08,20251108,CUST1092,PRD112,1,2391.88,91.62,2300.26,1620.17,680.09
ORD105707,2025-11-09,20251109,CUST1041,PRD124,4,1557.69,625.15,5605.61,3741.92,1863.69
ORD101559,2025-11-09,20251109,CUST1055,PRD101,3,2720.52,195.3,7966.26,6093.57,1872.69
ORD100637,2025-11-09,20251109,CUST1165,PRD125,4,831.8,61.51,3265.69,2429.04,836.65
ORD103944,2025-11-09,20251109,CUST1194,PRD110,3,1138.64,370.87,3045.05,1556.25,1488.8
ORD106125,2025-11-09,20251109,CUST1212,PRD107,3,14757.66,565.84,43707.14,31570.14,12137.0
ORD104956,2025-11-09,20251109,CUST1229,PRD122,2,1341.58,143.14,2540.02,1686.08,853.94
ORD103585,2025-11-09,20251109,CUST1158,PRD131,3,878.01,298.13,2335.9,1296.03,1039.87
ORD101427,2025-11-09,20251109,CUST1159,PRD131,5,878.01,249.42,4140.63,2160.05,1980.58
ORD103294,2025-11-09,20251109,CUST1109,PRD116,4,6250.5,927.6,24074.4,17649.08,6425.32
ORD104907,2025-11-09,20251109,CUST1051,PRD112,1,2391.88,64.16,2327.72,1620.17,707.55
ORD102619,2025-11-09,20251109,CUST1204,PRD131,3,878.01,300.47,2333.56,1296.03,1037.53
ORD102077,2025-11-09,20251109,CUST1123,PRD105,5,1128.05,275.08,5365.17,4148.75,1216.42
ORD101822,2025-11-09,20251109,CUST1003,PRD101,4,2720.52,1234.59,9647.49,8124.76,1522.73
ORD106117,2025-11-09,20251109,CUST1049,PRD131,1,878.01,29.06,848.95,432.01,416.94
ORD102112,2025-11-09,20251109,CUST1163,PRD131,5,878.01,53.97,4336.08,2160.05,2176.03
ORD103746,2025-11-10,20251110,CUST1164,PRD116,3,6250.5,33.13,18718.37,13236.81,5481.56
ORD102205,2025-11-10,20251110,CUST1150,PRD112,5,2391.88,298.51,11660.89,8100.85,3560.04
ORD101560,2025-11-10,20251110,CUST1235,PRD122,1,1341.58,67.22,1274.36,843.04,431.32
ORD101988,2025-11-10,20251110,CUST1196,PRD122,4,1341.58,759.96,4606.36,3372.16,1234.2
ORD105937,2025-11-10,20251110,CUST1162,PRD112,4,2391.88,26.39,9541.13,6480.68,3060.45
ORD101090,2025-11-10,20251110,CUST1234,PRD131,1,878.01,130.81,747.2,432.01,315.19
ORD103513,2025-11-10,20251110,CUST1198,PRD101,3,2720.52,5.23,8156.33,6093.57,2062.76
ORD102254,2025-11-10,20251110,CUST1181,PRD109,3,740.34,120.82,2100.2,1654.2,446.0
ORD102130,2025-11-10,20251110,CUST1085,PRD110,5,1138.64,76.81,5616.39,2593.75,3022.64
ORD101265,2025-11-10,20251110,CUST1100,PRD101,4,2720.52,1603.39,9278.69,8124.76,1153.93
ORD100532,2025-11-10,20251110,CUST1073,PRD103,4,2340.88,356.96,9006.56,4924.64,4081.92
ORD102882,2025-11-10,20251110,CUST1128,PRD131,5,878.01,644.92,3745.13,2160.05,1585.08
ORD101949,2025-11-10,20251110,CUST1124,PRD108,5,1410.45,543.27,6508.98,3815.1,2693.88
ORD101782,2025-11-10,20251110,CUST1219,PRD109,5,740.34,5.3,3696.4,2757.0,939.4
ORD100539,2025-11-10,20251110,CUST1029,PRD101,5,2720.52,314.58,13288.02,10155.95,3132.07
ORD100992,2025-11-10,20251110,CUST1100,PRD101,5,2720.52,64.93,13537.67,10155.95,3381.72
ORD105131,2025-11-10,20251110,CUST1021,PRD103,5,2340.88,540.95,11163.45,6155.8,5007.65
ORD105570,2025-11-11,20251111,CUST1244,PRD130,4,555.04,291.73,1928.43,1298.8,629.63
ORD103552,2025-11-11,20251111,CUST1232,PRD101,4,2720.52,1499.4,9382.68,8124.76,1257.92
ORD103369,2025-11-11,20251111,CUST1198,PRD125,3,831.8,13.05,2482.35,1821.78,660.57
ORD102609,2025-11-11,20251111,CUST1225,PRD103,3,2340.88,413.41,6609.23,3693.48,2915.75
ORD100863,2025-11-11,20251111,CUST1217,PRD116,5,6250.5,4035.32,27217.18,22061.35,5155.83
ORD103429,2025-11-11,20251111,CUST1134,PRD124,4,1557.69,865.7,5365.06,3741.92,1623.14
ORD100695,2025-11-11,20251111,CUST1210,PRD126,1,2373.84,162.45,2211.39,1650.85,560.54
ORD105560,2025-11-11,20251111,CUST1046,PRD103,4,2340.88,525.21,8838.31,4924.64,3913.67
ORD100746,2025-11-11,20251111,CUST1121,PRD125,2,831.8,197.02,1466.58,1214.52,252.06
ORD100464,2025-11-11,20251111,CUST1136,PRD130,1,555.04,51.55,503.49,324.7,178.79
ORD103580,2025-11-11,20251111,CUST1036,PRD131,2,878.01,43.11,1712.91,864.02,848.89
ORD106049,2025-11-11,20251111,CUST1206,PRD101,5,2720.52,347.96,13254.64,10155.95,3098.69
ORD100603,2025-11-12,20251112,CUST1147,PRD126,4,2373.84,1074.54,8420.82,6603.4,1817.42
ORD102736,2025-11-12,20251112,CUST1056,PRD110,4,1138.64,55.38,4499.18,2075.0,2424.18
ORD102592,2025-11-12,20251112,CUST1051,PRD109,2,740.34,114.13,1366.55,1102.8,263.75
ORD105537,2025-11-12,20251112,CUST1010,PRD101,4,2720.52,1569.53,9312.55,8124.76,1187.79
ORD102964,2025-11-12,20251112,CUST1198,PRD125,2,831.8,105.4,1558.2,1214.52,343.68
ORD100086,2025-11-12,20251112,CUST1068,PRD126,5,2373.84,1448.64,10420.56,8254.25,2166.31
ORD101638,2025-11-12,20251112,CUST1062,PRD112,5,2391.88,756.05,11203.35,8100.85,3102.5
ORD104415,2025-11-12,20251112,CUST1206,PRD130,1,555.04,74.67,480.37,324.7,155.67
ORD104499,2025-11-12,20251112,CUST1042,PRD104,5,8667.94,5282.54,38057.16,15502.65,22554.51
ORD104152,2025-11-12,20251112,CUST1021,PRD109,2,740.34,47.89,1432.79,1102.8,329.99
ORD103934,2025-11-12,20251112,CUST1003,PRD127,1,2448.22,62.11,2386.11,1339.43,1046.68
ORD100305,2025-11-12,20251112,CUST1035,PRD120,3,11941.0,705.29,35117.71,20903.22,14214.49
ORD100886,2025-11-12,20251112,CUST1126,PRD124,5,1557.69,786.46,7001.99,4677.4,2324.59
ORD105929,2025-11-12,20251112,CUST1219,PRD113,4,2682.38,1128.31,9601.21,6280.96,3320.25
ORD105941,2025-11-13,20251113,CUST1249,PRD101,5,2720.52,165.54,13437.06,10155.95,3281.11
ORD105767,2025-11-13,20251113,CUST1145,PRD124,4,1557.69,640.45,5590.31,3741.92,1848.39
ORD104122,2025-11-13,20251113,CUST1029,PRD124,2,1557.69,457.16,2658.22,1870.96,787.26
ORD104951,2025-11-13,20251113,CUST1076,PRD127,2,2448.22,306.15,4590.29,2678.86,1911.43
ORD102116,2025-11-13,20251113,CUST1218,PRD101,1,2720.52,336.26,2384.26,2031.19,353.07
ORD104210,2025-11-14,20251114,CUST1051,PRD113,5,2682.38,1847.51,11564.39,7851.2,3713.19
ORD105283,2025-11-14,20251114,CUST1169,PRD101,3,2720.52,572.74,7588.82,6093.57,1495.25
ORD104634,2025-11-14,20251114,CUST1243,PRD130,2,555.04,133.27,976.81,649.4,327.41
ORD100654,2025-11-14,20251114,CUST1246,PRD109,2,740.34,60.56,1420.12,1102.8,317.32
ORD105532,2025-11-14,20251114,CUST1212,PRD122,4,1341.58,235.54,5130.78,3372.16,1758.62
ORD103553,2025-11-14,20251114,CUST1001,PRD116,1,6250.5,299.57,5950.93,4412.27,1538.66
ORD103231,2025-11-14,20251114,CUST1150,PRD113,5,2682.38,1386.93,12024.97,7851.2,4173.77
ORD100714,2025-11-14,20251114,CUST1205,PRD122,4,1341.58,309.82,5056.5,3372.16,1684.34
ORD105952,2025-11-14,20251114,CUST1055,PRD124,3,1557.69,21.58,4651.49,2806.44,1845.05
ORD105025,2025-11-14,20251114,CUST1125,PRD109,2,740.34,67.12,1413.56,1102.8,310.76
ORD104836,2025-11-14,20251114,CUST1164,PRD109,4,740.34,365.19,2596.17,2205.6,390.57
ORD100502,2025-11-14,20251114,CUST1189,PRD115,1,2955.79,299.35,2656.44,1549.18,1107.26
ORD101377,2025-11-14,20251114,CUST1230,PRD130,1,555.04,79.35,475.69,324.7,150.99
ORD104991,2025-11-14,20251114,CUST1122,PRD105,3,1128.05,87.65,3296.5,2489.25,807.25
ORD104993,2025-11-15,20251115,CUST1141,PRD113,2,2682.38,68.79,5295.97,3140.48,2155.49
ORD102759,2025-11-15,20251115,CUST1004,PRD103,4,2340.88,186.34,9177.18,4924.64,4252.54
ORD100801,2025-11-15,20251115,CUST1085,PRD105,5,1128.05,527.61,5112.64,4148.75,963.89
ORD100256,2025-11-15,20251115,CUST1039,PRD125,3,831.8,339.34,2156.06,1821.78,334.28
ORD100357,2025-11-15,20251115,CUST1063,PRD131,1,878.01,50.47,827.54,432.01,395.53
ORD105704,2025-11-15,20251115,CUST1011,PRD109,3,740.34,264.65,1956.37,1654.2,302.17
ORD100936,2025-11-15,20251115,CUST1248,PRD125,2,831.8,50.24,1613.36,1214.52,398.84
ORD105987,2025-11-15,20251115,CUST1000,PRD125,4,831.8,229.53,3097.67,2429.04,668.63
ORD102918,2025-11-15,20251115,CUST1144,PRD131,3,878.01,12.5,2621.53,1296.03,1325.5
ORD100237,2025-11-15,20251115,CUST1081,PRD110,4,1138.64,139.58,4414.98,2075.0,2339.98
ORD104124,2025-11-15,20251115,CUST1061,PRD122,3,1341.58,134.41,3890.33,2529.12,1361.21
ORD100947,2025-11-15,20251115,CUST1235,PRD122,2,1341.58,381.22,2301.94,1686.08,615.86
ORD100879,2025-11-15,20251115,CUST1168,PRD101,2,2720.52,496.13,4944.91,4062.38,882.53
ORD102057,2025-11-15,20251115,CUST1166,PRD122,3,1341.58,474.9,3549.84,2529.12,1020.72
ORD103093,2025-11-15,20251115,CUST1110,PRD130,3,555.04,10.98,1654.14,974.1,680.04
ORD102227,2025-11-15,20251115,CUST1023,PRD122,3,1341.58,425.22,3599.52,2529.12,1070.4
ORD100671,2025-11-15,20251115,CUST1145,PRD101,4,2720.52,524.83,10357.25,8124.76,2232.49
ORD103906,2025-11-15,20251115,CUST1248,PRD110,4,1138.64,643.96,3910.6,2075.0,1835.6
ORD104857,2025-11-15,20251115,CUST1158,PRD131,1,878.01,81.05,796.96,432.01,364.95
ORD100792,2025-11-15,20251115,CUST1148,PRD131,3,878.01,99.73,2534.3,1296.03,1238.27
ORD102831,2025-11-16,20251116,CUST1060,PRD109,2,740.34,0.69,1479.99,1102.8,377.19
ORD103771,2025-11-16,20251116,CUST1138,PRD130,2,555.04,161.76,948.32,649.4,298.92
ORD101804,2025-11-16,20251116,CUST1002,PRD111,2,1653.05,446.76,2859.34,2431.64,427.7
ORD103785,2025-11-16,20251116,CUST1112,PRD123,2,1667.88,169.05,3166.71,2439.88,726.83
ORD104379,2025-11-16,20251116,CUST1195,PRD109,2,740.34,139.64,1341.04,1102.8,238.24
ORD105065,2025-11-16,20251116,CUST1206,PRD108,4,1410.45,570.23,5071.57,3052.08,2019.49
ORD104055,2025-11-16,20251116,CUST1242,PRD101,4,2720.52,687.3,10194.78,8124.76,2070.02
ORD104366,2025-11-16,20251116,CUST1192,PRD131,1,878.01,114.83,763.18,432.01,331.17
ORD100309,2025-11-17,20251117,CUST1236,PRD106,5,1484.26,681.19,6740.11,4597.8,2142.31
ORD101302,2025-11-17,20251117,CUST1064,PRD109,2,740.34,194.58,1286.1,1102.8,183.3
ORD101143,2025-11-17,20251117,CUST1110,PRD120,4,11941.0,4572.29,43191.71,27870.96,15320.75
ORD105400,2025-11-17,20251117,CUST1214,PRD127,3,2448.22,875.08,6469.58,4018.29,2451.29
ORD104257,2025-11-17,20251117,CUST1134,PRD122,5,1341.58,427.72,6280.18,4215.2,2064.98
ORD100191,2025-11-17,20251117,CUST1227,PRD131,4,878.01,482.48,3029.56,1728.04,1301.52
ORD104551,2025-11-17,20251117,CUST1243,PRD103,5,2340.88,1251.07,10453.33,6155.8,4297.53
ORD105287,2025-11-17,20251117,CUST1015,PRD116,4,6250.5,2421.22,22580.78,17649.08,4931.7
ORD103345,2025-11-17,20251117,CUST1127,PRD105,5,1128.05,383.54,5256.71,4148.75,1107.96
ORD101646,2025-11-17,20251117,CUST1186,PRD115,2,2955.79,803.84,5107.74,3098.36,2009.38
ORD103915,2025-11-17,20251117,CUST1151,PRD131,4,878.01,359.18,3152.86,1728.04,1424.82
ORD101478,2025-11-17,20251117,CUST1170,PRD109,2,740.34,131.29,1349.39,1102.8,246.59
ORD102292,2025-11-17,20251117,CUST1144,PRD109,1,740.34,1.82,738.52,551.4,187.12
ORD100730,2025-11-18,20251118,CUST1075,PRD106,5,1484.26,665.18,6756.12,4597.8,2158.32
ORD102758,2025-11-18,20251118,CUST1002,PRD131,3,878.01,304.4,2329.63,1296.03,1033.6
ORD100029,2025-11-18,20251118,CUST1165,PRD122,5,1341.58,733.4,5974.5,4215.2,1759.3
ORD104930,2025-11-18,20251118,CUST1029,PRD113,1,2682.38,243.23,2439.15,1570.24,868.91
ORD102206,2025-11-18,20251118,CUST1076,PRD131,2,878.01,2.57,1753.45,864.02,889.43
ORD105407,2025-11-18,20251118,CUST1187,PRD127,4,2448.22,373.82,9419.06,5357.72,4061.34
ORD105604,2025-11-18,20251118,CUST1134,PRD122,3,1341.58,283.68,3741.06,2529.12,1211.94
ORD101597,2025-11-18,20251118,CUST1105,PRD130,2,555.04,59.38,1050.7,649.4,401.3
ORD103403,2025-11-19,20251119,CUST1071,PRD127,4,2448.22,723.77,9069.11,5357.72,3711.39
ORD104107,2025-11-19,20251119,CUST1022,PRD105,3,1128.05,390.34,2993.81,2489.25,504.56
ORD102919,2025-11-19,20251119,CUST1207,PRD122,4,1341.58,249.46,5116.86,3372.16,1744.7
ORD101936,2025-11-19,20251119,CUST1015,PRD101,3,2720.52,293.3,7868.26,6093.57,1774.69
ORD105464,2025-11-19,20251119,CUST1074,PRD109,4,740.34,97.79,2863.57,2205.6,657.97
ORD105811,2025-11-19,20251119,CUST1118,PRD110,1,1138.64,4.42,1134.22,518.75,615.47
ORD105679,2025-11-19,20251119,CUST1040,PRD131,2,878.01,105.29,1650.73,864.02,786.71
ORD103877,2025-11-20,20251120,CUST1133,PRD108,3,1410.45,50.61,4180.74,2289.06,1891.68
ORD101262,2025-11-20,20251120,CUST1113,PRD131,4,878.01,524.0,2988.04,1728.04,1260.0
ORD103091,2025-11-20,20251120,CUST1085,PRD125,4,831.8,392.65,2934.55,2429.04,505.51
ORD105688,2025-11-20,20251120,CUST1190,PRD127,1,2448.22,39.82,2408.4,1339.43,1068.97
ORD104716,2025-11-20,20251120,CUST1114,PRD131,1,878.01,121.26,756.75,432.01,324.74
ORD105629,2025-11-20,20251120,CUST1219,PRD131,5,878.01,392.87,3997.18,2160.05,1837.13
ORD100833,2025-11-20,20251120,CUST1146,PRD113,1,2682.38,111.39,2570.99,1570.24,1000.75
ORD101833,2025-11-20,20251120,CUST1126,PRD124,5,1557.69,273.36,7515.09,4677.4,2837.69
ORD102505,2025-11-21,20251121,CUST1098,PRD122,4,1341.58,617.03,4749.29,3372.16,1377.13
ORD102082,2025-11-21,20251121,CUST1063,PRD110,5,1138.64,579.3,5113.9,2593.75,2520.15
ORD102711,2025-11-21,20251121,CUST1116,PRD125,4,831.8,491.63,2835.57,2429.04,406.53
ORD104258,2025-11-21,20251121,CUST1238,PRD116,5,6250.5,3285.76,27966.74,22061.35,5905.39
ORD104160,2025-11-21,20251121,CUST1045,PRD125,3,831.8,178.09,2317.31,1821.78,495.53
ORD106002,2025-11-21,20251121,CUST1151,PRD131,5,878.01,532.26,3857.79,2160.05,1697.74
ORD102716,2025-11-21,20251121,CUST1233,PRD131,1,878.01,15.01,863.0,432.01,430.99
ORD105916,2025-11-21,20251121,CUST1094,PRD127,2,2448.22,570.9,4325.54,2678.86,1646.68
ORD103821,2025-11-21,20251121,CUST1190,PRD131,2,878.01,60.94,1695.08,864.02,831.06
ORD105856,2025-11-21,20251121,CUST1121,PRD105,2,1128.05,95.88,2160.22,1659.5,500.72
ORD101612,2025-11-21,20251121,CUST1078,PRD124,1,1557.69,4.93,1552.76,935.48,617.28
ORD103197,2025-11-21,20251121,CUST1103,PRD113,2,2682.38,404.12,4960.64,3140.48,1820.16
ORD101399,2025-11-21,20251121,CUST1040,PRD125,5,831.8,579.53,3579.47,3036.3,543.17
ORD100914,2025-11-22,20251122,CUST1052,PRD131,1,878.01,39.5,838.51,432.01,406.5
ORD103176,2025-11-22,20251122,CUST1036,PRD122,4,1341.58,703.64,4662.68,3372.16,1290.52
ORD106093,2025-11-22,20251122,CUST1065,PRD116,4,6250.5,1198.65,23803.35,17649.08,6154.27
ORD104005,2025-11-22,20251122,CUST1154,PRD103,4,2340.88,371.44,8992.08,4924.64,4067.44
ORD100300,2025-11-22,20251122,CUST1098,PRD123,1,1667.88,58.62,1609.26,1219.94,389.32
ORD100451,2025-11-22,20251122,CUST1196,PRD131,1,878.01,123.98,754.03,432.01,322.02
ORD100644,2025-11-22,20251122,CUST1194,PRD124,4,1557.69,505.49,5725.27,3741.92,1983.35
ORD105680,2025-11-22,20251122,CUST1240,PRD101,4,2720.52,141.04,10741.04,8124.76,2616.28
ORD101979,2025-11-22,20251122,CUST1227,PRD127,3,2448.22,582.77,6761.89,4018.29,2743.6
ORD105918,2025-11-22,20251122,CUST1060,PRD103,3,2340.88,435.32,6587.32,3693.48,2893.84
ORD105517,2025-11-23,20251123,CUST1022,PRD131,2,878.01,250.45,1505.57,864.02,641.55
ORD101379,2025-11-23,20251123,CUST1074,PRD131,3,878.01,80.56,2553.47,1296.03,1257.44
ORD100756,2025-11-23,20251123,CUST1247,PRD108,3,1410.45,439.23,3792.12,2289.06,1503.06
ORD101835,2025-11-23,20251123,CUST1164,PRD120,4,11941.0,777.18,46986.82,27870.96,19115.86
ORD105457,2025-11-23,20251123,CUST1148,PRD124,5,1557.69,920.34,6868.11,4677.4,2190.71
ORD102796,2025-11-23,20251123,CUST1168,PRD122,3,1341.58,553.47,3471.27,2529.12,942.15
ORD100154,2025-11-23,20251123,CUST1161,PRD106,5,1484.26,634.74,6786.56,4597.8,2188.76
ORD102256,2025-11-23,20251123,CUST1026,PRD124,5,1557.69,1146.74,6641.71,4677.4,1964.31
ORD102671,2025-11-23,20251123,CUST1206,PRD131,4,878.01,141.58,3370.46,1728.04,1642.42
ORD106075,2025-11-23,20251123,CUST1029,PRD125,1,831.8,111.34,720.46,607.26,113.2
ORD103626,2025-11-24,20251124,CUST1172,PRD113,5,2682.38,1837.52,11574.38,7851.2,3723.18
ORD105849,2025-11-24,20251124,CUST1220,PRD122,5,1341.58,129.79,6578.11,4215.2,2362.91
ORD100906,2025-11-24,20251124,CUST1123,PRD124,4,1557.69,541.6,5689.16,3741.92,1947.24
ORD105623,2025-11-24,20251124,CUST1090,PRD127,1,2448.22,38.83,2409.39,1339.43,1069.96
ORD102474,2025-11-24,20251124,CUST1152,PRD122,4,1341.58,755.59,4610.73,3372.16,1238.57
ORD105745,2025-11-24,20251124,CUST1083,PRD125,4,831.8,425.81,2901.39,2429.04,472.35
ORD100565,2025-11-24,20251124,CUST1073,PRD122,1,1341.58,166.32,1175.26,843.04,332.22
ORD104025,2025-11-24,20251124,CUST1143,PRD109,4,740.34,391.67,2569.69,2205.6,364.09
ORD105416,2025-11-24,20251124,CUST1026,PRD105,1,1128.05,70.79,1057.26,829.75,227.51
ORD106061,2025-11-24,20251124,CUST1216,PRD131,5,878.01,16.37,4373.68,2160.05,2213.63
ORD101157,2025-11-24,20251124,CUST1223,PRD131,3,878.01,81.23,2552.8,1296.03,1256.77
ORD102396,2025-11-24,20251124,CUST1047,PRD108,2,1410.45,341.83,2479.07,1526.04,953.03
ORD105088,2025-11-24,20251124,CUST1097,PRD112,4,2391.88,1281.04,8286.48,6480.68,1805.8
ORD105646,2025-11-24,20251124,CUST1183,PRD122,1,1341.58,109.94,1231.64,843.04,388.6
ORD103078,2025-11-24,20251124,CUST1157,PRD105,4,1128.05,601.63,3910.57,3319.0,591.57
ORD106140,2025-11-25,20251125,CUST1113,PRD110,1,1138.64,12.63,1126.01,518.75,607.26
ORD105144,2025-11-25,20251125,CUST1037,PRD116,3,6250.5,486.57,18264.93,13236.81,5028.12
ORD102751,2025-11-25,20251125,CUST1239,PRD122,5,1341.58,245.61,6462.29,4215.2,2247.09
ORD105805,2025-11-25,20251125,CUST1141,PRD131,5,878.01,230.67,4159.38,2160.05,1999.33
ORD102838,2025-11-25,20251125,CUST1071,PRD131,1,878.01,105.28,772.73,432.01,340.72
ORD105983,2025-11-25,20251125,CUST1025,PRD101,2,2720.52,734.68,4706.36,4062.38,643.98
ORD102920,2025-11-25,20251125,CUST1087,PRD127,3,2448.22,930.06,6414.6,4018.29,2396.31
ORD100129,2025-11-25,20251125,CUST1092,PRD113,3,2682.38,117.97,7929.17,4710.72,3218.45
ORD102283,2025-11-25,20251125,CUST1099,PRD131,3,878.01,54.75,2579.28,1296.03,1283.25
ORD105224,2025-11-26,20251126,CUST1097,PRD113,4,2682.38,562.18,10167.34,6280.96,3886.38
ORD104052,2025-11-26,20251126,CUST1028,PRD105,1,1128.05,71.34,1056.71,829.75,226.96
ORD104625,2025-11-26,20251126,CUST1148,PRD116,1,6250.5,881.84,5368.66,4412.27,956.39
ORD105409,2025-11-26,20251126,CUST1087,PRD122,4,1341.58,773.07,4593.25,3372.16,1221.09
ORD101788,2025-11-26,20251126,CUST1125,PRD108,3,1410.45,195.34,4036.01,2289.06,1746.95
ORD104782,2025-11-27,20251127,CUST1012,PRD125,1,831.8,34.37,797.43,607.26,190.17
ORD105373,2025-11-27,20251127,CUST1086,PRD127,5,2448.22,1688.76,10552.34,6697.15,3855.19
ORD102048,2025-11-27,20251127,CUST1033,PRD101,2,2720.52,679.39,4761.65,4062.38,699.27
ORD101731,2025-11-27,20251127,CUST1037,PRD131,5,878.01,81.51,4308.54,2160.05,2148.49
ORD100050,2025-11-27,20251127,CUST1156,PRD125,3,831.8,198.58,2296.82,1821.78,475.04
ORD105661,2025-11-27,20251127,CUST1094,PRD131,1,878.01,48.11,829.9,432.01,397.89
ORD100441,2025-11-27,20251127,CUST1182,PRD110,2,1138.64,59.31,2217.97,1037.5,1180.47
ORD103314,2025-11-27,20251127,CUST1198,PRD124,2,1557.69,208.14,2907.24,1870.96,1036.28
ORD103772,2025-11-27,20251127,CUST1055,PRD122,4,1341.58,216.69,5149.63,3372.16,1777.47
ORD105676,2025-11-27,20251127,CUST1074,PRD127,5,2448.22,633.61,11607.49,6697.15,4910.34
ORD106109,2025-11-27,20251127,CUST1035,PRD109,3,740.34,100.88,2120.14,1654.2,465.94
ORD100212,2025-11-27,20251127,CUST1040,PRD115,2,2955.79,30.43,5881.15,3098.36,2782.79
ORD102433,2025-11-27,20251127,CUST1235,PRD101,1,2720.52,123.91,2596.61,2031.19,565.42
ORD105113,2025-11-27,20251127,CUST1043,PRD124,1,1557.69,135.86,1421.83,935.48,486.35
ORD100046,2025-11-27,20251127,CUST1152,PRD101,5,2720.52,580.77,13021.83,10155.95,2865.88
ORD101499,2025-11-27,20251127,CUST1210,PRD131,1,878.01,117.24,760.77,432.01,328.76
ORD101874,2025-11-27,20251127,CUST1048,PRD127,4,2448.22,64.41,9728.47,5357.72,4370.75
ORD105603,2025-11-27,20251127,CUST1004,PRD104,1,8667.94,872.61,7795.33,3100.53,4694.8
ORD104246,2025-11-28,20251128,CUST1040,PRD130,2,555.04,21.65,1088.43,649.4,439.03
ORD105486,2025-11-28,20251128,CUST1062,PRD112,3,2391.88,496.93,6678.71,4860.51,1818.2
ORD104071,2025-11-28,20251128,CUST1115,PRD116,3,6250.5,2587.12,16164.38,13236.81,2927.57
ORD100253,2025-11-28,20251128,CUST1099,PRD124,2,1557.69,115.44,2999.94,1870.96,1128.98
ORD103998,2025-11-28,20251128,CUST1181,PRD116,5,6250.5,2046.67,29205.83,22061.35,7144.48
ORD102393,2025-11-29,20251129,CUST1244,PRD110,4,1138.64,23.3,4531.26,2075.0,2456.26
ORD105848,2025-11-29,20251129,CUST1065,PRD122,3,1341.58,145.68,3879.06,2529.12,1349.94
ORD103291,2025-11-29,20251129,CUST1052,PRD110,3,1138.64,121.79,3294.13,1556.25,1737.88
ORD101021,2025-11-29,20251129,CUST1150,PRD124,3,1557.69,91.38,4581.69,2806.44,1775.25
ORD100443,2025-11-29,20251129,CUST1080,PRD110,1,1138.64,162.65,975.99,518.75,457.24
ORD100578,2025-11-30,20251130,CUST1027,PRD123,1,1667.88,113.49,1554.39,1219.94,334.45
ORD104102,2025-11-30,20251130,CUST1100,PRD115,5,2955.79,156.52,14622.43,7745.9,6876.53
ORD102638,2025-11-30,20251130,CUST1013,PRD127,4,2448.22,543.28,9249.6,5357.72,3891.88
ORD103348,2025-11-30,20251130,CUST1225,PRD131,2,878.01,53.83,1702.19,864.02,838.17
ORD104436,2025-11-30,20251130,CUST1234,PRD109,3,740.34,32.61,2188.41,1654.2,534.21
ORD105862,2025-11-30,20251130,CUST1216,PRD112,3,2391.88,733.63,6442.01,4860.51,1581.5
ORD104826,2025-12-01,20251201,CUST1132,PRD103,1,2340.88,33.32,2307.56,1231.16,1076.4
ORD103510,2025-12-01,20251201,CUST1157,PRD111,1,1653.05,6.53,1646.52,1215.82,430.7
ORD101421,2025-12-01,20251201,CUST1238,PRD113,5,2682.38,1127.11,12284.79,7851.2,4433.59
ORD100780,2025-12-01,20251201,CUST1045,PRD105,1,1128.05,29.97,1098.08,829.75,268.33
ORD102805,2025-12-01,20251201,CUST1196,PRD109,2,740.34,32.73,1447.95,1102.8,345.15
ORD101730,2025-12-02,20251202,CUST1079,PRD108,1,1410.45,181.71,1228.74,763.02,465.72
ORD102960,2025-12-02,20251202,CUST1244,PRD124,5,1557.69,587.47,7200.98,4677.4,2523.58
ORD105051,2025-12-02,20251202,CUST1090,PRD127,1,2448.22,293.41,2154.81,1339.43,815.38
ORD101562,2025-12-02,20251202,CUST1125,PRD131,3,878.01,161.99,2472.04,1296.03,1176.01
ORD103774,2025-12-02,20251202,CUST1157,PRD105,3,1128.05,147.86,3236.29,2489.25,747.04
ORD104056,2025-12-02,20251202,CUST1178,PRD122,1,1341.58,79.86,1261.72,843.04,418.68
ORD104958,2025-12-02,20251202,CUST1212,PRD109,4,740.34,112.04,2849.32,2205.6,643.72
ORD105549,2025-12-02,20251202,CUST1039,PRD101,4,2720.52,15.55,10866.53,8124.76,2741.77
ORD101956,2025-12-02,20251202,CUST1083,PRD124,4,1557.69,719.36,5511.4,3741.92,1769.48
ORD104869,2025-12-02,20251202,CUST1008,PRD125,4,831.8,426.72,2900.48,2429.04,471.44
ORD102730,2025-12-02,20251202,CUST1126,PRD125,1,831.8,20.63,811.17,607.26,203.91
ORD104467,2025-12-02,20251202,CUST1161,PRD109,5,740.34,240.05,3461.65,2757.0,704.65
ORD100054,2025-12-02,20251202,CUST1123,PRD112,5,2391.88,1232.22,10727.18,8100.85,2626.33
ORD101178,2025-12-03,20251203,CUST1206,PRD126,1,2373.84,201.8,2172.04,1650.85,521.19
ORD105734,2025-12-03,20251203,CUST1055,PRD105,5,1128.05,369.07,5271.18,4148.75,1122.43
ORD105634,2025-12-03,20251203,CUST1053,PRD123,3,1667.88,413.68,4589.96,3659.82,930.14
ORD101327,2025-12-03,20251203,CUST1189,PRD103,4,2340.88,125.71,9237.81,4924.64,4313.17
ORD100993,2025-12-03,20251203,CUST1091,PRD103,1,2340.88,73.41,2267.47,1231.16,1036.31
ORD101552,2025-12-03,20251203,CUST1154,PRD110,5,1138.64,40.82,5652.38,2593.75,3058.63
ORD101656,2025-12-03,20251203,CUST1185,PRD110,3,1138.64,249.63,3166.29,1556.25,1610.04
ORD101341,2025-12-03,20251203,CUST1211,PRD101,3,2720.52,1087.35,7074.21,6093.57,980.64
ORD103117,2025-12-03,20251203,CUST1102,PRD103,5,2340.88,236.51,11467.89,6155.8,5312.09
ORD100744,2025-12-03,20251203,CUST1186,PRD123,4,1667.88,757.95,5913.57,4879.76,1033.81
ORD100207,2025-12-03,20251203,CUST1009,PRD110,1,1138.64,0.88,1137.76,518.75,619.01
ORD102692,2025-12-03,20251203,CUST1155,PRD103,5,2340.88,81.06,11623.34,6155.8,5467.54
ORD104931,2025-12-03,20251203,CUST1184,PRD131,3,878.01,307.57,2326.46,1296.03,1030.43
ORD104945,2025-12-04,20251204,CUST1181,PRD113,1,2682.38,366.11,2316.27,1570.24,746.03
ORD104850,2025-12-04,20251204,CUST1128,PRD125,1,831.8,121.84,709.96,607.26,102.7
ORD105474,2025-12-04,20251204,CUST1187,PRD130,5,555.04,310.84,2464.36,1623.5,840.86
ORD100232,2025-12-04,20251204,CUST1004,PRD110,5,1138.64,404.44,5288.76,2593.75,2695.01
ORD102793,2025-12-04,20251204,CUST1230,PRD131,2,878.01,127.27,1628.75,864.02,764.73
ORD101578,2025-12-04,20251204,CUST1152,PRD122,2,1341.58,284.26,2398.9,1686.08,712.82
ORD105949,2025-12-04,20251204,CUST1086,PRD131,3,878.01,337.13,2296.9,1296.03,1000.87
ORD100552,2025-12-04,20251204,CUST1203,PRD109,4,740.34,24.21,2937.15,2205.6,731.55
ORD100420,2025-12-04,20251204,CUST1075,PRD130,1,555.04,68.35,486.69,324.7,161.99
ORD100697,2025-12-04,20251204,CUST1128,PRD125,4,831.8,102.66,3224.54,2429.04,795.5
ORD105396,2025-12-04,20251204,CUST1090,PRD116,2,6250.5,443.98,12057.02,8824.54,3232.48
ORD100691,2025-12-05,20251205,CUST1249,PRD124,4,1557.69,88.96,6141.8,3741.92,2399.88
ORD103724,2025-12-05,20251205,CUST1011,PRD101,4,2720.52,647.81,10234.27,8124.76,2109.51
ORD103876,2025-12-05,20251205,CUST1200,PRD108,3,1410.45,276.02,3955.33,2289.06,1666.27
ORD106144,2025-12-05,20251205,CUST1188,PRD124,5,1557.69,767.76,7020.69,4677.4,2343.29
ORD100821,2025-12-05,20251205,CUST1003,PRD110,3,1138.64,475.82,2940.1,1556.25,1383.85
ORD104658,2025-12-05,20251205,CUST1248,PRD109,5,740.34,123.66,3578.04,2757.0,821.04
ORD103578,2025-12-05,20251205,CUST1036,PRD103,3,2340.88,522.72,6499.92,3693.48,2806.44
ORD104256,2025-12-06,20251206,CUST1077,PRD131,3,878.01,156.44,2477.59,1296.03,1181.56
ORD101181,2025-12-06,20251206,CUST1028,PRD127,3,2448.22,1029.07,6315.59,4018.29,2297.3
ORD106014,2025-12-06,20251206,CUST1068,PRD131,3,878.01,349.24,2284.79,1296.03,988.76
ORD106018,2025-12-06,20251206,CUST1074,PRD124,3,1557.69,527.58,4145.49,2806.44,1339.05
ORD100841,2025-12-06,20251206,CUST1078,PRD125,5,831.8,253.75,3905.25,3036.3,868.95
ORD105293,2025-12-06,20251206,CUST1007,PRD131,5,878.01,528.08,3861.97,2160.05,1701.92
ORD105842,2025-12-06,20251206,CUST1063,PRD103,5,2340.88,1070.68,10633.72,6155.8,4477.92
ORD100690,2025-12-06,20251206,CUST1066,PRD124,1,1557.69,195.71,1361.98,935.48,426.5
ORD104680,2025-12-06,20251206,CUST1212,PRD125,5,831.8,410.28,3748.72,3036.3,712.42
ORD102185,2025-12-06,20251206,CUST1111,PRD122,4,1341.58,318.8,5047.52,3372.16,1675.36
ORD103759,2025-12-06,20251206,CUST1072,PRD122,2,1341.58,137.72,2545.44,1686.08,859.36
ORD102734,2025-12-07,20251207,CUST1162,PRD122,1,1341.58,111.91,1229.67,843.04,386.63
ORD106121,2025-12-07,20251207,CUST1030,PRD124,5,1557.69,87.25,7701.2,4677.4,3023.8
ORD102541,2025-12-07,20251207,CUST1041,PRD116,1,6250.5,846.63,5403.87,4412.27,991.6
ORD104399,2025-12-07,20251207,CUST1143,PRD131,1,878.01,34.48,843.53,432.01,411.52
ORD104099,2025-12-07,20251207,CUST1039,PRD109,1,740.34,51.84,688.5,551.4,137.1
ORD102318,2025-12-07,20251207,CUST1107,PRD125,5,831.8,619.4,3539.6,3036.3,503.3
ORD101598,2025-12-07,20251207,CUST1040,PRD109,2,740.34,146.51,1334.17,1102.8,231.37
ORD106126,2025-12-07,20251207,CUST1061,PRD131,1,878.01,19.44,858.57,432.01,426.56
ORD100626,2025-12-08,20251208,CUST1140,PRD130,1,555.04,14.17,540.87,324.7,216.17
ORD105548,2025-12-08,20251208,CUST1115,PRD124,4,1557.69,657.45,5573.31,3741.92,1831.39
ORD102192,2025-12-08,20251208,CUST1117,PRD125,4,831.8,263.02,3064.18,2429.04,635.14
ORD104455,2025-12-08,20251208,CUST1057,PRD127,4,2448.22,438.94,9353.94,5357.72,3996.22
ORD105372,2025-12-08,20251208,CUST1123,PRD124,4,1557.69,305.68,5925.08,3741.92,2183.16
ORD104503,2025-12-08,20251208,CUST1122,PRD131,4,878.01,132.18,3379.86,1728.04,1651.82
ORD103439,2025-12-08,20251208,CUST1247,PRD110,3,1138.64,27.01,3388.91,1556.25,1832.66
ORD101577,2025-12-08,20251208,CUST1038,PRD128,3,577.0,39.68,1691.32,1160.76,530.56
ORD104745,2025-12-09,20251209,CUST1156,PRD125,5,831.8,399.01,3759.99,3036.3,723.69
ORD103531,2025-12-09,20251209,CUST1014,PRD122,3,1341.58,593.88,3430.86,2529.12,901.74
ORD100813,2025-12-09,20251209,CUST1009,PRD131,3,878.01,221.81,2412.22,1296.03,1116.19
ORD106145,2025-12-09,20251209,CUST1041,PRD109,3,740.34,304.24,1916.78,1654.2,262.58
ORD101823,2025-12-09,20251209,CUST1046,PRD113,1,2682.38,26.83,2655.55,1570.24,1085.31
ORD100610,2025-12-09,20251209,CUST1108,PRD113,2,2682.38,314.31,5050.45,3140.48,1909.97
ORD105385,2025-12-09,20251209,CUST1053,PRD115,5,2955.79,29.12,14749.83,7745.9,7003.93
ORD105417,2025-12-09,20251209,CUST1123,PRD103,1,2340.88,313.91,2026.97,1231.16,795.81
ORD101241,2025-12-09,20251209,CUST1240,PRD122,3,1341.58,305.47,3719.27,2529.12,1190.15
ORD102188,2025-12-09,20251209,CUST1129,PRD124,2,1557.69,64.43,3050.95,1870.96,1179.99
ORD100577,2025-12-10,20251210,CUST1155,PRD131,1,878.01,126.98,751.03,432.01,319.02
ORD103958,2025-12-10,20251210,CUST1095,PRD113,3,2682.38,952.92,7094.22,4710.72,2383.5
ORD102826,2025-12-10,20251210,CUST1113,PRD113,3,2682.38,1203.74,6843.4,4710.72,2132.68
ORD101992,2025-12-10,20251210,CUST1041,PRD113,4,2682.38,391.24,10338.28,6280.96,4057.32
ORD101794,2025-12-10,20251210,CUST1212,PRD110,2,1138.64,247.14,2030.14,1037.5,992.64
ORD101797,2025-12-10,20251210,CUST1062,PRD131,5,878.01,186.67,4203.38,2160.05,2043.33
ORD100618,2025-12-10,20251210,CUST1073,PRD122,4,1341.58,312.54,5053.78,3372.16,1681.62
ORD101826,2025-12-10,20251210,CUST1061,PRD110,4,1138.64,325.12,4229.44,2075.0,2154.44
ORD102565,2025-12-10,20251210,CUST1103,PRD112,1,2391.88,164.97,2226.91,1620.17,606.74
ORD100068,2025-12-10,20251210,CUST1076,PRD131,2,878.01,218.77,1537.25,864.02,673.23
ORD105414,2025-12-10,20251210,CUST1016,PRD108,1,1410.45,6.57,1403.88,763.02,640.86
ORD104473,2025-12-10,20251210,CUST1151,PRD122,3,1341.58,307.83,3716.91,2529.12,1187.79
ORD100636,2025-12-10,20251210,CUST1246,PRD128,4,577.0,85.68,2222.32,1547.68,674.64
ORD104449,2025-12-10,20251210,CUST1162,PRD131,1,878.01,72.09,805.92,432.01,373.91
ORD102157,2025-12-10,20251210,CUST1192,PRD116,3,6250.5,177.98,18573.52,13236.81,5336.71
ORD101441,2025-12-11,20251211,CUST1001,PRD124,5,1557.69,28.84,7759.61,4677.4,3082.21
ORD105576,2025-12-11,20251211,CUST1093,PRD130,4,555.04,190.53,2029.63,1298.8,730.83
ORD100844,2025-12-11,20251211,CUST1152,PRD125,5,831.8,126.06,4032.94,3036.3,996.64
ORD103111,2025-12-11,20251211,CUST1005,PRD126,5,2373.84,982.79,10886.41,8254.25,2632.16
ORD102380,2025-12-11,20251211,CUST1095,PRD101,3,2720.52,324.18,7837.38,6093.57,1743.81
ORD101445,2025-12-11,20251211,CUST1242,PRD113,1,2682.38,138.09,2544.29,1570.24,974.05
ORD104142,2025-12-11,20251211,CUST1142,PRD128,3,577.0,188.41,1542.59,1160.76,381.83
ORD104021,2025-12-11,20251211,CUST1220,PRD131,2,878.01,191.23,1564.79,864.02,700.77
ORD105558,2025-12-12,20251212,CUST1067,PRD122,4,1341.58,273.55,5092.77,3372.16,1720.61
ORD106099,2025-12-12,20251212,CUST1118,PRD122,2,1341.58,253.44,2429.72,1686.08,743.64
ORD100957,2025-12-12,20251212,CUST1221,PRD124,1,1557.69,77.63,1480.06,935.48,544.58
ORD104565,2025-12-12,20251212,CUST1186,PRD125,2,831.8,183.56,1480.04,1214.52,265.52
ORD101993,2025-12-12,20251212,CUST1074,PRD127,5,2448.22,907.55,11333.55,6697.15,4636.4
ORD103960,2025-12-13,20251213,CUST1046,PRD110,1,1138.64,23.03,1115.61,518.75,596.86
ORD104536,2025-12-13,20251213,CUST1076,PRD124,1,1557.69,117.95,1439.74,935.48,504.26
ORD101305,2025-12-13,20251213,CUST1120,PRD110,5,1138.64,256.48,5436.72,2593.75,2842.97
ORD105724,2025-12-13,20251213,CUST1106,PRD124,1,1557.69,121.71,1435.98,935.48,500.5
ORD103419,2025-12-13,20251213,CUST1027,PRD131,2,878.01,125.96,1630.06,864.02,766.04
ORD102595,2025-12-13,20251213,CUST1010,PRD109,1,740.34,74.99,665.35,551.4,113.95
ORD104268,2025-12-13,20251213,CUST1080,PRD131,4,878.01,17.43,3494.61,1728.04,1766.57
ORD105125,2025-12-13,20251213,CUST1174,PRD131,2,878.01,135.2,1620.82,864.02,756.8
ORD100762,2025-12-13,20251213,CUST1034,PRD125,4,831.8,441.74,2885.46,2429.04,456.42
ORD104865,2025-12-13,20251213,CUST1058,PRD131,1,878.01,89.84,788.17,432.01,356.16
ORD105598,2025-12-13,20251213,CUST1105,PRD124,4,1557.69,432.98,5797.78,3741.92,2055.86
ORD103292,2025-12-13,20251213,CUST1022,PRD103,5,2340.88,1135.8,10568.6,6155.8,4412.8
ORD102679,2025-12-14,20251214,CUST1247,PRD131,3,878.01,83.7,2550.33,1296.03,1254.3
ORD101685,2025-12-14,20251214,CUST1229,PRD124,2,1557.69,303.04,2812.34,1870.96,941.38
ORD105467,2025-12-14,20251214,CUST1076,PRD125,4,831.8,405.63,2921.57,2429.04,492.53
ORD103679,2025-12-14,20251214,CUST1081,PRD122,3,1341.58,5.88,4018.86,2529.12,1489.74
ORD102010,2025-12-14,20251214,CUST1018,PRD130,1,555.04,7.1,547.94,324.7,223.24
ORD102605,2025-12-14,20251214,CUST1195,PRD108,5,1410.45,458.14,6594.11,3815.1,2779.01
ORD100442,2025-12-14,20251214,CUST1015,PRD120,3,11941.0,3716.68,32106.32,20903.22,11203.1
ORD100221,2025-12-14,20251214,CUST1086,PRD116,3,6250.5,621.09,18130.41,13236.81,4893.6
ORD101596,2025-12-14,20251214,CUST1029,PRD131,5,878.01,144.31,4245.74,2160.05,2085.69
ORD100830,2025-12-14,20251214,CUST1026,PRD124,5,1557.69,865.23,6923.22,4677.4,2245.82
ORD100340,2025-12-14,20251214,CUST1193,PRD127,1,2448.22,106.09,2342.13,1339.43,1002.7
ORD100873,2025-12-14,20251214,CUST1193,PRD116,4,6250.5,2564.93,22437.07,17649.08,4787.99
ORD106030,2025-12-14,20251214,CUST1197,PRD124,3,1557.69,687.06,3986.01,2806.44,1179.57
ORD100881,2025-12-15,20251215,CUST1097,PRD105,2,1128.05,74.8,2181.3,1659.5,521.8
ORD105910,2025-12-15,20251215,CUST1005,PRD131,5,878.01,83.58,4306.47,2160.05,2146.42
ORD105674,2025-12-15,20251215,CUST1039,PRD103,1,2340.88,219.65,2121.23,1231.16,890.07
ORD105621,2025-12-15,20251215,CUST1152,PRD125,5,831.8,439.2,3719.8,3036.3,683.5
ORD101972,2025-12-15,20251215,CUST1175,PRD129,2,372.05,105.77,638.33,457.1,181.23
ORD100650,2025-12-16,20251216,CUST1008,PRD104,3,8667.94,2244.79,23759.03,9301.59,14457.44
ORD102151,2025-12-16,20251216,CUST1095,PRD124,4,1557.69,778.24,5452.52,3741.92,1710.6
ORD100257,2025-12-16,20251216,CUST1240,PRD125,4,831.8,98.8,3228.4,2429.04,799.36
ORD105510,2025-12-16,20251216,CUST1051,PRD125,4,831.8,222.52,3104.68,2429.04,675.64
ORD105685,2025-12-16,20251216,CUST1138,PRD125,4,831.8,161.43,3165.77,2429.04,736.73
ORD105539,2025-12-16,20251216,CUST1014,PRD108,5,1410.45,1020.15,6032.1,3815.1,2217.0
ORD104049,2025-12-16,20251216,CUST1014,PRD102,5,34011.42,9041.16,161015.94,67659.2,93356.74
ORD103596,2025-12-16,20251216,CUST1129,PRD103,4,2340.88,1213.87,8149.65,4924.64,3225.01
ORD104506,2025-12-16,20251216,CUST1055,PRD101,1,2720.52,238.71,2481.81,2031.19,450.62
ORD101169,2025-12-16,20251216,CUST1195,PRD107,1,14757.66,1371.17,13386.49,10523.38,2863.11
ORD100572,2025-12-16,20251216,CUST1017,PRD124,3,1557.69,670.78,4002.29,2806.44,1195.85
ORD103293,2025-12-17,20251217,CUST1049,PRD106,2,1484.26,210.39,2758.13,1839.12,919.01
ORD105478,2025-12-17,20251217,CUST1006,PRD130,4,555.04,20.57,2199.59,1298.8,900.79
ORD103354,2025-12-17,20251217,CUST1169,PRD125,4,831.8,230.04,3097.16,2429.04,668.12
ORD105333,2025-12-17,20251217,CUST1236,PRD125,1,831.8,16.6,815.2,607.26,207.94
ORD100307,2025-12-17,20251217,CUST1112,PRD117,3,3086.39,1167.06,8092.11,6262.53,1829.58
ORD102098,2025-12-17,20251217,CUST1005,PRD113,1,2682.38,323.01,2359.37,1570.24,789.13
ORD105314,2025-12-17,20251217,CUST1240,PRD103,1,2340.88,67.4,2273.48,1231.16,1042.32
ORD101366,2025-12-17,20251217,CUST1147,PRD127,4,2448.22,190.41,9602.47,5357.72,4244.75
ORD101939,2025-12-17,20251217,CUST1030,PRD112,5,2391.88,1059.95,10899.45,8100.85,2798.6
ORD101951,2025-12-18,20251218,CUST1116,PRD131,1,878.01,70.33,807.68,432.01,375.67
ORD100966,2025-12-18,20251218,CUST1015,PRD112,3,2391.88,929.64,6246.0,4860.51,1385.49
ORD103410,2025-12-18,20251218,CUST1107,PRD125,3,831.8,184.86,2310.54,1821.78,488.76
ORD100588,2025-12-18,20251218,CUST1191,PRD128,3,577.0,89.82,1641.18,1160.76,480.42
ORD103979,2025-12-18,20251218,CUST1001,PRD105,3,1128.05,134.9,3249.25,2489.25,760.0
ORD100710,2025-12-18,20251218,CUST1171,PRD124,4,1557.69,640.37,5590.39,3741.92,1848.47
ORD105423,2025-12-18,20251218,CUST1093,PRD104,1,8667.94,553.38,8114.56,3100.53,5014.03
ORD105440,2025-12-18,20251218,CUST1155,PRD131,3,878.01,109.03,2525.0,1296.03,1228.97
ORD103953,2025-12-18,20251218,CUST1247,PRD127,1,2448.22,0.02,2448.2,1339.43,1108.77
ORD101229,2025-12-19,20251219,CUST1102,PRD103,2,2340.88,180.72,4501.04,2462.32,2038.72
ORD105439,2025-12-19,20251219,CUST1213,PRD116,1,6250.5,388.73,5861.77,4412.27,1449.5
ORD101950,2025-12-19,20251219,CUST1048,PRD129,2,372.05,32.56,711.54,457.1,254.44
ORD103874,2025-12-19,20251219,CUST1220,PRD113,1,2682.38,262.79,2419.59,1570.24,849.35
ORD105866,2025-12-19,20251219,CUST1010,PRD130,5,555.04,6.6,2768.6,1623.5,1145.1
ORD105689,2025-12-19,20251219,CUST1140,PRD124,5,1557.69,927.4,6861.05,4677.4,2183.65
ORD103895,2025-12-20,20251220,CUST1097,PRD113,2,2682.38,240.61,5124.15,3140.48,1983.67
ORD101347,2025-12-20,20251220,CUST1048,PRD103,2,2340.88,54.22,4627.54,2462.32,2165.22
ORD101682,2025-12-20,20251220,CUST1122,PRD124,3,1557.69,594.13,4078.94,2806.44,1272.5
ORD101515,2025-12-20,20251220,CUST1138,PRD101,5,2720.52,184.01,13418.59,10155.95,3262.64
ORD101311,2025-12-20,20251220,CUST1029,PRD116,2,6250.5,587.58,11913.42,8824.54,3088.88
ORD104337,2025-12-20,20251220,CUST1108,PRD131,3,878.01,292.02,2342.01,1296.03,1045.98
ORD101185,2025-12-21,20251221,CUST1040,PRD124,5,1557.69,996.94,6791.51,4677.4,2114.11
ORD105538,2025-12-21,20251221,CUST1029,PRD125,3,831.8,336.29,2159.11,1821.78,337.33
ORD100136,2025-12-21,20251221,CUST1099,PRD125,1,831.8,45.62,786.18,607.26,178.92
ORD101651,2025-12-21,20251221,CUST1138,PRD124,2,1557.69,185.13,2930.25,1870.96,1059.29
ORD105039,2025-12-21,20251221,CUST1222,PRD101,5,2720.52,144.91,13457.69,10155.95,3301.74
ORD103658,2025-12-21,20251221,CUST1225,PRD131,1,878.01,89.88,788.13,432.01,356.12
ORD101649,2025-12-21,20251221,CUST1078,PRD109,4,740.34,318.35,2643.01,2205.6,437.41
ORD105462,2025-12-21,20251221,CUST1052,PRD112,5,2391.88,1461.68,10497.72,8100.85,2396.87
ORD101678,2025-12-21,20251221,CUST1115,PRD122,5,1341.58,918.87,5789.03,4215.2,1573.83
ORD105243,2025-12-21,20251221,CUST1050,PRD131,3,878.01,228.37,2405.66,1296.03,1109.63
ORD106149,2025-12-21,20251221,CUST1137,PRD116,4,6250.5,608.57,24393.43,17649.08,6744.35
ORD101980,2025-12-21,20251221,CUST1209,PRD103,5,2340.88,104.08,11600.32,6155.8,5444.52
ORD106033,2025-12-21,20251221,CUST1039,PRD113,3,2682.38,1174.69,6872.45,4710.72,2161.73
ORD102714,2025-12-21,20251221,CUST1037,PRD130,1,555.04,72.92,482.12,324.7,157.42
ORD102441,2025-12-21,20251221,CUST1235,PRD131,3,878.01,358.78,2275.25,1296.03,979.22
ORD102329,2025-12-22,20251222,CUST1049,PRD125,2,831.8,67.48,1596.12,1214.52,381.6
ORD105980,2025-12-22,20251222,CUST1034,PRD131,2,878.01,109.71,1646.31,864.02,782.29
ORD101355,2025-12-22,20251222,CUST1027,PRD110,5,1138.64,349.46,5343.74,2593.75,2749.99
ORD103497,2025-12-22,20251222,CUST1159,PRD125,4,831.8,225.78,3101.42,2429.04,672.38
ORD103084,2025-12-22,20251222,CUST1130,PRD116,5,6250.5,4297.35,26955.15,22061.35,4893.8
ORD103891,2025-12-22,20251222,CUST1043,PRD113,5,2682.38,1897.15,11514.75,7851.2,3663.55
ORD102552,2025-12-22,20251222,CUST1216,PRD125,4,831.8,112.11,3215.09,2429.04,786.05
ORD104810,2025-12-22,20251222,CUST1165,PRD115,2,2955.79,846.67,5064.91,3098.36,1966.55
ORD101962,2025-12-22,20251222,CUST1176,PRD123,1,1667.88,19.3,1648.58,1219.94,428.64
ORD101317,2025-12-22,20251222,CUST1012,PRD131,2,878.01,55.8,1700.22,864.02,836.2
ORD103415,2025-12-22,20251222,CUST1239,PRD127,1,2448.22,295.81,2152.41,1339.43,812.98
ORD101848,2025-12-22,20251222,CUST1151,PRD125,2,831.8,111.39,1552.21,1214.52,337.69
ORD104631,2025-12-22,20251222,CUST1173,PRD113,1,2682.38,93.53,2588.85,1570.24,1018.61
ORD105129,2025-12-22,20251222,CUST1080,PRD131,5,878.01,389.99,4000.06,2160.05,1840.01
ORD105544,2025-12-22,20251222,CUST1058,PRD110,4,1138.64,608.6,3945.96,2075.0,1870.96
ORD101991,2025-12-22,20251222,CUST1189,PRD122,2,1341.58,236.03,2447.13,1686.08,761.05
ORD105270,2025-12-23,20251223,CUST1117,PRD122,5,1341.58,157.76,6550.14,4215.2,2334.94
ORD102395,2025-12-23,20251223,CUST1159,PRD123,4,1667.88,836.97,5834.55,4879.76,954.79
ORD104911,2025-12-23,20251223,CUST1208,PRD110,2,1138.64,297.82,1979.46,1037.5,941.96
ORD100139,2025-12-23,20251223,CUST1122,PRD108,2,1410.45,167.05,2653.85,1526.04,1127.81
ORD106026,2025-12-23,20251223,CUST1134,PRD116,3,6250.5,1602.35,17149.15,13236.81,3912.34
ORD103241,2025-12-23,20251223,CUST1054,PRD122,1,1341.58,119.53,1222.05,843.04,379.01
ORD104471,2025-12-23,20251223,CUST1138,PRD124,4,1557.69,706.17,5524.59,3741.92,1782.67
ORD100074,2025-12-23,20251223,CUST1154,PRD120,2,11941.0,105.22,23776.78,13935.48,9841.3
ORD100435,2025-12-23,20251223,CUST1246,PRD125,5,831.8,24.4,4134.6,3036.3,1098.3
ORD100675,2025-12-23,20251223,CUST1211,PRD131,4,878.01,198.43,3313.61,1728.04,1585.57
ORD100810,2025-12-24,20251224,CUST1146,PRD127,2,2448.22,322.26,4574.18,2678.86,1895.32
ORD100432,2025-12-24,20251224,CUST1226,PRD131,4,878.01,504.25,3007.79,1728.04,1279.75
ORD101123,2025-12-24,20251224,CUST1206,PRD105,1,1128.05,125.54,1002.51,829.75,172.76
ORD103174,2025-12-24,20251224,CUST1090,PRD130,2,555.04,31.81,1078.27,649.4,428.87
ORD102326,2025-12-24,20251224,CUST1148,PRD116,2,6250.5,524.27,11976.73,8824.54,3152.19
ORD105358,2025-12-24,20251224,CUST1182,PRD128,5,577.0,241.3,2643.7,1934.6,709.1
ORD101461,2025-12-24,20251224,CUST1129,PRD115,4,2955.79,951.33,10871.83,6196.72,4675.11
ORD104342,2025-12-24,20251224,CUST1244,PRD105,2,1128.05,52.73,2203.37,1659.5,543.87
ORD105835,2025-12-24,20251224,CUST1054,PRD112,2,2391.88,385.71,4398.05,3240.34,1157.71
ORD103160,2025-12-24,20251224,CUST1027,PRD105,5,1128.05,204.32,5435.93,4148.75,1287.18
ORD102500,2025-12-24,20251224,CUST1083,PRD131,3,878.01,316.89,2317.14,1296.03,1021.11
ORD101630,2025-12-24,20251224,CUST1162,PRD120,4,11941.0,5789.37,41974.63,27870.96,14103.67
ORD103501,2025-12-24,20251224,CUST1010,PRD130,3,555.04,104.17,1560.95,974.1,586.85
ORD102740,2025-12-25,20251225,CUST1000,PRD116,3,6250.5,583.53,18167.97,13236.81,4931.16
ORD105846,2025-12-25,20251225,CUST1127,PRD131,2,878.01,231.97,1524.05,864.02,660.03
ORD102564,2025-12-25,20251225,CUST1149,PRD130,1,555.04,29.04,526.0,324.7,201.3
ORD103202,2025-12-25,20251225,CUST1226,PRD122,5,1341.58,638.37,6069.53,4215.2,1854.33
ORD103121,2025-12-25,20251225,CUST1225,PRD130,4,555.04,257.49,1962.67,1298.8,663.87
ORD105004,2025-12-25,20251225,CUST1078,PRD127,1,2448.22,203.9,2244.32,1339.43,904.89
ORD104375,2025-12-25,20251225,CUST1217,PRD116,5,6250.5,1207.43,30045.07,22061.35,7983.72
ORD104495,2025-12-25,20251225,CUST1028,PRD131,4,878.01,126.46,3385.58,1728.04,1657.54
ORD104771,2025-12-25,20251225,CUST1048,PRD116,3,6250.5,786.49,17965.01,13236.81,4728.2
ORD102110,2025-12-25,20251225,CUST1105,PRD129,5,372.05,208.83,1651.42,1142.75,508.67
ORD104795,2025-12-25,20251225,CUST1134,PRD116,5,6250.5,4626.57,26625.93,22061.35,4564.58
ORD102479,2025-12-25,20251225,CUST1091,PRD110,5,1138.64,617.43,5075.77,2593.75,2482.02
ORD103914,2025-12-25,20251225,CUST1155,PRD109,4,740.34,157.53,2803.83,2205.6,598.23
ORD105505,2025-12-25,20251225,CUST1175,PRD117,2,3086.39,446.99,5725.79,4175.02,1550.77
ORD100766,2025-12-25,20251225,CUST1043,PRD125,1,831.8,121.25,710.55,607.26,103.29
ORD100642,2025-12-26,20251226,CUST1152,PRD113,3,2682.38,86.89,7960.25,4710.72,3249.53
ORD104827,2025-12-26,20251226,CUST1085,PRD113,5,2682.38,1458.25,11953.65,7851.2,4102.45
ORD100332,2025-12-26,20251226,CUST1105,PRD131,5,878.01,234.41,4155.64,2160.05,1995.59
ORD102995,2025-12-26,20251226,CUST1247,PRD109,3,740.34,244.52,1976.5,1654.2,322.3
ORD105902,2025-12-26,20251226,CUST1021,PRD131,3,878.01,126.72,2507.31,1296.03,1211.28
ORD104603,2025-12-26,20251226,CUST1229,PRD131,3,878.01,17.7,2616.33,1296.03,1320.3
ORD105308,2025-12-26,20251226,CUST1076,PRD131,4,878.01,174.33,3337.71,1728.04,1609.67
ORD103009,2025-12-26,20251226,CUST1043,PRD131,3,878.01,122.92,2511.11,1296.03,1215.08
ORD100146,2025-12-26,20251226,CUST1224,PRD112,2,2391.88,241.84,4541.92,3240.34,1301.58
ORD105288,2025-12-26,20251226,CUST1037,PRD104,5,8667.94,581.78,42757.92,15502.65,27255.27
ORD102842,2025-12-26,20251226,CUST1045,PRD124,3,1557.69,604.82,4068.25,2806.44,1261.81
ORD101238,2025-12-26,20251226,CUST1178,PRD130,5,555.04,249.74,2525.46,1623.5,901.96
ORD102065,2025-12-26,20251226,CUST1220,PRD131,5,878.01,604.73,3785.32,2160.05,1625.27
ORD104434,2025-12-26,20251226,CUST1146,PRD131,2,878.01,161.08,1594.94,864.02,730.92
ORD103543,2025-12-26,20251226,CUST1194,PRD131,4,878.01,271.2,3240.84,1728.04,1512.8
ORD105311,2025-12-27,20251227,CUST1064,PRD105,2,1128.05,176.92,2079.18,1659.5,419.68
ORD100102,2025-12-27,20251227,CUST1043,PRD122,3,1341.58,63.18,3961.56,2529.12,1432.44
ORD102134,2025-12-27,20251227,CUST1020,PRD131,4,878.01,44.41,3467.63,1728.04,1739.59
ORD100778,2025-12-27,20251227,CUST1139,PRD101,2,2720.52,387.47,5053.57,4062.38,991.19
ORD105942,2025-12-27,20251227,CUST1185,PRD130,3,555.04,112.85,1552.27,974.1,578.17
ORD106029,2025-12-27,20251227,CUST1199,PRD112,3,2391.88,828.39,6347.25,4860.51,1486.74
ORD101628,2025-12-27,20251227,CUST1092,PRD124,3,1557.69,203.3,4469.77,2806.44,1663.33
ORD101201,2025-12-27,20251227,CUST1146,PRD110,4,1138.64,480.39,4074.17,2075.0,1999.17
ORD105717,2025-12-27,20251227,CUST1024,PRD126,1,2373.84,85.76,2288.08,1650.85,637.23
ORD102975,2025-12-27,20251227,CUST1245,PRD124,2,1557.69,373.18,2742.2,1870.96,871.24
ORD106082,2025-12-27,20251227,CUST1031,PRD131,4,878.01,202.03,3310.01,1728.04,1581.97
ORD102866,2025-12-28,20251228,CUST1003,PRD125,3,831.8,289.72,2205.68,1821.78,383.9
ORD105759,2025-12-28,20251228,CUST1047,PRD116,2,6250.5,1250.69,11250.31,8824.54,2425.77
ORD102414,2025-12-28,20251228,CUST1194,PRD124,1,1557.69,145.94,1411.75,935.48,476.27
ORD105375,2025-12-28,20251228,CUST1131,PRD131,2,878.01,148.37,1607.65,864.02,743.63
ORD101130,2025-12-28,20251228,CUST1221,PRD131,1,878.01,65.34,812.67,432.01,380.66
ORD102781,2025-12-28,20251228,CUST1028,PRD103,5,2340.88,1384.55,10319.85,6155.8,4164.05
ORD100950,2025-12-28,20251228,CUST1214,PRD125,5,831.8,68.49,4090.51,3036.3,1054.21
ORD101146,2025-12-28,20251228,CUST1144,PRD125,1,831.8,60.64,771.16,607.26,163.9
ORD103433,2025-12-29,20251229,CUST1176,PRD123,1,1667.88,110.74,1557.14,1219.94,337.2
ORD105246,2025-12-29,20251229,CUST1087,PRD101,3,2720.52,191.48,7970.08,6093.57,1876.51
ORD101540,2025-12-29,20251229,CUST1106,PRD131,3,878.01,231.53,2402.5,1296.03,1106.47
ORD103844,2025-12-29,20251229,CUST1055,PRD103,4,2340.88,1345.74,8017.78,4924.64,3093.14
ORD100559,2025-12-29,20251229,CUST1051,PRD116,1,6250.5,66.35,6184.15,4412.27,1771.88
ORD100260,2025-12-29,20251229,CUST1172,PRD131,2,878.01,98.47,1657.55,864.02,793.53
ORD100297,2025-12-30,20251230,CUST1144,PRD110,5,1138.64,790.96,4902.24,2593.75,2308.49
ORD102646,2025-12-30,20251230,CUST1045,PRD122,4,1341.58,771.86,4594.46,3372.16,1222.3
ORD104620,2025-12-30,20251230,CUST1130,PRD101,1,2720.52,371.16,2349.36,2031.19,318.17
ORD104298,2025-12-30,20251230,CUST1102,PRD109,5,740.34,23.13,3678.57,2757.0,921.57
ORD105739,2025-12-30,20251230,CUST1152,PRD106,2,1484.26,128.86,2839.66,1839.12,1000.54
ORD102312,2025-12-30,20251230,CUST1110,PRD101,2,2720.52,405.19,5035.85,4062.38,973.47
ORD105823,2025-12-30,20251230,CUST1106,PRD124,4,1557.69,347.26,5883.5,3741.92,2141.58
ORD105390,2025-12-30,20251230,CUST1041,PRD130,4,555.04,288.47,1931.69,1298.8,632.89
ORD103253,2025-12-30,20251230,CUST1034,PRD125,3,831.8,311.58,2183.82,1821.78,362.04
ORD104537,2025-12-30,20251230,CUST1014,PRD113,2,2682.38,126.03,5238.73,3140.48,2098.25
ORD103803,2025-12-30,20251230,CUST1233,PRD124,2,1557.69,419.06,2696.32,1870.96,825.36
ORD101098,2025-12-31,20251231,CUST1242,PRD124,5,1557.69,418.27,7370.18,4677.4,2692.78
ORD104577,2025-12-31,20251231,CUST1017,PRD108,3,1410.45,537.66,3693.69,2289.06,1404.63
ORD100334,2025-12-31,20251231,CUST1100,PRD105,4,1128.05,491.95,4020.25,3319.0,701.25
ORD105107,2025-12-31,20251231,CUST1031,PRD122,2,1341.58,224.49,2458.67,1686.08,772.59
ORD102242,2025-12-31,20251231,CUST1180,PRD125,1,831.8,4.09,827.71,607.26,220.45
ORD104112,2025-12-31,20251231,CUST1031,PRD120,2,11941.0,1769.27,22112.73,13935.48,8177.25
ORD103463,2025-12-31,20251231,CUST1002,PRD125,5,831.8,143.96,4015.04,3036.3,978.74
ORD105970,2025-12-31,20251231,CUST1217,PRD127,3,2448.22,662.35,6682.31,4018.29,2664.02
ORD101619,2025-12-31,20251231,CUST1090,PRD101,4,2720.52,1367.23,9514.85,8124.76,1390.09
ORD105412,2025-12-31,20251231,CUST1013,PRD122,5,1341.58,117.54,6590.36,4215.2,2375.16
ORD101566,2025-12-31,20251231,CUST1088,PRD123,5,1667.88,177.04,8162.36,6099.7,2062.66
ORD101175,2025-12-31,20251231,CUST1103,PRD127,2,2448.22,435.39,4461.05,2678.86,1782.19
